organization_id,name,organization_type,location_id,network_type,status,synthetic_flag
ORG-000001,Everest Trading 001,Front Company,LOC-000003,ORGANIZED_CRIME,Inactive,true
ORG-000002,Indigo Services 002,Digital Services Firm,LOC-000005,ORGANIZED_CRIME,Active,true
ORG-000003,Lotus Transport 003,Construction Firm,LOC-000007,KIDNAPPING,Active,true
ORG-000004,Delta Services 004,Shell-like Synthetic Entity,LOC-000008,HUMAN_TRAFFICKING,Inactive,true
ORG-000005,Northstar Trading 005,Legitimate Business,LOC-000010,NARCOTICS,Active,true
ORG-000006,Orion Logistics 006,Digital Services Firm,LOC-000015,ROBBERY_DACOITY,Inactive,true
ORG-000007,Aster Transport 007,Trading Company,LOC-000019,ROBBERY_DACOITY,Active,true
ORG-000008,Cedar Solutions 008,Trading Company,LOC-000024,CYBERCRIME,Active,true
ORG-000009,Everest Services 009,Digital Services Firm,LOC-000025,FINANCIAL_FRAUD,Inactive,true
ORG-000010,Delta Services 010,Transport Company,LOC-000029,MIXED_CRIME,Active,true
ORG-000011,Everest Transport 011,Trading Company,LOC-000031,CYBERCRIME,Active,true
ORG-000012,Harbor Trading 012,Shell-like Synthetic Entity,LOC-000036,ROBBERY_DACOITY,Inactive,true
ORG-000013,Indigo Logistics 013,Hospitality Business,LOC-000039,KIDNAPPING,Active,true
ORG-000014,Lotus Solutions 014,Front Company,LOC-000043,MIXED_CRIME,Active,true
ORG-000015,Northstar Enterprises 015,Legitimate Business,LOC-000048,ORGANIZED_CRIME,Active,true
ORG-000016,Northstar Trading 016,Digital Services Firm,LOC-000052,ORGANIZED_CRIME,Inactive,true
ORG-000017,Lotus Transport 017,Transport Company,LOC-000055,ROBBERY_DACOITY,Active,true
ORG-000018,Delta Solutions 018,Legitimate Business,LOC-000057,HUMAN_TRAFFICKING,Inactive,true
ORG-000019,Aster Enterprises 019,Transport Company,LOC-000059,MIXED_CRIME,Active,true
ORG-000020,Falcon Solutions 020,Construction Firm,LOC-000061,MIXED_CRIME,Active,true
ORG-000021,Aster Transport 021,Shell-like Synthetic Entity,LOC-000064,MIXED_CRIME,Active,true
ORG-000022,Aster Trading 022,Logistics Company,LOC-000066,FINANCIAL_FRAUD,Active,true
ORG-000023,Orion Services 023,Trading Company,LOC-000070,MIXED_CRIME,Active,true
ORG-000024,Northstar Solutions 024,Trading Company,LOC-000075,HUMAN_TRAFFICKING,Active,true
ORG-000025,Aster Trading 025,Legitimate Business,LOC-000076,MIXED_CRIME,Active,true
ORG-000026,Aster Trading 026,Logistics Company,LOC-000080,ORGANIZED_CRIME,Inactive,true
ORG-000027,Blue Enterprises 027,Legitimate Business,LOC-000082,MIXED_CRIME,Inactive,true
ORG-000028,Cedar Solutions 028,Construction Firm,LOC-000084,MIXED_CRIME,Inactive,true
ORG-000029,Everest Enterprises 029,Digital Services Firm,LOC-000087,CYBERCRIME,Active,true
ORG-000030,Delta Enterprises 030,Shell-like Synthetic Entity,LOC-000089,ORGANIZED_CRIME,Inactive,true
ORG-000031,Orion Solutions 031,Construction Firm,LOC-000092,ORGANIZED_CRIME,Inactive,true
ORG-000032,Orion Enterprises 032,Digital Services Firm,LOC-000093,ORGANIZED_CRIME,Active,true
ORG-000033,Everest Enterprises 033,Digital Services Firm,LOC-000095,ORGANIZED_CRIME,Active,true
ORG-000034,Blue Logistics 034,Hospitality Business,LOC-000099,ORGANIZED_CRIME,Inactive,true
ORG-000035,Cedar Logistics 035,Hospitality Business,LOC-000103,ROBBERY_DACOITY,Active,true
ORG-000036,Everest Trading 036,Logistics Company,LOC-000107,MIXED_CRIME,Inactive,true
ORG-000037,Aster Trading 037,Digital Services Firm,LOC-000108,ORGANIZED_CRIME,Inactive,true
ORG-000038,Everest Logistics 038,Legitimate Business,LOC-000111,ORGANIZED_CRIME,Active,true
ORG-000039,Indigo Services 039,Construction Firm,LOC-000113,FINANCIAL_FRAUD,Active,true
ORG-000040,Cedar Logistics 040,Digital Services Firm,LOC-000117,ORGANIZED_CRIME,Inactive,true
ORG-000041,Aster Solutions 041,Hospitality Business,LOC-000119,ORGANIZED_CRIME,Active,true
ORG-000042,Harbor Services 042,Logistics Company,LOC-000123,ORGANIZED_CRIME,Active,true
ORG-000043,Harbor Trading 043,Transport Company,LOC-000125,HUMAN_TRAFFICKING,Active,true
ORG-000044,Lotus Solutions 044,Shell-like Synthetic Entity,LOC-000126,HUMAN_TRAFFICKING,Active,true
ORG-000045,Falcon Transport 045,Front Company,LOC-000131,MIXED_CRIME,Inactive,true
ORG-000046,Cedar Transport 046,Construction Firm,LOC-000133,CYBERCRIME,Inactive,true
ORG-000047,Northstar Solutions 047,Transport Company,LOC-000137,MIXED_CRIME,Active,true
ORG-000048,Blue Trading 048,Construction Firm,LOC-000139,ORGANIZED_CRIME,Active,true
ORG-000049,Everest Logistics 049,Logistics Company,LOC-000140,ROBBERY_DACOITY,Active,true
ORG-000050,Cedar Logistics 050,Logistics Company,LOC-000144,ORGANIZED_CRIME,Inactive,true
ORG-000051,Blue Solutions 051,Construction Firm,LOC-000147,NARCOTICS,Inactive,true
ORG-000052,Indigo Solutions 052,Hospitality Business,LOC-000149,ORGANIZED_CRIME,Active,true
ORG-000053,Lotus Transport 053,Hospitality Business,LOC-000152,MIXED_CRIME,Active,true
ORG-000054,Lotus Enterprises 054,Transport Company,LOC-000155,ORGANIZED_CRIME,Active,true
ORG-000055,Harbor Services 055,Legitimate Business,LOC-000159,MIXED_CRIME,Active,true
ORG-000056,Falcon Solutions 056,Trading Company,LOC-000162,ORGANIZED_CRIME,Active,true
ORG-000057,Cedar Transport 057,Transport Company,LOC-000164,ORGANIZED_CRIME,Inactive,true
ORG-000058,Blue Enterprises 058,Front Company,LOC-000167,ROBBERY_DACOITY,Active,true
ORG-000059,Orion Transport 059,Hospitality Business,LOC-000169,NARCOTICS,Active,true
ORG-000060,Aster Solutions 060,Transport Company,LOC-000173,FINANCIAL_FRAUD,Active,true
ORG-000061,Cedar Logistics 061,Legitimate Business,LOC-000177,ORGANIZED_CRIME,Active,true
ORG-000062,Everest Enterprises 062,Shell-like Synthetic Entity,LOC-000181,MIXED_CRIME,Active,true
ORG-000063,Everest Transport 063,Front Company,LOC-000182,NARCOTICS,Active,true
ORG-000064,Harbor Logistics 064,Construction Firm,LOC-000185,NARCOTICS,Active,true
ORG-000065,Aster Trading 065,Digital Services Firm,LOC-000188,MIXED_CRIME,Inactive,true
ORG-000066,Pioneer Transport 066,Transport Company,LOC-000190,ORGANIZED_CRIME,Inactive,true
ORG-000067,Blue Trading 067,Logistics Company,LOC-000194,ORGANIZED_CRIME,Active,true
ORG-000068,Aster Enterprises 068,Logistics Company,LOC-000196,NARCOTICS,Inactive,true
ORG-000069,Pioneer Solutions 069,Hospitality Business,LOC-000200,MIXED_CRIME,Active,true
ORG-000070,Indigo Enterprises 070,Transport Company,LOC-000202,ORGANIZED_CRIME,Inactive,true
ORG-000071,Cedar Enterprises 071,Logistics Company,LOC-000205,NARCOTICS,Active,true
ORG-000072,Blue Services 072,Legitimate Business,LOC-000209,ORGANIZED_CRIME,Inactive,true
ORG-000073,Orion Enterprises 073,Logistics Company,LOC-000213,MIXED_CRIME,Active,true
ORG-000074,Orion Solutions 074,Legitimate Business,LOC-000215,ORGANIZED_CRIME,Active,true
ORG-000075,Northstar Services 075,Logistics Company,LOC-000220,MIXED_CRIME,Active,true
ORG-000076,Orion Services 076,Transport Company,LOC-000223,CYBERCRIME,Inactive,true
ORG-000077,Delta Solutions 077,Digital Services Firm,LOC-000227,FINANCIAL_FRAUD,Active,true
ORG-000078,Orion Logistics 078,Trading Company,LOC-000230,KIDNAPPING,Inactive,true
ORG-000079,Northstar Solutions 079,Trading Company,LOC-000233,ROBBERY_DACOITY,Inactive,true
ORG-000080,Pioneer Trading 080,Trading Company,LOC-000234,ROBBERY_DACOITY,Inactive,true
ORG-000081,Falcon Trading 081,Digital Services Firm,LOC-000239,ORGANIZED_CRIME,Active,true
ORG-000082,Harbor Enterprises 082,Transport Company,LOC-000243,MIXED_CRIME,Inactive,true
ORG-000083,Delta Enterprises 083,Shell-like Synthetic Entity,LOC-000246,ROBBERY_DACOITY,Active,true
ORG-000084,Pioneer Transport 084,Logistics Company,LOC-000248,ROBBERY_DACOITY,Active,true
ORG-000085,Lotus Solutions 085,Hospitality Business,LOC-000251,FINANCIAL_FRAUD,Active,true
ORG-000086,Blue Solutions 086,Shell-like Synthetic Entity,LOC-000253,ORGANIZED_CRIME,Inactive,true
ORG-000087,Everest Trading 087,Front Company,LOC-000257,MIXED_CRIME,Inactive,true
ORG-000088,Northstar Enterprises 088,Hospitality Business,LOC-000259,MIXED_CRIME,Active,true
ORG-000089,Northstar Trading 089,Legitimate Business,LOC-000263,MIXED_CRIME,Inactive,true
ORG-000090,Orion Services 090,Shell-like Synthetic Entity,LOC-000268,ORGANIZED_CRIME,Inactive,true
ORG-000091,Delta Solutions 091,Legitimate Business,LOC-000272,MIXED_CRIME,Inactive,true
ORG-000092,Everest Transport 092,Logistics Company,LOC-000275,FINANCIAL_FRAUD,Active,true
ORG-000093,Lotus Solutions 093,Hospitality Business,LOC-000277,NARCOTICS,Inactive,true
ORG-000094,Pioneer Trading 094,Trading Company,LOC-000280,ORGANIZED_CRIME,Active,true
ORG-000095,Delta Trading 095,Shell-like Synthetic Entity,LOC-000282,ORGANIZED_CRIME,Active,true
ORG-000096,Pioneer Transport 096,Transport Company,LOC-000284,HUMAN_TRAFFICKING,Active,true
ORG-000097,Harbor Trading 097,Construction Firm,LOC-000287,ROBBERY_DACOITY,Inactive,true
ORG-000098,Aster Enterprises 098,Construction Firm,LOC-000290,MIXED_CRIME,Active,true
ORG-000099,Pioneer Solutions 099,Digital Services Firm,LOC-000291,ORGANIZED_CRIME,Inactive,true
ORG-000100,Blue Enterprises 100,Construction Firm,LOC-000295,FINANCIAL_FRAUD,Active,true
ORG-000101,Pioneer Services 101,Hospitality Business,LOC-000298,ORGANIZED_CRIME,Active,true
ORG-000102,Blue Logistics 102,Hospitality Business,LOC-000305,KIDNAPPING,Active,true
ORG-000103,Indigo Enterprises 103,Transport Company,LOC-000308,MIXED_CRIME,Inactive,true
ORG-000104,Orion Trading 104,Construction Firm,LOC-000310,MIXED_CRIME,Inactive,true
ORG-000105,Everest Enterprises 105,Digital Services Firm,LOC-000312,ORGANIZED_CRIME,Active,true
ORG-000106,Pioneer Logistics 106,Front Company,LOC-000315,HUMAN_TRAFFICKING,Active,true
ORG-000107,Cedar Trading 107,Trading Company,LOC-000319,ROBBERY_DACOITY,Active,true
ORG-000108,Harbor Trading 108,Hospitality Business,LOC-000321,MIXED_CRIME,Active,true
ORG-000109,Northstar Logistics 109,Legitimate Business,LOC-000324,MIXED_CRIME,Active,true
ORG-000110,Lotus Services 110,Front Company,LOC-000327,ROBBERY_DACOITY,Active,true
ORG-000111,Northstar Enterprises 111,Construction Firm,LOC-000328,ROBBERY_DACOITY,Inactive,true
ORG-000112,Indigo Solutions 112,Trading Company,LOC-000333,NARCOTICS,Active,true
ORG-000113,Everest Services 113,Transport Company,LOC-000335,MIXED_CRIME,Active,true
ORG-000114,Everest Solutions 114,Trading Company,LOC-000339,CYBERCRIME,Active,true
ORG-000115,Falcon Enterprises 115,Construction Firm,LOC-000341,NARCOTICS,Inactive,true
ORG-000116,Delta Trading 116,Trading Company,LOC-000346,ROBBERY_DACOITY,Inactive,true
ORG-000117,Indigo Enterprises 117,Shell-like Synthetic Entity,LOC-000350,NARCOTICS,Inactive,true
ORG-000118,Blue Logistics 118,Digital Services Firm,LOC-000353,ORGANIZED_CRIME,Inactive,true
ORG-000119,Falcon Trading 119,Shell-like Synthetic Entity,LOC-000354,ORGANIZED_CRIME,Active,true
ORG-000120,Pioneer Services 120,Trading Company,LOC-000356,NARCOTICS,Active,true
ORG-000121,Harbor Logistics 121,Transport Company,LOC-000359,MIXED_CRIME,Active,true
ORG-000122,Everest Logistics 122,Transport Company,LOC-000363,MIXED_CRIME,Inactive,true
ORG-000123,Orion Services 123,Trading Company,LOC-000366,MIXED_CRIME,Active,true
ORG-000124,Delta Solutions 124,Logistics Company,LOC-000368,ORGANIZED_CRIME,Inactive,true
ORG-000125,Indigo Services 125,Transport Company,LOC-000373,MIXED_CRIME,Active,true
ORG-000126,Lotus Solutions 126,Construction Firm,LOC-000374,FINANCIAL_FRAUD,Active,true
ORG-000127,Delta Enterprises 127,Hospitality Business,LOC-000378,HUMAN_TRAFFICKING,Active,true
ORG-000128,Orion Enterprises 128,Hospitality Business,LOC-000381,ORGANIZED_CRIME,Inactive,true
ORG-000129,Falcon Transport 129,Legitimate Business,LOC-000382,MIXED_CRIME,Active,true
ORG-000130,Lotus Solutions 130,Legitimate Business,LOC-000386,NARCOTICS,Active,true
ORG-000131,Indigo Services 131,Front Company,LOC-000389,ORGANIZED_CRIME,Active,true
ORG-000132,Harbor Enterprises 132,Legitimate Business,LOC-000392,MIXED_CRIME,Active,true
ORG-000133,Cedar Services 133,Construction Firm,LOC-000394,MIXED_CRIME,Active,true
ORG-000134,Harbor Solutions 134,Logistics Company,LOC-000397,ORGANIZED_CRIME,Inactive,true
ORG-000135,Blue Services 135,Front Company,LOC-000400,ORGANIZED_CRIME,Active,true
ORG-000136,Northstar Enterprises 136,Hospitality Business,LOC-000402,ORGANIZED_CRIME,Active,true
ORG-000137,Lotus Logistics 137,Shell-like Synthetic Entity,LOC-000406,CYBERCRIME,Active,true
ORG-000138,Delta Logistics 138,Trading Company,LOC-000408,MIXED_CRIME,Active,true
ORG-000139,Delta Logistics 139,Legitimate Business,LOC-000410,ORGANIZED_CRIME,Active,true
ORG-000140,Harbor Transport 140,Legitimate Business,LOC-000413,MIXED_CRIME,Inactive,true
ORG-000141,Indigo Logistics 141,Trading Company,LOC-000415,FINANCIAL_FRAUD,Inactive,true
ORG-000142,Northstar Enterprises 142,Digital Services Firm,LOC-000417,ORGANIZED_CRIME,Inactive,true
ORG-000143,Blue Logistics 143,Trading Company,LOC-000420,NARCOTICS,Active,true
ORG-000144,Aster Services 144,Shell-like Synthetic Entity,LOC-000424,ORGANIZED_CRIME,Active,true
ORG-000145,Cedar Solutions 145,Transport Company,LOC-000425,ORGANIZED_CRIME,Inactive,true
ORG-000146,Pioneer Logistics 146,Logistics Company,LOC-000431,ORGANIZED_CRIME,Inactive,true
ORG-000147,Orion Enterprises 147,Construction Firm,LOC-000433,KIDNAPPING,Active,true
ORG-000148,Cedar Services 148,Legitimate Business,LOC-000434,MIXED_CRIME,Active,true
ORG-000149,Aster Trading 149,Logistics Company,LOC-000437,MIXED_CRIME,Active,true
ORG-000150,Delta Services 150,Trading Company,LOC-000440,FINANCIAL_FRAUD,Active,true
ORG-000151,Indigo Services 151,Front Company,LOC-000443,ORGANIZED_CRIME,Active,true
ORG-000152,Everest Logistics 152,Construction Firm,LOC-000445,ORGANIZED_CRIME,Inactive,true
ORG-000153,Cedar Logistics 153,Front Company,LOC-000452,CYBERCRIME,Active,true
ORG-000154,Everest Trading 154,Legitimate Business,LOC-000453,ORGANIZED_CRIME,Active,true
ORG-000155,Delta Transport 155,Trading Company,LOC-000458,NARCOTICS,Active,true
ORG-000156,Pioneer Enterprises 156,Logistics Company,LOC-000459,ROBBERY_DACOITY,Inactive,true
ORG-000157,Lotus Services 157,Front Company,LOC-000461,MIXED_CRIME,Active,true
ORG-000158,Lotus Services 158,Hospitality Business,LOC-000463,MIXED_CRIME,Inactive,true
ORG-000159,Orion Trading 159,Hospitality Business,LOC-000466,ORGANIZED_CRIME,Inactive,true
ORG-000160,Northstar Enterprises 160,Legitimate Business,LOC-000470,MIXED_CRIME,Inactive,true
ORG-000161,Orion Transport 161,Hospitality Business,LOC-000475,FINANCIAL_FRAUD,Active,true
ORG-000162,Pioneer Enterprises 162,Digital Services Firm,LOC-000479,ORGANIZED_CRIME,Active,true
ORG-000163,Orion Enterprises 163,Hospitality Business,LOC-000480,MIXED_CRIME,Active,true
ORG-000164,Northstar Transport 164,Trading Company,LOC-000484,ORGANIZED_CRIME,Active,true
ORG-000165,Orion Enterprises 165,Logistics Company,LOC-000487,NARCOTICS,Active,true
ORG-000166,Cedar Services 166,Front Company,LOC-000494,ORGANIZED_CRIME,Active,true
ORG-000167,Harbor Services 167,Construction Firm,LOC-000497,MIXED_CRIME,Active,true
ORG-000168,Blue Logistics 168,Legitimate Business,LOC-000500,NARCOTICS,Active,true
ORG-000169,Northstar Trading 169,Front Company,LOC-000504,NARCOTICS,Inactive,true
ORG-000170,Everest Transport 170,Legitimate Business,LOC-000506,ORGANIZED_CRIME,Active,true
ORG-000171,Everest Solutions 171,Hospitality Business,LOC-000507,MIXED_CRIME,Active,true
ORG-000172,Pioneer Trading 172,Logistics Company,LOC-000510,NARCOTICS,Inactive,true
ORG-000173,Falcon Enterprises 173,Trading Company,LOC-000513,NARCOTICS,Active,true
ORG-000174,Indigo Solutions 174,Transport Company,LOC-000515,MIXED_CRIME,Inactive,true
ORG-000175,Northstar Solutions 175,Legitimate Business,LOC-000517,FINANCIAL_FRAUD,Active,true
ORG-000176,Everest Logistics 176,Digital Services Firm,LOC-000520,ROBBERY_DACOITY,Active,true
ORG-000177,Northstar Transport 177,Digital Services Firm,LOC-000523,HUMAN_TRAFFICKING,Active,true
ORG-000178,Aster Enterprises 178,Hospitality Business,LOC-000526,KIDNAPPING,Active,true
ORG-000179,Northstar Solutions 179,Trading Company,LOC-000527,MIXED_CRIME,Inactive,true
ORG-000180,Northstar Logistics 180,Front Company,LOC-000529,KIDNAPPING,Active,true
ORG-000181,Orion Transport 181,Front Company,LOC-000532,MIXED_CRIME,Active,true
ORG-000182,Falcon Logistics 182,Hospitality Business,LOC-000536,ORGANIZED_CRIME,Active,true
ORG-000183,Cedar Enterprises 183,Shell-like Synthetic Entity,LOC-000538,KIDNAPPING,Active,true
ORG-000184,Indigo Logistics 184,Shell-like Synthetic Entity,LOC-000539,ORGANIZED_CRIME,Active,true
ORG-000185,Orion Transport 185,Transport Company,LOC-000541,FINANCIAL_FRAUD,Active,true
ORG-000186,Falcon Enterprises 186,Shell-like Synthetic Entity,LOC-000548,ORGANIZED_CRIME,Inactive,true
ORG-000187,Aster Services 187,Front Company,LOC-000550,FINANCIAL_FRAUD,Inactive,true
ORG-000188,Orion Transport 188,Logistics Company,LOC-000555,HUMAN_TRAFFICKING,Active,true
ORG-000189,Northstar Enterprises 189,Trading Company,LOC-000558,NARCOTICS,Active,true
ORG-000190,Orion Trading 190,Construction Firm,LOC-000559,ROBBERY_DACOITY,Active,true
ORG-000191,Delta Trading 191,Transport Company,LOC-000565,NARCOTICS,Active,true
ORG-000192,Cedar Services 192,Transport Company,LOC-000567,ORGANIZED_CRIME,Active,true
ORG-000193,Everest Solutions 193,Construction Firm,LOC-000571,MIXED_CRIME,Inactive,true
ORG-000194,Northstar Transport 194,Legitimate Business,LOC-000573,MIXED_CRIME,Inactive,true
ORG-000195,Pioneer Services 195,Transport Company,LOC-000576,ORGANIZED_CRIME,Active,true
ORG-000196,Aster Transport 196,Hospitality Business,LOC-000578,ROBBERY_DACOITY,Active,true
ORG-000197,Orion Services 197,Shell-like Synthetic Entity,LOC-000581,FINANCIAL_FRAUD,Active,true
ORG-000198,Cedar Enterprises 198,Digital Services Firm,LOC-000583,FINANCIAL_FRAUD,Active,true
ORG-000199,Pioneer Solutions 199,Shell-like Synthetic Entity,LOC-000587,KIDNAPPING,Inactive,true
ORG-000200,Everest Solutions 200,Trading Company,LOC-000592,KIDNAPPING,Inactive,true
ORG-000201,Indigo Solutions 201,Legitimate Business,LOC-000596,MIXED_CRIME,Active,true
ORG-000202,Everest Transport 202,Hospitality Business,LOC-000598,NARCOTICS,Active,true
ORG-000203,Everest Enterprises 203,Digital Services Firm,LOC-000601,MIXED_CRIME,Active,true
ORG-000204,Indigo Solutions 204,Construction Firm,LOC-000604,MIXED_CRIME,Active,true
ORG-000205,Lotus Trading 205,Transport Company,LOC-000605,MIXED_CRIME,Inactive,true
ORG-000206,Delta Enterprises 206,Hospitality Business,LOC-000612,FINANCIAL_FRAUD,Inactive,true
ORG-000207,Delta Solutions 207,Shell-like Synthetic Entity,LOC-000613,ORGANIZED_CRIME,Active,true
ORG-000208,Aster Logistics 208,Digital Services Firm,LOC-000615,HUMAN_TRAFFICKING,Active,true
ORG-000209,Cedar Services 209,Transport Company,LOC-000617,ORGANIZED_CRIME,Active,true
ORG-000210,Falcon Enterprises 210,Logistics Company,LOC-000621,FINANCIAL_FRAUD,Active,true
ORG-000211,Northstar Logistics 211,Transport Company,LOC-000626,ORGANIZED_CRIME,Inactive,true
ORG-000212,Cedar Trading 212,Digital Services Firm,LOC-000628,MIXED_CRIME,Active,true
ORG-000213,Everest Solutions 213,Front Company,LOC-000631,KIDNAPPING,Inactive,true
ORG-000214,Delta Transport 214,Construction Firm,LOC-000634,MIXED_CRIME,Inactive,true
ORG-000215,Cedar Solutions 215,Digital Services Firm,LOC-000637,HUMAN_TRAFFICKING,Active,true
ORG-000216,Orion Logistics 216,Shell-like Synthetic Entity,LOC-000642,NARCOTICS,Active,true
ORG-000217,Delta Enterprises 217,Logistics Company,LOC-000646,MIXED_CRIME,Active,true
ORG-000218,Blue Services 218,Digital Services Firm,LOC-000650,MIXED_CRIME,Inactive,true
ORG-000219,Aster Trading 219,Shell-like Synthetic Entity,LOC-000654,MIXED_CRIME,Active,true
ORG-000220,Delta Logistics 220,Front Company,LOC-000656,MIXED_CRIME,Inactive,true
ORG-000221,Blue Enterprises 221,Logistics Company,LOC-000658,MIXED_CRIME,Active,true
ORG-000222,Northstar Services 222,Legitimate Business,LOC-000662,ROBBERY_DACOITY,Active,true
ORG-000223,Orion Logistics 223,Front Company,LOC-000666,FINANCIAL_FRAUD,Active,true
ORG-000224,Blue Services 224,Construction Firm,LOC-000670,ORGANIZED_CRIME,Active,true
ORG-000225,Orion Logistics 225,Transport Company,LOC-000674,MIXED_CRIME,Active,true
ORG-000226,Orion Logistics 226,Transport Company,LOC-000677,CYBERCRIME,Inactive,true
ORG-000227,Harbor Trading 227,Trading Company,LOC-000678,ORGANIZED_CRIME,Active,true
ORG-000228,Falcon Logistics 228,Front Company,LOC-000683,ORGANIZED_CRIME,Inactive,true
ORG-000229,Northstar Trading 229,Digital Services Firm,LOC-000686,ROBBERY_DACOITY,Active,true
ORG-000230,Harbor Services 230,Transport Company,LOC-000690,ORGANIZED_CRIME,Inactive,true
ORG-000231,Northstar Trading 231,Front Company,LOC-000693,MIXED_CRIME,Inactive,true
ORG-000232,Blue Enterprises 232,Hospitality Business,LOC-000696,MIXED_CRIME,Active,true
ORG-000233,Indigo Logistics 233,Hospitality Business,LOC-000699,CYBERCRIME,Active,true
ORG-000234,Orion Transport 234,Legitimate Business,LOC-000701,KIDNAPPING,Inactive,true
ORG-000235,Delta Logistics 235,Trading Company,LOC-000705,ROBBERY_DACOITY,Active,true
ORG-000236,Aster Transport 236,Digital Services Firm,LOC-000707,ORGANIZED_CRIME,Inactive,true
ORG-000237,Blue Transport 237,Construction Firm,LOC-000708,FINANCIAL_FRAUD,Active,true
ORG-000238,Lotus Services 238,Logistics Company,LOC-000714,ORGANIZED_CRIME,Active,true
ORG-000239,Harbor Logistics 239,Hospitality Business,LOC-000716,NARCOTICS,Active,true
ORG-000240,Northstar Enterprises 240,Digital Services Firm,LOC-000721,FINANCIAL_FRAUD,Inactive,true
ORG-000241,Everest Trading 241,Transport Company,LOC-000725,ORGANIZED_CRIME,Active,true
ORG-000242,Pioneer Services 242,Trading Company,LOC-000726,MIXED_CRIME,Active,true
ORG-000243,Northstar Services 243,Digital Services Firm,LOC-000729,ORGANIZED_CRIME,Inactive,true
ORG-000244,Northstar Transport 244,Front Company,LOC-000731,NARCOTICS,Active,true
ORG-000245,Falcon Trading 245,Logistics Company,LOC-000736,MIXED_CRIME,Inactive,true
ORG-000246,Northstar Logistics 246,Construction Firm,LOC-000737,MIXED_CRIME,Active,true
ORG-000247,Harbor Transport 247,Hospitality Business,LOC-000741,ORGANIZED_CRIME,Inactive,true
ORG-000248,Cedar Solutions 248,Hospitality Business,LOC-000744,KIDNAPPING,Active,true
ORG-000249,Lotus Transport 249,Transport Company,LOC-000747,ORGANIZED_CRIME,Active,true
ORG-000250,Blue Transport 250,Trading Company,LOC-000752,MIXED_CRIME,Active,true
ORG-000251,Everest Transport 251,Transport Company,LOC-000753,MIXED_CRIME,Active,true
ORG-000252,Pioneer Trading 252,Hospitality Business,LOC-000758,NARCOTICS,Active,true
ORG-000253,Harbor Logistics 253,Shell-like Synthetic Entity,LOC-000763,HUMAN_TRAFFICKING,Active,true
ORG-000254,Pioneer Solutions 254,Logistics Company,LOC-000764,MIXED_CRIME,Inactive,true
ORG-000255,Blue Transport 255,Logistics Company,LOC-000768,FINANCIAL_FRAUD,Inactive,true
ORG-000256,Everest Enterprises 256,Legitimate Business,LOC-000771,ROBBERY_DACOITY,Inactive,true
ORG-000257,Falcon Solutions 257,Shell-like Synthetic Entity,LOC-000773,ORGANIZED_CRIME,Active,true
ORG-000258,Lotus Solutions 258,Construction Firm,LOC-000779,MIXED_CRIME,Active,true
ORG-000259,Pioneer Services 259,Construction Firm,LOC-000780,ROBBERY_DACOITY,Active,true
ORG-000260,Aster Transport 260,Hospitality Business,LOC-000783,NARCOTICS,Active,true
ORG-000261,Indigo Solutions 261,Digital Services Firm,LOC-000790,MIXED_CRIME,Inactive,true
ORG-000262,Indigo Services 262,Transport Company,LOC-000793,MIXED_CRIME,Active,true
ORG-000263,Harbor Services 263,Logistics Company,LOC-000794,KIDNAPPING,Inactive,true
ORG-000264,Northstar Enterprises 264,Trading Company,LOC-000798,MIXED_CRIME,Inactive,true
ORG-000265,Falcon Services 265,Front Company,LOC-000802,MIXED_CRIME,Inactive,true
ORG-000266,Everest Solutions 266,Construction Firm,LOC-000805,HUMAN_TRAFFICKING,Active,true
ORG-000267,Lotus Services 267,Construction Firm,LOC-000806,KIDNAPPING,Inactive,true
ORG-000268,Aster Services 268,Front Company,LOC-000808,MIXED_CRIME,Inactive,true
ORG-000269,Lotus Services 269,Construction Firm,LOC-000812,ORGANIZED_CRIME,Inactive,true
ORG-000270,Blue Services 270,Logistics Company,LOC-000814,ORGANIZED_CRIME,Inactive,true
ORG-000271,Harbor Trading 271,Trading Company,LOC-000817,FINANCIAL_FRAUD,Active,true
ORG-000272,Northstar Solutions 272,Trading Company,LOC-000822,MIXED_CRIME,Active,true
ORG-000273,Cedar Services 273,Front Company,LOC-000824,MIXED_CRIME,Active,true
ORG-000274,Northstar Trading 274,Trading Company,LOC-000828,ORGANIZED_CRIME,Inactive,true
ORG-000275,Harbor Services 275,Trading Company,LOC-000831,NARCOTICS,Inactive,true
ORG-000276,Harbor Trading 276,Trading Company,LOC-000835,ORGANIZED_CRIME,Active,true
ORG-000277,Indigo Trading 277,Logistics Company,LOC-000838,MIXED_CRIME,Inactive,true
ORG-000278,Northstar Trading 278,Legitimate Business,LOC-000841,KIDNAPPING,Active,true
ORG-000279,Aster Enterprises 279,Trading Company,LOC-000844,ORGANIZED_CRIME,Active,true
ORG-000280,Harbor Enterprises 280,Front Company,LOC-000848,MIXED_CRIME,Active,true
ORG-000281,Northstar Enterprises 281,Hospitality Business,LOC-000851,ORGANIZED_CRIME,Active,true
ORG-000282,Lotus Trading 282,Trading Company,LOC-000854,KIDNAPPING,Active,true
ORG-000283,Cedar Trading 283,Construction Firm,LOC-000857,HUMAN_TRAFFICKING,Inactive,true
ORG-000284,Blue Transport 284,Logistics Company,LOC-000858,MIXED_CRIME,Active,true
ORG-000285,Falcon Services 285,Hospitality Business,LOC-000861,MIXED_CRIME,Active,true
ORG-000286,Lotus Solutions 286,Legitimate Business,LOC-000862,MIXED_CRIME,Active,true
ORG-000287,Harbor Services 287,Hospitality Business,LOC-000867,KIDNAPPING,Active,true
ORG-000288,Cedar Enterprises 288,Front Company,LOC-000870,ROBBERY_DACOITY,Active,true
ORG-000289,Blue Logistics 289,Front Company,LOC-000873,ORGANIZED_CRIME,Active,true
ORG-000290,Northstar Solutions 290,Legitimate Business,LOC-000876,ORGANIZED_CRIME,Active,true
ORG-000291,Pioneer Solutions 291,Construction Firm,LOC-000882,KIDNAPPING,Active,true
ORG-000292,Aster Transport 292,Transport Company,LOC-000884,MIXED_CRIME,Inactive,true
ORG-000293,Cedar Enterprises 293,Logistics Company,LOC-000886,ORGANIZED_CRIME,Inactive,true
ORG-000294,Aster Enterprises 294,Hospitality Business,LOC-000891,MIXED_CRIME,Inactive,true
ORG-000295,Delta Trading 295,Hospitality Business,LOC-000896,MIXED_CRIME,Active,true
ORG-000296,Indigo Solutions 296,Construction Firm,LOC-000899,FINANCIAL_FRAUD,Active,true
ORG-000297,Indigo Trading 297,Logistics Company,LOC-000901,NARCOTICS,Inactive,true
ORG-000298,Harbor Solutions 298,Trading Company,LOC-000902,MIXED_CRIME,Active,true
ORG-000299,Orion Services 299,Hospitality Business,LOC-000905,MIXED_CRIME,Active,true
ORG-000300,Everest Solutions 300,Construction Firm,LOC-000907,ROBBERY_DACOITY,Active,true
ORG-000301,Harbor Transport 301,Trading Company,LOC-000910,ROBBERY_DACOITY,Active,true
ORG-000302,Cedar Enterprises 302,Trading Company,LOC-000915,MIXED_CRIME,Inactive,true
ORG-000303,Blue Enterprises 303,Shell-like Synthetic Entity,LOC-000917,FINANCIAL_FRAUD,Inactive,true
ORG-000304,Cedar Logistics 304,Transport Company,LOC-000919,NARCOTICS,Inactive,true
ORG-000305,Harbor Transport 305,Construction Firm,LOC-000922,ROBBERY_DACOITY,Active,true
ORG-000306,Blue Transport 306,Construction Firm,LOC-000927,MIXED_CRIME,Active,true
ORG-000307,Lotus Logistics 307,Trading Company,LOC-000930,HUMAN_TRAFFICKING,Inactive,true
ORG-000308,Delta Solutions 308,Transport Company,LOC-000935,ORGANIZED_CRIME,Active,true
ORG-000309,Aster Enterprises 309,Logistics Company,LOC-000939,ORGANIZED_CRIME,Active,true
ORG-000310,Harbor Enterprises 310,Logistics Company,LOC-000942,HUMAN_TRAFFICKING,Active,true
ORG-000311,Orion Trading 311,Construction Firm,LOC-000945,FINANCIAL_FRAUD,Active,true
ORG-000312,Blue Enterprises 312,Trading Company,LOC-000947,KIDNAPPING,Active,true
ORG-000313,Aster Enterprises 313,Transport Company,LOC-000950,MIXED_CRIME,Inactive,true
ORG-000314,Indigo Logistics 314,Digital Services Firm,LOC-000955,MIXED_CRIME,Active,true
ORG-000315,Delta Services 315,Legitimate Business,LOC-000957,MIXED_CRIME,Active,true
ORG-000316,Blue Enterprises 316,Hospitality Business,LOC-000960,MIXED_CRIME,Active,true
ORG-000317,Orion Solutions 317,Transport Company,LOC-000964,FINANCIAL_FRAUD,Inactive,true
ORG-000318,Indigo Logistics 318,Front Company,LOC-000965,ORGANIZED_CRIME,Active,true
ORG-000319,Orion Transport 319,Hospitality Business,LOC-000970,FINANCIAL_FRAUD,Active,true
ORG-000320,Blue Trading 320,Shell-like Synthetic Entity,LOC-000973,ORGANIZED_CRIME,Active,true
ORG-000321,Pioneer Logistics 321,Logistics Company,LOC-000975,ORGANIZED_CRIME,Active,true
ORG-000322,Lotus Transport 322,Legitimate Business,LOC-000977,CYBERCRIME,Inactive,true
ORG-000323,Cedar Transport 323,Digital Services Firm,LOC-000983,ORGANIZED_CRIME,Active,true
ORG-000324,Falcon Trading 324,Hospitality Business,LOC-000988,MIXED_CRIME,Inactive,true
ORG-000325,Aster Enterprises 325,Transport Company,LOC-000989,ORGANIZED_CRIME,Active,true
ORG-000326,Delta Services 326,Trading Company,LOC-000994,MIXED_CRIME,Inactive,true
ORG-000327,Orion Logistics 327,Shell-like Synthetic Entity,LOC-000995,FINANCIAL_FRAUD,Active,true
ORG-000328,Aster Solutions 328,Transport Company,LOC-001000,MIXED_CRIME,Inactive,true
ORG-000329,Falcon Logistics 329,Front Company,LOC-001002,ROBBERY_DACOITY,Active,true
ORG-000330,Blue Trading 330,Legitimate Business,LOC-001007,MIXED_CRIME,Inactive,true
ORG-000331,Orion Trading 331,Front Company,LOC-001008,ORGANIZED_CRIME,Active,true
ORG-000332,Northstar Logistics 332,Shell-like Synthetic Entity,LOC-001012,MIXED_CRIME,Active,true
ORG-000333,Everest Services 333,Digital Services Firm,LOC-001016,MIXED_CRIME,Inactive,true
ORG-000334,Aster Services 334,Digital Services Firm,LOC-001021,MIXED_CRIME,Active,true
ORG-000335,Lotus Trading 335,Digital Services Firm,LOC-001023,FINANCIAL_FRAUD,Active,true
ORG-000336,Northstar Transport 336,Digital Services Firm,LOC-001026,NARCOTICS,Active,true
ORG-000337,Blue Transport 337,Legitimate Business,LOC-001028,NARCOTICS,Inactive,true
ORG-000338,Orion Enterprises 338,Trading Company,LOC-001031,MIXED_CRIME,Active,true
ORG-000339,Harbor Trading 339,Front Company,LOC-001033,ROBBERY_DACOITY,Active,true
ORG-000340,Delta Transport 340,Logistics Company,LOC-001037,MIXED_CRIME,Inactive,true
ORG-000341,Falcon Logistics 341,Digital Services Firm,LOC-001040,MIXED_CRIME,Active,true
ORG-000342,Orion Enterprises 342,Shell-like Synthetic Entity,LOC-001045,NARCOTICS,Active,true
ORG-000343,Orion Logistics 343,Legitimate Business,LOC-001046,HUMAN_TRAFFICKING,Active,true
ORG-000344,Aster Solutions 344,Shell-like Synthetic Entity,LOC-001050,ORGANIZED_CRIME,Inactive,true
ORG-000345,Pioneer Transport 345,Hospitality Business,LOC-001052,ORGANIZED_CRIME,Active,true
ORG-000346,Harbor Enterprises 346,Front Company,LOC-001055,MIXED_CRIME,Active,true
ORG-000347,Pioneer Trading 347,Construction Firm,LOC-001060,ORGANIZED_CRIME,Inactive,true
ORG-000348,Lotus Logistics 348,Shell-like Synthetic Entity,LOC-001061,MIXED_CRIME,Active,true
ORG-000349,Indigo Solutions 349,Logistics Company,LOC-001065,ROBBERY_DACOITY,Inactive,true
ORG-000350,Northstar Services 350,Construction Firm,LOC-001069,ORGANIZED_CRIME,Active,true
ORG-000351,Pioneer Solutions 351,Shell-like Synthetic Entity,LOC-001072,ROBBERY_DACOITY,Active,true
ORG-000352,Harbor Services 352,Construction Firm,LOC-001075,ORGANIZED_CRIME,Active,true
ORG-000353,Falcon Transport 353,Digital Services Firm,LOC-001077,KIDNAPPING,Active,true
ORG-000354,Pioneer Enterprises 354,Trading Company,LOC-001080,FINANCIAL_FRAUD,Inactive,true
ORG-000355,Cedar Solutions 355,Construction Firm,LOC-001083,MIXED_CRIME,Active,true
ORG-000356,Cedar Services 356,Construction Firm,LOC-001086,KIDNAPPING,Inactive,true
ORG-000357,Everest Solutions 357,Trading Company,LOC-001093,ROBBERY_DACOITY,Active,true
ORG-000358,Falcon Logistics 358,Construction Firm,LOC-001095,HUMAN_TRAFFICKING,Active,true
ORG-000359,Delta Transport 359,Front Company,LOC-001097,MIXED_CRIME,Active,true
ORG-000360,Lotus Enterprises 360,Trading Company,LOC-001102,ORGANIZED_CRIME,Active,true
ORG-000361,Lotus Enterprises 361,Transport Company,LOC-001104,MIXED_CRIME,Active,true
ORG-000362,Falcon Transport 362,Hospitality Business,LOC-001109,CYBERCRIME,Inactive,true
ORG-000363,Orion Enterprises 363,Front Company,LOC-001110,ROBBERY_DACOITY,Active,true
ORG-000364,Indigo Logistics 364,Shell-like Synthetic Entity,LOC-001114,HUMAN_TRAFFICKING,Active,true
ORG-000365,Orion Solutions 365,Front Company,LOC-001118,MIXED_CRIME,Active,true
ORG-000366,Aster Trading 366,Transport Company,LOC-001120,MIXED_CRIME,Active,true
ORG-000367,Northstar Trading 367,Digital Services Firm,LOC-001122,ORGANIZED_CRIME,Active,true
ORG-000368,Cedar Services 368,Hospitality Business,LOC-001126,MIXED_CRIME,Active,true
ORG-000369,Everest Logistics 369,Logistics Company,LOC-001129,NARCOTICS,Active,true
ORG-000370,Pioneer Transport 370,Digital Services Firm,LOC-001133,ORGANIZED_CRIME,Active,true
ORG-000371,Cedar Enterprises 371,Transport Company,LOC-001136,MIXED_CRIME,Active,true
ORG-000372,Harbor Trading 372,Hospitality Business,LOC-001142,HUMAN_TRAFFICKING,Active,true
ORG-000373,Delta Transport 373,Trading Company,LOC-001144,MIXED_CRIME,Active,true
ORG-000374,Aster Trading 374,Construction Firm,LOC-001147,FINANCIAL_FRAUD,Inactive,true
ORG-000375,Northstar Services 375,Shell-like Synthetic Entity,LOC-001149,MIXED_CRIME,Active,true
ORG-000376,Lotus Enterprises 376,Construction Firm,LOC-001150,MIXED_CRIME,Inactive,true
ORG-000377,Delta Enterprises 377,Hospitality Business,LOC-001153,KIDNAPPING,Inactive,true
ORG-000378,Northstar Solutions 378,Legitimate Business,LOC-001156,HUMAN_TRAFFICKING,Active,true
ORG-000379,Harbor Trading 379,Construction Firm,LOC-001159,ROBBERY_DACOITY,Active,true
ORG-000380,Harbor Enterprises 380,Logistics Company,LOC-001161,FINANCIAL_FRAUD,Inactive,true
ORG-000381,Aster Enterprises 381,Construction Firm,LOC-001163,ROBBERY_DACOITY,Inactive,true
ORG-000382,Cedar Enterprises 382,Construction Firm,LOC-001165,MIXED_CRIME,Inactive,true
ORG-000383,Indigo Transport 383,Logistics Company,LOC-001170,MIXED_CRIME,Active,true
ORG-000384,Blue Logistics 384,Shell-like Synthetic Entity,LOC-001171,MIXED_CRIME,Inactive,true
ORG-000385,Northstar Transport 385,Construction Firm,LOC-001173,KIDNAPPING,Inactive,true
ORG-000386,Indigo Solutions 386,Digital Services Firm,LOC-001175,NARCOTICS,Active,true
ORG-000387,Aster Solutions 387,Hospitality Business,LOC-001180,ORGANIZED_CRIME,Inactive,true
ORG-000388,Cedar Trading 388,Digital Services Firm,LOC-001183,ROBBERY_DACOITY,Active,true
ORG-000389,Harbor Trading 389,Front Company,LOC-001186,ROBBERY_DACOITY,Active,true
ORG-000390,Northstar Enterprises 390,Trading Company,LOC-001187,ORGANIZED_CRIME,Inactive,true
ORG-000391,Aster Enterprises 391,Digital Services Firm,LOC-001192,ORGANIZED_CRIME,Active,true
ORG-000392,Harbor Logistics 392,Digital Services Firm,LOC-001193,FINANCIAL_FRAUD,Active,true
ORG-000393,Everest Transport 393,Digital Services Firm,LOC-001196,MIXED_CRIME,Active,true
ORG-000394,Indigo Enterprises 394,Trading Company,LOC-001199,ORGANIZED_CRIME,Active,true
ORG-000395,Cedar Enterprises 395,Transport Company,LOC-001203,KIDNAPPING,Active,true
ORG-000396,Blue Trading 396,Shell-like Synthetic Entity,LOC-001207,ORGANIZED_CRIME,Active,true
ORG-000397,Orion Trading 397,Logistics Company,LOC-001210,NARCOTICS,Inactive,true
ORG-000398,Everest Logistics 398,Front Company,LOC-001214,KIDNAPPING,Inactive,true
ORG-000399,Cedar Transport 399,Trading Company,LOC-001217,NARCOTICS,Inactive,true
ORG-000400,Indigo Services 400,Shell-like Synthetic Entity,LOC-001219,ORGANIZED_CRIME,Active,true
ORG-000401,Blue Logistics 401,Legitimate Business,LOC-001220,NARCOTICS,Active,true
ORG-000402,Cedar Services 402,Digital Services Firm,LOC-001224,FINANCIAL_FRAUD,Active,true
ORG-000403,Pioneer Transport 403,Construction Firm,LOC-001227,ORGANIZED_CRIME,Inactive,true
ORG-000404,Cedar Solutions 404,Transport Company,LOC-001230,MIXED_CRIME,Active,true
ORG-000405,Falcon Services 405,Shell-like Synthetic Entity,LOC-001233,FINANCIAL_FRAUD,Active,true
ORG-000406,Aster Trading 406,Logistics Company,LOC-001234,ORGANIZED_CRIME,Active,true
ORG-000407,Delta Enterprises 407,Hospitality Business,LOC-001238,ORGANIZED_CRIME,Active,true
ORG-000408,Indigo Transport 408,Logistics Company,LOC-001242,ORGANIZED_CRIME,Inactive,true
ORG-000409,Indigo Services 409,Construction Firm,LOC-001247,MIXED_CRIME,Active,true
ORG-000410,Everest Trading 410,Legitimate Business,LOC-001249,ORGANIZED_CRIME,Active,true
ORG-000411,Blue Enterprises 411,Front Company,LOC-001251,MIXED_CRIME,Inactive,true
ORG-000412,Orion Transport 412,Hospitality Business,LOC-001257,MIXED_CRIME,Inactive,true
ORG-000413,Everest Logistics 413,Hospitality Business,LOC-001260,MIXED_CRIME,Inactive,true
ORG-000414,Harbor Logistics 414,Shell-like Synthetic Entity,LOC-001264,HUMAN_TRAFFICKING,Active,true
ORG-000415,Northstar Enterprises 415,Front Company,LOC-001267,MIXED_CRIME,Active,true
ORG-000416,Blue Transport 416,Trading Company,LOC-001269,NARCOTICS,Inactive,true
ORG-000417,Everest Logistics 417,Trading Company,LOC-001271,FINANCIAL_FRAUD,Active,true
ORG-000418,Delta Logistics 418,Trading Company,LOC-001274,MIXED_CRIME,Active,true
ORG-000419,Aster Enterprises 419,Digital Services Firm,LOC-001278,CYBERCRIME,Active,true
ORG-000420,Delta Transport 420,Construction Firm,LOC-001280,ORGANIZED_CRIME,Active,true
ORG-000421,Falcon Services 421,Transport Company,LOC-001285,ORGANIZED_CRIME,Active,true
ORG-000422,Lotus Logistics 422,Hospitality Business,LOC-001287,ORGANIZED_CRIME,Active,true
ORG-000423,Northstar Services 423,Construction Firm,LOC-001289,ORGANIZED_CRIME,Inactive,true
ORG-000424,Cedar Logistics 424,Trading Company,LOC-001291,MIXED_CRIME,Inactive,true
ORG-000425,Pioneer Logistics 425,Front Company,LOC-001294,NARCOTICS,Active,true
ORG-000426,Everest Solutions 426,Legitimate Business,LOC-001297,CYBERCRIME,Active,true
ORG-000427,Indigo Services 427,Trading Company,LOC-001300,MIXED_CRIME,Active,true
ORG-000428,Delta Solutions 428,Construction Firm,LOC-001302,ORGANIZED_CRIME,Active,true
ORG-000429,Harbor Solutions 429,Logistics Company,LOC-001306,ORGANIZED_CRIME,Inactive,true
ORG-000430,Pioneer Services 430,Trading Company,LOC-001310,CYBERCRIME,Active,true
ORG-000431,Lotus Trading 431,Construction Firm,LOC-001312,ORGANIZED_CRIME,Active,true
ORG-000432,Falcon Transport 432,Shell-like Synthetic Entity,LOC-001315,MIXED_CRIME,Active,true
ORG-000433,Harbor Transport 433,Transport Company,LOC-001319,ROBBERY_DACOITY,Active,true
ORG-000434,Cedar Logistics 434,Front Company,LOC-001322,ORGANIZED_CRIME,Inactive,true
ORG-000435,Harbor Enterprises 435,Digital Services Firm,LOC-001323,MIXED_CRIME,Active,true
ORG-000436,Indigo Logistics 436,Trading Company,LOC-001327,ORGANIZED_CRIME,Inactive,true
ORG-000437,Orion Enterprises 437,Logistics Company,LOC-001330,MIXED_CRIME,Inactive,true
ORG-000438,Cedar Logistics 438,Logistics Company,LOC-001331,KIDNAPPING,Active,true
ORG-000439,Lotus Solutions 439,Legitimate Business,LOC-001334,ORGANIZED_CRIME,Active,true
ORG-000440,Pioneer Trading 440,Transport Company,LOC-001337,MIXED_CRIME,Active,true
ORG-000441,Pioneer Enterprises 441,Trading Company,LOC-001339,NARCOTICS,Inactive,true
ORG-000442,Northstar Transport 442,Logistics Company,LOC-001343,KIDNAPPING,Inactive,true
ORG-000443,Harbor Enterprises 443,Digital Services Firm,LOC-001345,CYBERCRIME,Active,true
ORG-000444,Blue Enterprises 444,Front Company,LOC-001347,KIDNAPPING,Active,true
ORG-000445,Falcon Logistics 445,Front Company,LOC-001351,ORGANIZED_CRIME,Active,true
ORG-000446,Falcon Enterprises 446,Hospitality Business,LOC-001355,ROBBERY_DACOITY,Inactive,true
ORG-000447,Lotus Transport 447,Logistics Company,LOC-001359,NARCOTICS,Active,true
ORG-000448,Pioneer Transport 448,Logistics Company,LOC-001360,MIXED_CRIME,Active,true
ORG-000449,Indigo Trading 449,Trading Company,LOC-001363,FINANCIAL_FRAUD,Inactive,true
ORG-000450,Delta Logistics 450,Front Company,LOC-001364,ORGANIZED_CRIME,Active,true
ORG-000451,Blue Services 451,Digital Services Firm,LOC-001368,ORGANIZED_CRIME,Active,true
ORG-000452,Delta Enterprises 452,Hospitality Business,LOC-001369,ORGANIZED_CRIME,Active,true
ORG-000453,Pioneer Transport 453,Digital Services Firm,LOC-001372,KIDNAPPING,Active,true
ORG-000454,Blue Solutions 454,Shell-like Synthetic Entity,LOC-001375,MIXED_CRIME,Active,true
ORG-000455,Indigo Solutions 455,Logistics Company,LOC-001380,MIXED_CRIME,Active,true
ORG-000456,Delta Enterprises 456,Front Company,LOC-001384,FINANCIAL_FRAUD,Inactive,true
ORG-000457,Harbor Solutions 457,Logistics Company,LOC-001386,ORGANIZED_CRIME,Inactive,true
ORG-000458,Pioneer Trading 458,Hospitality Business,LOC-001387,ROBBERY_DACOITY,Inactive,true
ORG-000459,Cedar Trading 459,Logistics Company,LOC-001391,ORGANIZED_CRIME,Inactive,true
ORG-000460,Cedar Services 460,Trading Company,LOC-001392,MIXED_CRIME,Inactive,true
ORG-000461,Harbor Solutions 461,Construction Firm,LOC-001394,MIXED_CRIME,Active,true
ORG-000462,Delta Logistics 462,Legitimate Business,LOC-001398,HUMAN_TRAFFICKING,Active,true
ORG-000463,Pioneer Enterprises 463,Transport Company,LOC-001402,MIXED_CRIME,Active,true
ORG-000464,Delta Enterprises 464,Transport Company,LOC-001408,ROBBERY_DACOITY,Active,true
ORG-000465,Indigo Logistics 465,Construction Firm,LOC-001411,CYBERCRIME,Active,true
ORG-000466,Aster Solutions 466,Shell-like Synthetic Entity,LOC-001413,ORGANIZED_CRIME,Active,true
ORG-000467,Indigo Transport 467,Logistics Company,LOC-001414,KIDNAPPING,Active,true
ORG-000468,Aster Services 468,Logistics Company,LOC-001417,ROBBERY_DACOITY,Active,true
ORG-000469,Lotus Logistics 469,Transport Company,LOC-001421,ORGANIZED_CRIME,Active,true
ORG-000470,Falcon Logistics 470,Digital Services Firm,LOC-001422,ORGANIZED_CRIME,Active,true
ORG-000471,Everest Services 471,Construction Firm,LOC-001427,NARCOTICS,Active,true
ORG-000472,Orion Logistics 472,Transport Company,LOC-001431,KIDNAPPING,Inactive,true
ORG-000473,Harbor Trading 473,Shell-like Synthetic Entity,LOC-001433,ORGANIZED_CRIME,Active,true
ORG-000474,Pioneer Enterprises 474,Legitimate Business,LOC-001436,ORGANIZED_CRIME,Active,true
ORG-000475,Everest Solutions 475,Logistics Company,LOC-001438,HUMAN_TRAFFICKING,Active,true
ORG-000476,Orion Solutions 476,Legitimate Business,LOC-001442,ORGANIZED_CRIME,Active,true
ORG-000477,Blue Logistics 477,Transport Company,LOC-001443,ROBBERY_DACOITY,Active,true
ORG-000478,Harbor Solutions 478,Shell-like Synthetic Entity,LOC-001446,ORGANIZED_CRIME,Active,true
ORG-000479,Harbor Solutions 479,Transport Company,LOC-001447,MIXED_CRIME,Active,true
ORG-000480,Cedar Services 480,Construction Firm,LOC-001451,CYBERCRIME,Active,true
ORG-000481,Lotus Logistics 481,Legitimate Business,LOC-001456,MIXED_CRIME,Active,true
ORG-000482,Lotus Transport 482,Transport Company,LOC-001459,MIXED_CRIME,Inactive,true
ORG-000483,Everest Trading 483,Transport Company,LOC-001463,MIXED_CRIME,Active,true
ORG-000484,Northstar Transport 484,Logistics Company,LOC-001465,KIDNAPPING,Active,true
ORG-000485,Aster Solutions 485,Hospitality Business,LOC-001468,ORGANIZED_CRIME,Inactive,true
ORG-000486,Delta Transport 486,Digital Services Firm,LOC-001469,NARCOTICS,Active,true
ORG-000487,Blue Solutions 487,Hospitality Business,LOC-001476,ROBBERY_DACOITY,Active,true
ORG-000488,Harbor Services 488,Transport Company,LOC-001477,MIXED_CRIME,Inactive,true
ORG-000489,Everest Logistics 489,Transport Company,LOC-001482,FINANCIAL_FRAUD,Inactive,true
ORG-000490,Falcon Trading 490,Front Company,LOC-001484,FINANCIAL_FRAUD,Active,true
ORG-000491,Blue Solutions 491,Shell-like Synthetic Entity,LOC-001486,KIDNAPPING,Active,true
ORG-000492,Indigo Services 492,Construction Firm,LOC-001491,MIXED_CRIME,Active,true
ORG-000493,Harbor Trading 493,Digital Services Firm,LOC-001493,NARCOTICS,Active,true
ORG-000494,Northstar Trading 494,Hospitality Business,LOC-001494,MIXED_CRIME,Active,true
ORG-000495,Northstar Services 495,Transport Company,LOC-001496,ROBBERY_DACOITY,Active,true
ORG-000496,Northstar Enterprises 496,Shell-like Synthetic Entity,LOC-001498,ORGANIZED_CRIME,Active,true
ORG-000497,Blue Enterprises 497,Hospitality Business,LOC-001501,MIXED_CRIME,Active,true
ORG-000498,Blue Solutions 498,Shell-like Synthetic Entity,LOC-001504,ROBBERY_DACOITY,Active,true
ORG-000499,Delta Solutions 499,Digital Services Firm,LOC-001507,ORGANIZED_CRIME,Inactive,true
ORG-000500,Falcon Solutions 500,Hospitality Business,LOC-001509,ROBBERY_DACOITY,Active,true
ORG-000501,Lotus Enterprises 501,Legitimate Business,LOC-001511,MIXED_CRIME,Inactive,true
ORG-000502,Harbor Transport 502,Construction Firm,LOC-001514,KIDNAPPING,Active,true
ORG-000503,Aster Trading 503,Legitimate Business,LOC-001516,ROBBERY_DACOITY,Inactive,true
ORG-000504,Orion Solutions 504,Hospitality Business,LOC-001520,MIXED_CRIME,Inactive,true
ORG-000505,Falcon Logistics 505,Shell-like Synthetic Entity,LOC-001522,NARCOTICS,Active,true
ORG-000506,Northstar Trading 506,Logistics Company,LOC-001527,MIXED_CRIME,Active,true
ORG-000507,Delta Trading 507,Trading Company,LOC-001529,NARCOTICS,Active,true
ORG-000508,Pioneer Transport 508,Hospitality Business,LOC-001532,ROBBERY_DACOITY,Active,true
ORG-000509,Orion Transport 509,Transport Company,LOC-001537,FINANCIAL_FRAUD,Active,true
ORG-000510,Pioneer Solutions 510,Front Company,LOC-001539,HUMAN_TRAFFICKING,Active,true
ORG-000511,Northstar Services 511,Trading Company,LOC-001540,ORGANIZED_CRIME,Active,true
ORG-000512,Aster Transport 512,Legitimate Business,LOC-001544,ORGANIZED_CRIME,Inactive,true
ORG-000513,Lotus Trading 513,Front Company,LOC-001548,ORGANIZED_CRIME,Inactive,true
ORG-000514,Aster Logistics 514,Digital Services Firm,LOC-001553,MIXED_CRIME,Active,true
ORG-000515,Blue Logistics 515,Shell-like Synthetic Entity,LOC-001555,MIXED_CRIME,Inactive,true
ORG-000516,Indigo Enterprises 516,Front Company,LOC-001559,ORGANIZED_CRIME,Active,true
ORG-000517,Harbor Solutions 517,Logistics Company,LOC-001563,NARCOTICS,Active,true
ORG-000518,Northstar Logistics 518,Trading Company,LOC-001566,MIXED_CRIME,Active,true
ORG-000519,Orion Enterprises 519,Front Company,LOC-001569,ORGANIZED_CRIME,Active,true
ORG-000520,Falcon Transport 520,Logistics Company,LOC-001571,MIXED_CRIME,Active,true
ORG-000521,Harbor Trading 521,Shell-like Synthetic Entity,LOC-001575,ORGANIZED_CRIME,Active,true
ORG-000522,Falcon Solutions 522,Trading Company,LOC-001579,MIXED_CRIME,Active,true
ORG-000523,Cedar Services 523,Digital Services Firm,LOC-001581,NARCOTICS,Active,true
ORG-000524,Blue Logistics 524,Logistics Company,LOC-001585,ROBBERY_DACOITY,Inactive,true
ORG-000525,Orion Transport 525,Shell-like Synthetic Entity,LOC-001586,MIXED_CRIME,Inactive,true
ORG-000526,Lotus Trading 526,Logistics Company,LOC-001589,ORGANIZED_CRIME,Active,true
ORG-000527,Blue Transport 527,Construction Firm,LOC-001593,MIXED_CRIME,Active,true
ORG-000528,Harbor Services 528,Shell-like Synthetic Entity,LOC-001594,ORGANIZED_CRIME,Active,true
ORG-000529,Cedar Transport 529,Front Company,LOC-001599,ORGANIZED_CRIME,Active,true
ORG-000530,Falcon Transport 530,Hospitality Business,LOC-001600,ORGANIZED_CRIME,Active,true
ORG-000531,Cedar Trading 531,Logistics Company,LOC-001605,CYBERCRIME,Active,true
ORG-000532,Pioneer Services 532,Hospitality Business,LOC-001610,MIXED_CRIME,Active,true
ORG-000533,Pioneer Solutions 533,Digital Services Firm,LOC-001612,MIXED_CRIME,Active,true
ORG-000534,Falcon Enterprises 534,Logistics Company,LOC-001613,MIXED_CRIME,Active,true
ORG-000535,Delta Solutions 535,Shell-like Synthetic Entity,LOC-001616,MIXED_CRIME,Inactive,true
ORG-000536,Delta Services 536,Legitimate Business,LOC-001618,KIDNAPPING,Active,true
ORG-000537,Cedar Enterprises 537,Shell-like Synthetic Entity,LOC-001621,ORGANIZED_CRIME,Inactive,true
ORG-000538,Cedar Services 538,Logistics Company,LOC-001624,NARCOTICS,Active,true
ORG-000539,Everest Services 539,Transport Company,LOC-001628,ORGANIZED_CRIME,Inactive,true
ORG-000540,Northstar Services 540,Construction Firm,LOC-001634,ORGANIZED_CRIME,Active,true
ORG-000541,Everest Solutions 541,Shell-like Synthetic Entity,LOC-001635,ROBBERY_DACOITY,Inactive,true
ORG-000542,Aster Enterprises 542,Digital Services Firm,LOC-001640,KIDNAPPING,Active,true
ORG-000543,Harbor Logistics 543,Transport Company,LOC-001643,CYBERCRIME,Active,true
ORG-000544,Pioneer Services 544,Front Company,LOC-001647,ROBBERY_DACOITY,Active,true
ORG-000545,Northstar Services 545,Hospitality Business,LOC-001650,KIDNAPPING,Active,true
ORG-000546,Delta Trading 546,Transport Company,LOC-001653,MIXED_CRIME,Active,true
ORG-000547,Lotus Solutions 547,Trading Company,LOC-001657,ORGANIZED_CRIME,Active,true
ORG-000548,Everest Logistics 548,Construction Firm,LOC-001658,ORGANIZED_CRIME,Active,true
ORG-000549,Falcon Solutions 549,Front Company,LOC-001662,MIXED_CRIME,Active,true
ORG-000550,Orion Enterprises 550,Logistics Company,LOC-001663,ORGANIZED_CRIME,Active,true
ORG-000551,Orion Enterprises 551,Shell-like Synthetic Entity,LOC-001665,FINANCIAL_FRAUD,Inactive,true
ORG-000552,Everest Enterprises 552,Construction Firm,LOC-001670,KIDNAPPING,Inactive,true
ORG-000553,Cedar Services 553,Logistics Company,LOC-001673,CYBERCRIME,Active,true
ORG-000554,Aster Services 554,Transport Company,LOC-001676,ORGANIZED_CRIME,Active,true
ORG-000555,Delta Services 555,Logistics Company,LOC-001679,CYBERCRIME,Inactive,true
ORG-000556,Indigo Logistics 556,Legitimate Business,LOC-001681,ROBBERY_DACOITY,Inactive,true
ORG-000557,Harbor Trading 557,Shell-like Synthetic Entity,LOC-001686,CYBERCRIME,Active,true
ORG-000558,Northstar Solutions 558,Trading Company,LOC-001688,NARCOTICS,Active,true
ORG-000559,Pioneer Solutions 559,Logistics Company,LOC-001691,ORGANIZED_CRIME,Active,true
ORG-000560,Orion Transport 560,Trading Company,LOC-001693,MIXED_CRIME,Active,true
ORG-000561,Blue Solutions 561,Construction Firm,LOC-001695,MIXED_CRIME,Active,true
ORG-000562,Northstar Logistics 562,Shell-like Synthetic Entity,LOC-001698,MIXED_CRIME,Active,true
ORG-000563,Cedar Trading 563,Transport Company,LOC-001701,HUMAN_TRAFFICKING,Active,true
ORG-000564,Everest Solutions 564,Hospitality Business,LOC-001703,CYBERCRIME,Inactive,true
ORG-000565,Delta Services 565,Front Company,LOC-001706,ORGANIZED_CRIME,Active,true
ORG-000566,Pioneer Enterprises 566,Logistics Company,LOC-001707,MIXED_CRIME,Inactive,true
ORG-000567,Blue Trading 567,Hospitality Business,LOC-001710,NARCOTICS,Active,true
ORG-000568,Indigo Enterprises 568,Construction Firm,LOC-001712,MIXED_CRIME,Active,true
ORG-000569,Delta Transport 569,Hospitality Business,LOC-001716,ORGANIZED_CRIME,Inactive,true
ORG-000570,Orion Services 570,Construction Firm,LOC-001718,ORGANIZED_CRIME,Active,true
ORG-000571,Northstar Solutions 571,Shell-like Synthetic Entity,LOC-001722,NARCOTICS,Inactive,true
ORG-000572,Blue Solutions 572,Digital Services Firm,LOC-001726,MIXED_CRIME,Inactive,true
ORG-000573,Aster Services 573,Transport Company,LOC-001727,ROBBERY_DACOITY,Active,true
ORG-000574,Harbor Logistics 574,Legitimate Business,LOC-001730,HUMAN_TRAFFICKING,Active,true
ORG-000575,Delta Services 575,Legitimate Business,LOC-001737,NARCOTICS,Inactive,true
ORG-000576,Everest Trading 576,Digital Services Firm,LOC-001740,ROBBERY_DACOITY,Inactive,true
ORG-000577,Blue Enterprises 577,Digital Services Firm,LOC-001743,CYBERCRIME,Active,true
ORG-000578,Lotus Logistics 578,Transport Company,LOC-001744,ROBBERY_DACOITY,Active,true
ORG-000579,Indigo Services 579,Hospitality Business,LOC-001746,ROBBERY_DACOITY,Active,true
ORG-000580,Northstar Trading 580,Hospitality Business,LOC-001749,MIXED_CRIME,Active,true
ORG-000581,Blue Transport 581,Transport Company,LOC-001753,MIXED_CRIME,Active,true
ORG-000582,Aster Logistics 582,Transport Company,LOC-001755,ORGANIZED_CRIME,Active,true
ORG-000583,Blue Services 583,Transport Company,LOC-001760,KIDNAPPING,Inactive,true
ORG-000584,Blue Solutions 584,Logistics Company,LOC-001762,ORGANIZED_CRIME,Active,true
ORG-000585,Harbor Enterprises 585,Shell-like Synthetic Entity,LOC-001766,MIXED_CRIME,Active,true
ORG-000586,Pioneer Trading 586,Logistics Company,LOC-001772,FINANCIAL_FRAUD,Active,true
ORG-000587,Indigo Solutions 587,Transport Company,LOC-001775,MIXED_CRIME,Inactive,true
ORG-000588,Falcon Trading 588,Logistics Company,LOC-001777,ORGANIZED_CRIME,Active,true
ORG-000589,Delta Services 589,Logistics Company,LOC-001779,NARCOTICS,Active,true
ORG-000590,Northstar Services 590,Construction Firm,LOC-001781,MIXED_CRIME,Active,true
ORG-000591,Delta Services 591,Shell-like Synthetic Entity,LOC-001784,HUMAN_TRAFFICKING,Active,true
ORG-000592,Cedar Solutions 592,Transport Company,LOC-001790,ROBBERY_DACOITY,Inactive,true
ORG-000593,Aster Transport 593,Legitimate Business,LOC-001791,ORGANIZED_CRIME,Inactive,true
ORG-000594,Blue Trading 594,Shell-like Synthetic Entity,LOC-001794,MIXED_CRIME,Active,true
ORG-000595,Blue Transport 595,Digital Services Firm,LOC-001796,FINANCIAL_FRAUD,Active,true
ORG-000596,Harbor Enterprises 596,Front Company,LOC-001799,HUMAN_TRAFFICKING,Inactive,true
ORG-000597,Indigo Trading 597,Logistics Company,LOC-001801,ROBBERY_DACOITY,Inactive,true
ORG-000598,Cedar Trading 598,Front Company,LOC-001805,HUMAN_TRAFFICKING,Active,true
ORG-000599,Indigo Solutions 599,Transport Company,LOC-001810,ORGANIZED_CRIME,Active,true
ORG-000600,Cedar Solutions 600,Trading Company,LOC-001811,MIXED_CRIME,Active,true
ORG-000601,Northstar Logistics 601,Hospitality Business,LOC-001816,ORGANIZED_CRIME,Active,true
ORG-000602,Blue Enterprises 602,Legitimate Business,LOC-001817,FINANCIAL_FRAUD,Active,true
ORG-000603,Cedar Logistics 603,Trading Company,LOC-001821,ORGANIZED_CRIME,Inactive,true
ORG-000604,Cedar Services 604,Digital Services Firm,LOC-001824,ORGANIZED_CRIME,Active,true
ORG-000605,Northstar Logistics 605,Construction Firm,LOC-001826,ORGANIZED_CRIME,Inactive,true
ORG-000606,Everest Trading 606,Front Company,LOC-001829,ROBBERY_DACOITY,Active,true
ORG-000607,Lotus Enterprises 607,Front Company,LOC-001831,MIXED_CRIME,Inactive,true
ORG-000608,Indigo Enterprises 608,Shell-like Synthetic Entity,LOC-001836,ORGANIZED_CRIME,Active,true
ORG-000609,Northstar Trading 609,Shell-like Synthetic Entity,LOC-001837,ORGANIZED_CRIME,Active,true
ORG-000610,Northstar Trading 610,Shell-like Synthetic Entity,LOC-001842,ORGANIZED_CRIME,Inactive,true
ORG-000611,Harbor Logistics 611,Front Company,LOC-001846,MIXED_CRIME,Active,true
ORG-000612,Everest Trading 612,Logistics Company,LOC-001849,FINANCIAL_FRAUD,Active,true
ORG-000613,Pioneer Solutions 613,Hospitality Business,LOC-001851,ORGANIZED_CRIME,Active,true
ORG-000614,Northstar Logistics 614,Hospitality Business,LOC-001856,ROBBERY_DACOITY,Inactive,true
ORG-000615,Cedar Solutions 615,Hospitality Business,LOC-001859,MIXED_CRIME,Active,true
ORG-000616,Pioneer Transport 616,Legitimate Business,LOC-001861,MIXED_CRIME,Active,true
ORG-000617,Blue Services 617,Shell-like Synthetic Entity,LOC-001866,MIXED_CRIME,Active,true
ORG-000618,Aster Services 618,Transport Company,LOC-001868,ORGANIZED_CRIME,Active,true
ORG-000619,Everest Services 619,Digital Services Firm,LOC-001870,MIXED_CRIME,Active,true
ORG-000620,Blue Transport 620,Trading Company,LOC-001876,ORGANIZED_CRIME,Inactive,true
ORG-000621,Lotus Trading 621,Logistics Company,LOC-001877,HUMAN_TRAFFICKING,Active,true
ORG-000622,Pioneer Enterprises 622,Shell-like Synthetic Entity,LOC-001882,MIXED_CRIME,Active,true
ORG-000623,Falcon Enterprises 623,Trading Company,LOC-001885,ORGANIZED_CRIME,Active,true
ORG-000624,Harbor Transport 624,Trading Company,LOC-001886,NARCOTICS,Active,true
ORG-000625,Northstar Trading 625,Transport Company,LOC-001891,MIXED_CRIME,Active,true
ORG-000626,Falcon Solutions 626,Logistics Company,LOC-001894,MIXED_CRIME,Active,true
ORG-000627,Cedar Trading 627,Front Company,LOC-001896,ROBBERY_DACOITY,Active,true
ORG-000628,Northstar Enterprises 628,Construction Firm,LOC-001900,NARCOTICS,Active,true
ORG-000629,Falcon Services 629,Transport Company,LOC-001901,MIXED_CRIME,Inactive,true
ORG-000630,Indigo Trading 630,Shell-like Synthetic Entity,LOC-001907,MIXED_CRIME,Active,true
ORG-000631,Pioneer Services 631,Transport Company,LOC-001908,MIXED_CRIME,Inactive,true
ORG-000632,Northstar Services 632,Legitimate Business,LOC-001915,KIDNAPPING,Inactive,true
ORG-000633,Harbor Enterprises 633,Transport Company,LOC-001916,MIXED_CRIME,Active,true
ORG-000634,Blue Trading 634,Shell-like Synthetic Entity,LOC-001918,MIXED_CRIME,Inactive,true
ORG-000635,Harbor Logistics 635,Shell-like Synthetic Entity,LOC-001921,ORGANIZED_CRIME,Active,true
ORG-000636,Indigo Enterprises 636,Shell-like Synthetic Entity,LOC-001924,CYBERCRIME,Active,true
ORG-000637,Lotus Services 637,Construction Firm,LOC-001925,MIXED_CRIME,Active,true
ORG-000638,Aster Logistics 638,Front Company,LOC-001927,NARCOTICS,Active,true
ORG-000639,Lotus Trading 639,Transport Company,LOC-001932,ROBBERY_DACOITY,Active,true
ORG-000640,Orion Transport 640,Front Company,LOC-001935,KIDNAPPING,Active,true
ORG-000641,Falcon Services 641,Front Company,LOC-001938,KIDNAPPING,Active,true
ORG-000642,Harbor Services 642,Hospitality Business,LOC-001941,FINANCIAL_FRAUD,Active,true
ORG-000643,Falcon Solutions 643,Shell-like Synthetic Entity,LOC-001943,MIXED_CRIME,Active,true
ORG-000644,Cedar Transport 644,Hospitality Business,LOC-001948,FINANCIAL_FRAUD,Active,true
ORG-000645,Everest Enterprises 645,Construction Firm,LOC-001950,HUMAN_TRAFFICKING,Inactive,true
ORG-000646,Blue Services 646,Trading Company,LOC-001955,ORGANIZED_CRIME,Inactive,true
ORG-000647,Pioneer Enterprises 647,Legitimate Business,LOC-001956,KIDNAPPING,Inactive,true
ORG-000648,Blue Solutions 648,Construction Firm,LOC-001961,HUMAN_TRAFFICKING,Active,true
ORG-000649,Lotus Logistics 649,Front Company,LOC-001962,NARCOTICS,Active,true
ORG-000650,Harbor Transport 650,Logistics Company,LOC-001964,ROBBERY_DACOITY,Active,true
ORG-000651,Delta Trading 651,Transport Company,LOC-001970,FINANCIAL_FRAUD,Active,true
ORG-000652,Orion Enterprises 652,Transport Company,LOC-001973,ORGANIZED_CRIME,Active,true
ORG-000653,Everest Transport 653,Transport Company,LOC-001976,ORGANIZED_CRIME,Inactive,true
ORG-000654,Northstar Trading 654,Shell-like Synthetic Entity,LOC-001979,NARCOTICS,Active,true
ORG-000655,Lotus Solutions 655,Shell-like Synthetic Entity,LOC-001983,KIDNAPPING,Active,true
ORG-000656,Pioneer Services 656,Hospitality Business,LOC-001986,NARCOTICS,Active,true
ORG-000657,Indigo Services 657,Logistics Company,LOC-001988,HUMAN_TRAFFICKING,Active,true
ORG-000658,Delta Solutions 658,Transport Company,LOC-001990,NARCOTICS,Active,true
ORG-000659,Pioneer Logistics 659,Trading Company,LOC-001993,ROBBERY_DACOITY,Active,true
ORG-000660,Falcon Transport 660,Shell-like Synthetic Entity,LOC-001996,MIXED_CRIME,Active,true
ORG-000661,Falcon Logistics 661,Legitimate Business,LOC-001999,MIXED_CRIME,Active,true
ORG-000662,Blue Transport 662,Transport Company,LOC-002001,MIXED_CRIME,Inactive,true
ORG-000663,Pioneer Logistics 663,Legitimate Business,LOC-002004,MIXED_CRIME,Active,true
ORG-000664,Orion Logistics 664,Transport Company,LOC-002010,MIXED_CRIME,Active,true
ORG-000665,Cedar Logistics 665,Hospitality Business,LOC-002012,MIXED_CRIME,Active,true
ORG-000666,Pioneer Services 666,Legitimate Business,LOC-002015,ORGANIZED_CRIME,Inactive,true
ORG-000667,Orion Trading 667,Front Company,LOC-002018,ORGANIZED_CRIME,Active,true
ORG-000668,Everest Logistics 668,Shell-like Synthetic Entity,LOC-002020,ROBBERY_DACOITY,Active,true
ORG-000669,Orion Enterprises 669,Shell-like Synthetic Entity,LOC-002022,ORGANIZED_CRIME,Inactive,true
ORG-000670,Delta Logistics 670,Trading Company,LOC-002024,ORGANIZED_CRIME,Inactive,true
ORG-000671,Indigo Logistics 671,Trading Company,LOC-002027,ORGANIZED_CRIME,Inactive,true
ORG-000672,Pioneer Transport 672,Digital Services Firm,LOC-002029,FINANCIAL_FRAUD,Active,true
ORG-000673,Northstar Logistics 673,Shell-like Synthetic Entity,LOC-002033,ROBBERY_DACOITY,Inactive,true
ORG-000674,Falcon Logistics 674,Hospitality Business,LOC-002036,MIXED_CRIME,Inactive,true
ORG-000675,Lotus Transport 675,Legitimate Business,LOC-002040,NARCOTICS,Active,true
ORG-000676,Falcon Services 676,Legitimate Business,LOC-002045,ORGANIZED_CRIME,Active,true
ORG-000677,Orion Services 677,Hospitality Business,LOC-002048,ROBBERY_DACOITY,Active,true
ORG-000678,Indigo Solutions 678,Shell-like Synthetic Entity,LOC-002052,MIXED_CRIME,Active,true
ORG-000679,Cedar Trading 679,Transport Company,LOC-002055,ORGANIZED_CRIME,Active,true
ORG-000680,Harbor Services 680,Transport Company,LOC-002059,HUMAN_TRAFFICKING,Active,true
ORG-000681,Pioneer Solutions 681,Trading Company,LOC-002062,HUMAN_TRAFFICKING,Active,true
ORG-000682,Indigo Enterprises 682,Front Company,LOC-002064,MIXED_CRIME,Active,true
ORG-000683,Delta Services 683,Trading Company,LOC-002067,MIXED_CRIME,Inactive,true
ORG-000684,Harbor Trading 684,Front Company,LOC-002070,FINANCIAL_FRAUD,Active,true
ORG-000685,Northstar Logistics 685,Shell-like Synthetic Entity,LOC-002071,MIXED_CRIME,Inactive,true
ORG-000686,Pioneer Services 686,Digital Services Firm,LOC-002074,NARCOTICS,Inactive,true
ORG-000687,Everest Services 687,Digital Services Firm,LOC-002079,FINANCIAL_FRAUD,Active,true
ORG-000688,Orion Solutions 688,Shell-like Synthetic Entity,LOC-002082,MIXED_CRIME,Active,true
ORG-000689,Orion Services 689,Logistics Company,LOC-002086,CYBERCRIME,Active,true
ORG-000690,Delta Enterprises 690,Legitimate Business,LOC-002087,ORGANIZED_CRIME,Inactive,true
ORG-000691,Indigo Logistics 691,Transport Company,LOC-002092,MIXED_CRIME,Inactive,true
ORG-000692,Cedar Trading 692,Digital Services Firm,LOC-002094,FINANCIAL_FRAUD,Active,true
ORG-000693,Indigo Enterprises 693,Hospitality Business,LOC-002097,MIXED_CRIME,Active,true
ORG-000694,Cedar Trading 694,Digital Services Firm,LOC-002099,ORGANIZED_CRIME,Active,true
ORG-000695,Aster Solutions 695,Shell-like Synthetic Entity,LOC-002105,MIXED_CRIME,Active,true
ORG-000696,Orion Trading 696,Construction Firm,LOC-002106,CYBERCRIME,Inactive,true
ORG-000697,Pioneer Logistics 697,Front Company,LOC-002110,MIXED_CRIME,Active,true
ORG-000698,Northstar Services 698,Construction Firm,LOC-002114,ORGANIZED_CRIME,Active,true
ORG-000699,Everest Logistics 699,Digital Services Firm,LOC-002116,MIXED_CRIME,Active,true
ORG-000700,Pioneer Logistics 700,Front Company,LOC-002118,ORGANIZED_CRIME,Inactive,true
ORG-000701,Falcon Services 701,Hospitality Business,LOC-002120,KIDNAPPING,Active,true
ORG-000702,Aster Solutions 702,Shell-like Synthetic Entity,LOC-002123,ROBBERY_DACOITY,Active,true
ORG-000703,Orion Logistics 703,Trading Company,LOC-002126,KIDNAPPING,Inactive,true
ORG-000704,Northstar Trading 704,Front Company,LOC-002127,FINANCIAL_FRAUD,Active,true
ORG-000705,Pioneer Transport 705,Shell-like Synthetic Entity,LOC-002129,ORGANIZED_CRIME,Inactive,true
ORG-000706,Harbor Logistics 706,Digital Services Firm,LOC-002132,MIXED_CRIME,Active,true
ORG-000707,Northstar Logistics 707,Construction Firm,LOC-002135,NARCOTICS,Active,true
ORG-000708,Pioneer Services 708,Trading Company,LOC-002136,KIDNAPPING,Active,true
ORG-000709,Delta Trading 709,Digital Services Firm,LOC-002140,MIXED_CRIME,Active,true
ORG-000710,Lotus Services 710,Front Company,LOC-002142,MIXED_CRIME,Active,true
ORG-000711,Harbor Transport 711,Hospitality Business,LOC-002147,MIXED_CRIME,Active,true
ORG-000712,Delta Enterprises 712,Front Company,LOC-002148,ORGANIZED_CRIME,Active,true
ORG-000713,Falcon Trading 713,Digital Services Firm,LOC-002152,ROBBERY_DACOITY,Active,true
ORG-000714,Harbor Logistics 714,Legitimate Business,LOC-002156,ROBBERY_DACOITY,Active,true
ORG-000715,Pioneer Enterprises 715,Hospitality Business,LOC-002161,CYBERCRIME,Active,true
ORG-000716,Lotus Enterprises 716,Digital Services Firm,LOC-002163,ORGANIZED_CRIME,Active,true
ORG-000717,Harbor Logistics 717,Shell-like Synthetic Entity,LOC-002167,ORGANIZED_CRIME,Inactive,true
ORG-000718,Everest Enterprises 718,Construction Firm,LOC-002169,ROBBERY_DACOITY,Active,true
ORG-000719,Northstar Transport 719,Legitimate Business,LOC-002173,ROBBERY_DACOITY,Active,true
ORG-000720,Northstar Enterprises 720,Front Company,LOC-002176,FINANCIAL_FRAUD,Inactive,true
ORG-000721,Cedar Services 721,Trading Company,LOC-002179,ROBBERY_DACOITY,Active,true
ORG-000722,Everest Services 722,Front Company,LOC-002180,MIXED_CRIME,Active,true
ORG-000723,Everest Enterprises 723,Trading Company,LOC-002182,CYBERCRIME,Active,true
ORG-000724,Falcon Logistics 724,Hospitality Business,LOC-002185,MIXED_CRIME,Inactive,true
ORG-000725,Everest Logistics 725,Hospitality Business,LOC-002186,ROBBERY_DACOITY,Active,true
ORG-000726,Aster Trading 726,Digital Services Firm,LOC-002189,ORGANIZED_CRIME,Active,true
ORG-000727,Harbor Solutions 727,Trading Company,LOC-002193,KIDNAPPING,Active,true
ORG-000728,Pioneer Transport 728,Shell-like Synthetic Entity,LOC-002196,KIDNAPPING,Active,true
ORG-000729,Harbor Logistics 729,Front Company,LOC-002199,MIXED_CRIME,Active,true
ORG-000730,Indigo Enterprises 730,Digital Services Firm,LOC-002205,MIXED_CRIME,Active,true
ORG-000731,Orion Enterprises 731,Trading Company,LOC-002207,ROBBERY_DACOITY,Inactive,true
ORG-000732,Northstar Services 732,Front Company,LOC-002210,KIDNAPPING,Active,true
ORG-000733,Aster Trading 733,Legitimate Business,LOC-002213,ORGANIZED_CRIME,Active,true
ORG-000734,Cedar Logistics 734,Shell-like Synthetic Entity,LOC-002216,ORGANIZED_CRIME,Active,true
ORG-000735,Indigo Transport 735,Logistics Company,LOC-002217,ORGANIZED_CRIME,Inactive,true
ORG-000736,Falcon Logistics 736,Front Company,LOC-002220,KIDNAPPING,Inactive,true
ORG-000737,Lotus Transport 737,Shell-like Synthetic Entity,LOC-002224,NARCOTICS,Active,true
ORG-000738,Orion Services 738,Digital Services Firm,LOC-002228,ORGANIZED_CRIME,Active,true
ORG-000739,Pioneer Logistics 739,Transport Company,LOC-002230,ORGANIZED_CRIME,Active,true
ORG-000740,Everest Trading 740,Trading Company,LOC-002233,MIXED_CRIME,Inactive,true
ORG-000741,Harbor Logistics 741,Shell-like Synthetic Entity,LOC-002235,ORGANIZED_CRIME,Inactive,true
ORG-000742,Cedar Trading 742,Transport Company,LOC-002237,ORGANIZED_CRIME,Active,true
ORG-000743,Indigo Transport 743,Hospitality Business,LOC-002241,MIXED_CRIME,Inactive,true
ORG-000744,Lotus Logistics 744,Hospitality Business,LOC-002246,FINANCIAL_FRAUD,Inactive,true
ORG-000745,Aster Enterprises 745,Transport Company,LOC-002248,MIXED_CRIME,Active,true
ORG-000746,Pioneer Transport 746,Digital Services Firm,LOC-002254,KIDNAPPING,Active,true
ORG-000747,Northstar Logistics 747,Digital Services Firm,LOC-002255,NARCOTICS,Active,true
ORG-000748,Lotus Solutions 748,Logistics Company,LOC-002257,ORGANIZED_CRIME,Inactive,true
ORG-000749,Pioneer Services 749,Transport Company,LOC-002259,HUMAN_TRAFFICKING,Inactive,true
ORG-000750,Lotus Enterprises 750,Digital Services Firm,LOC-002265,MIXED_CRIME,Active,true
ORG-000751,Everest Solutions 751,Trading Company,LOC-002269,ORGANIZED_CRIME,Inactive,true
ORG-000752,Northstar Trading 752,Shell-like Synthetic Entity,LOC-002270,NARCOTICS,Inactive,true
ORG-000753,Indigo Enterprises 753,Front Company,LOC-002276,MIXED_CRIME,Active,true
ORG-000754,Cedar Logistics 754,Transport Company,LOC-002280,ORGANIZED_CRIME,Active,true
ORG-000755,Cedar Trading 755,Hospitality Business,LOC-002282,CYBERCRIME,Inactive,true
ORG-000756,Northstar Services 756,Construction Firm,LOC-002285,ROBBERY_DACOITY,Inactive,true
ORG-000757,Orion Logistics 757,Transport Company,LOC-002287,ORGANIZED_CRIME,Active,true
ORG-000758,Delta Solutions 758,Construction Firm,LOC-002294,KIDNAPPING,Active,true
ORG-000759,Orion Services 759,Transport Company,LOC-002296,MIXED_CRIME,Inactive,true
ORG-000760,Falcon Solutions 760,Legitimate Business,LOC-002297,MIXED_CRIME,Active,true
ORG-000761,Everest Transport 761,Digital Services Firm,LOC-002301,ORGANIZED_CRIME,Inactive,true
ORG-000762,Orion Services 762,Construction Firm,LOC-002306,KIDNAPPING,Active,true
ORG-000763,Falcon Enterprises 763,Shell-like Synthetic Entity,LOC-002307,MIXED_CRIME,Active,true
ORG-000764,Indigo Logistics 764,Shell-like Synthetic Entity,LOC-002310,ORGANIZED_CRIME,Active,true
ORG-000765,Cedar Logistics 765,Front Company,LOC-002315,FINANCIAL_FRAUD,Active,true
ORG-000766,Northstar Enterprises 766,Hospitality Business,LOC-002317,ORGANIZED_CRIME,Active,true
ORG-000767,Pioneer Trading 767,Digital Services Firm,LOC-002320,MIXED_CRIME,Inactive,true
ORG-000768,Orion Services 768,Front Company,LOC-002322,ORGANIZED_CRIME,Active,true
ORG-000769,Falcon Enterprises 769,Shell-like Synthetic Entity,LOC-002326,ORGANIZED_CRIME,Inactive,true
ORG-000770,Indigo Solutions 770,Shell-like Synthetic Entity,LOC-002328,MIXED_CRIME,Active,true
ORG-000771,Pioneer Solutions 771,Front Company,LOC-002331,ORGANIZED_CRIME,Active,true
ORG-000772,Orion Trading 772,Legitimate Business,LOC-002333,ORGANIZED_CRIME,Inactive,true
ORG-000773,Blue Trading 773,Digital Services Firm,LOC-002338,HUMAN_TRAFFICKING,Active,true
ORG-000774,Lotus Services 774,Shell-like Synthetic Entity,LOC-002339,MIXED_CRIME,Active,true
ORG-000775,Northstar Logistics 775,Construction Firm,LOC-002342,MIXED_CRIME,Inactive,true
ORG-000776,Indigo Trading 776,Hospitality Business,LOC-002344,MIXED_CRIME,Active,true
ORG-000777,Everest Trading 777,Hospitality Business,LOC-002349,MIXED_CRIME,Inactive,true
ORG-000778,Harbor Logistics 778,Logistics Company,LOC-002351,ROBBERY_DACOITY,Inactive,true
ORG-000779,Everest Enterprises 779,Legitimate Business,LOC-002354,FINANCIAL_FRAUD,Inactive,true
ORG-000780,Northstar Logistics 780,Front Company,LOC-002356,ORGANIZED_CRIME,Inactive,true
ORG-000781,Cedar Solutions 781,Hospitality Business,LOC-002359,ORGANIZED_CRIME,Active,true
ORG-000782,Everest Solutions 782,Shell-like Synthetic Entity,LOC-002362,MIXED_CRIME,Inactive,true
ORG-000783,Aster Transport 783,Shell-like Synthetic Entity,LOC-002367,MIXED_CRIME,Inactive,true
ORG-000784,Everest Solutions 784,Digital Services Firm,LOC-002369,ORGANIZED_CRIME,Active,true
ORG-000785,Harbor Trading 785,Digital Services Firm,LOC-002372,ORGANIZED_CRIME,Inactive,true
ORG-000786,Lotus Trading 786,Shell-like Synthetic Entity,LOC-002377,ORGANIZED_CRIME,Active,true
ORG-000787,Cedar Enterprises 787,Hospitality Business,LOC-002379,MIXED_CRIME,Active,true
ORG-000788,Everest Logistics 788,Shell-like Synthetic Entity,LOC-002383,MIXED_CRIME,Inactive,true
ORG-000789,Northstar Solutions 789,Shell-like Synthetic Entity,LOC-002385,MIXED_CRIME,Active,true
ORG-000790,Indigo Enterprises 790,Trading Company,LOC-002389,ORGANIZED_CRIME,Inactive,true
ORG-000791,Everest Services 791,Hospitality Business,LOC-002392,ROBBERY_DACOITY,Inactive,true
ORG-000792,Blue Transport 792,Digital Services Firm,LOC-002398,NARCOTICS,Active,true
ORG-000793,Lotus Enterprises 793,Trading Company,LOC-002402,CYBERCRIME,Active,true
ORG-000794,Harbor Solutions 794,Transport Company,LOC-002403,MIXED_CRIME,Inactive,true
ORG-000795,Blue Enterprises 795,Trading Company,LOC-002406,ROBBERY_DACOITY,Active,true
ORG-000796,Harbor Logistics 796,Digital Services Firm,LOC-002409,FINANCIAL_FRAUD,Inactive,true
ORG-000797,Pioneer Trading 797,Legitimate Business,LOC-002412,KIDNAPPING,Inactive,true
ORG-000798,Lotus Solutions 798,Transport Company,LOC-002414,ORGANIZED_CRIME,Active,true
ORG-000799,Blue Trading 799,Digital Services Firm,LOC-002418,FINANCIAL_FRAUD,Inactive,true
ORG-000800,Northstar Enterprises 800,Logistics Company,LOC-002420,MIXED_CRIME,Inactive,true
ORG-000801,Harbor Solutions 801,Shell-like Synthetic Entity,LOC-002423,MIXED_CRIME,Active,true
ORG-000802,Harbor Trading 802,Front Company,LOC-002426,ORGANIZED_CRIME,Active,true
ORG-000803,Everest Services 803,Front Company,LOC-002432,ORGANIZED_CRIME,Inactive,true
ORG-000804,Lotus Transport 804,Construction Firm,LOC-002436,ORGANIZED_CRIME,Inactive,true
ORG-000805,Northstar Services 805,Digital Services Firm,LOC-002437,ROBBERY_DACOITY,Active,true
ORG-000806,Indigo Enterprises 806,Transport Company,LOC-002442,ORGANIZED_CRIME,Active,true
ORG-000807,Lotus Services 807,Transport Company,LOC-002444,KIDNAPPING,Active,true
ORG-000808,Harbor Services 808,Front Company,LOC-002447,NARCOTICS,Inactive,true
ORG-000809,Delta Services 809,Digital Services Firm,LOC-002450,FINANCIAL_FRAUD,Active,true
ORG-000810,Blue Transport 810,Transport Company,LOC-002453,MIXED_CRIME,Active,true
ORG-000811,Orion Services 811,Front Company,LOC-002455,KIDNAPPING,Active,true
ORG-000812,Falcon Logistics 812,Digital Services Firm,LOC-002457,MIXED_CRIME,Active,true
ORG-000813,Delta Enterprises 813,Digital Services Firm,LOC-002460,ORGANIZED_CRIME,Active,true
ORG-000814,Northstar Solutions 814,Front Company,LOC-002462,FINANCIAL_FRAUD,Active,true
ORG-000815,Northstar Solutions 815,Front Company,LOC-002466,CYBERCRIME,Active,true
ORG-000816,Delta Enterprises 816,Front Company,LOC-002467,ORGANIZED_CRIME,Active,true
ORG-000817,Indigo Logistics 817,Digital Services Firm,LOC-002470,ORGANIZED_CRIME,Active,true
ORG-000818,Pioneer Logistics 818,Shell-like Synthetic Entity,LOC-002474,MIXED_CRIME,Inactive,true
ORG-000819,Pioneer Trading 819,Hospitality Business,LOC-002479,ROBBERY_DACOITY,Active,true
ORG-000820,Falcon Logistics 820,Construction Firm,LOC-002481,NARCOTICS,Active,true
ORG-000821,Pioneer Solutions 821,Digital Services Firm,LOC-002483,ORGANIZED_CRIME,Inactive,true
ORG-000822,Cedar Trading 822,Hospitality Business,LOC-002486,ORGANIZED_CRIME,Inactive,true
ORG-000823,Pioneer Logistics 823,Trading Company,LOC-002490,MIXED_CRIME,Inactive,true
ORG-000824,Aster Enterprises 824,Digital Services Firm,LOC-002491,ROBBERY_DACOITY,Active,true
ORG-000825,Northstar Services 825,Front Company,LOC-002494,MIXED_CRIME,Active,true
ORG-000826,Harbor Services 826,Construction Firm,LOC-002495,ORGANIZED_CRIME,Inactive,true
ORG-000827,Northstar Solutions 827,Trading Company,LOC-002499,MIXED_CRIME,Active,true
ORG-000828,Delta Logistics 828,Hospitality Business,LOC-002503,FINANCIAL_FRAUD,Inactive,true
ORG-000829,Blue Logistics 829,Transport Company,LOC-002504,MIXED_CRIME,Inactive,true
ORG-000830,Northstar Enterprises 830,Construction Firm,LOC-002506,MIXED_CRIME,Active,true
ORG-000831,Everest Solutions 831,Legitimate Business,LOC-002510,MIXED_CRIME,Active,true
ORG-000832,Blue Logistics 832,Legitimate Business,LOC-002511,KIDNAPPING,Active,true
ORG-000833,Blue Enterprises 833,Transport Company,LOC-002515,ORGANIZED_CRIME,Active,true
ORG-000834,Everest Services 834,Digital Services Firm,LOC-002517,FINANCIAL_FRAUD,Active,true
ORG-000835,Falcon Enterprises 835,Logistics Company,LOC-002520,HUMAN_TRAFFICKING,Active,true
ORG-000836,Blue Logistics 836,Legitimate Business,LOC-002523,MIXED_CRIME,Inactive,true
ORG-000837,Pioneer Solutions 837,Shell-like Synthetic Entity,LOC-002527,NARCOTICS,Active,true
ORG-000838,Lotus Logistics 838,Transport Company,LOC-002529,KIDNAPPING,Inactive,true
ORG-000839,Pioneer Services 839,Trading Company,LOC-002531,FINANCIAL_FRAUD,Active,true
ORG-000840,Pioneer Transport 840,Transport Company,LOC-002535,MIXED_CRIME,Active,true
ORG-000841,Indigo Solutions 841,Hospitality Business,LOC-002536,ORGANIZED_CRIME,Inactive,true
ORG-000842,Blue Solutions 842,Shell-like Synthetic Entity,LOC-002541,ORGANIZED_CRIME,Inactive,true
ORG-000843,Aster Trading 843,Construction Firm,LOC-002543,ORGANIZED_CRIME,Active,true
ORG-000844,Everest Enterprises 844,Transport Company,LOC-002546,FINANCIAL_FRAUD,Inactive,true
ORG-000845,Aster Solutions 845,Digital Services Firm,LOC-002547,ORGANIZED_CRIME,Inactive,true
ORG-000846,Lotus Solutions 846,Trading Company,LOC-002552,ROBBERY_DACOITY,Inactive,true
ORG-000847,Indigo Enterprises 847,Front Company,LOC-002553,ROBBERY_DACOITY,Active,true
ORG-000848,Orion Transport 848,Transport Company,LOC-002556,MIXED_CRIME,Inactive,true
ORG-000849,Indigo Services 849,Front Company,LOC-002561,ORGANIZED_CRIME,Active,true
ORG-000850,Orion Solutions 850,Front Company,LOC-002566,NARCOTICS,Inactive,true
ORG-000851,Blue Services 851,Front Company,LOC-002568,HUMAN_TRAFFICKING,Inactive,true
ORG-000852,Lotus Logistics 852,Front Company,LOC-002571,NARCOTICS,Active,true
ORG-000853,Aster Enterprises 853,Logistics Company,LOC-002576,KIDNAPPING,Active,true
ORG-000854,Blue Enterprises 854,Front Company,LOC-002579,FINANCIAL_FRAUD,Inactive,true
ORG-000855,Blue Trading 855,Transport Company,LOC-002581,ORGANIZED_CRIME,Active,true
ORG-000856,Delta Transport 856,Construction Firm,LOC-002586,ORGANIZED_CRIME,Active,true
ORG-000857,Orion Solutions 857,Trading Company,LOC-002588,ORGANIZED_CRIME,Active,true
ORG-000858,Blue Logistics 858,Construction Firm,LOC-002591,MIXED_CRIME,Inactive,true
ORG-000859,Everest Solutions 859,Transport Company,LOC-002595,NARCOTICS,Active,true
ORG-000860,Harbor Trading 860,Shell-like Synthetic Entity,LOC-002597,MIXED_CRIME,Active,true
ORG-000861,Falcon Transport 861,Transport Company,LOC-002601,ORGANIZED_CRIME,Active,true
ORG-000862,Delta Trading 862,Legitimate Business,LOC-002603,MIXED_CRIME,Active,true
ORG-000863,Orion Services 863,Trading Company,LOC-002606,ORGANIZED_CRIME,Active,true
ORG-000864,Cedar Transport 864,Construction Firm,LOC-002612,ORGANIZED_CRIME,Active,true
ORG-000865,Blue Services 865,Shell-like Synthetic Entity,LOC-002616,NARCOTICS,Active,true
ORG-000866,Orion Transport 866,Trading Company,LOC-002617,HUMAN_TRAFFICKING,Active,true
ORG-000867,Everest Solutions 867,Trading Company,LOC-002624,FINANCIAL_FRAUD,Inactive,true
ORG-000868,Blue Trading 868,Logistics Company,LOC-002626,ROBBERY_DACOITY,Inactive,true
ORG-000869,Northstar Transport 869,Hospitality Business,LOC-002628,MIXED_CRIME,Active,true
ORG-000870,Delta Logistics 870,Front Company,LOC-002632,ORGANIZED_CRIME,Inactive,true
ORG-000871,Aster Solutions 871,Construction Firm,LOC-002633,FINANCIAL_FRAUD,Active,true
ORG-000872,Lotus Transport 872,Hospitality Business,LOC-002637,NARCOTICS,Active,true
ORG-000873,Orion Logistics 873,Trading Company,LOC-002639,NARCOTICS,Active,true
ORG-000874,Cedar Trading 874,Construction Firm,LOC-002641,ROBBERY_DACOITY,Active,true
ORG-000875,Everest Transport 875,Digital Services Firm,LOC-002644,KIDNAPPING,Active,true
ORG-000876,Orion Services 876,Legitimate Business,LOC-002647,FINANCIAL_FRAUD,Active,true
ORG-000877,Harbor Enterprises 877,Front Company,LOC-002654,FINANCIAL_FRAUD,Active,true
ORG-000878,Indigo Enterprises 878,Hospitality Business,LOC-002655,MIXED_CRIME,Inactive,true
ORG-000879,Aster Logistics 879,Hospitality Business,LOC-002659,ROBBERY_DACOITY,Active,true
ORG-000880,Falcon Services 880,Trading Company,LOC-002662,HUMAN_TRAFFICKING,Active,true
ORG-000881,Blue Logistics 881,Construction Firm,LOC-002664,MIXED_CRIME,Active,true
ORG-000882,Delta Services 882,Digital Services Firm,LOC-002667,ORGANIZED_CRIME,Active,true
ORG-000883,Northstar Logistics 883,Shell-like Synthetic Entity,LOC-002669,MIXED_CRIME,Active,true
ORG-000884,Lotus Services 884,Trading Company,LOC-002672,MIXED_CRIME,Inactive,true
ORG-000885,Blue Trading 885,Front Company,LOC-002675,MIXED_CRIME,Active,true
ORG-000886,Cedar Logistics 886,Shell-like Synthetic Entity,LOC-002677,KIDNAPPING,Inactive,true
ORG-000887,Everest Trading 887,Trading Company,LOC-002683,NARCOTICS,Active,true
ORG-000888,Cedar Trading 888,Transport Company,LOC-002686,KIDNAPPING,Inactive,true
ORG-000889,Delta Trading 889,Logistics Company,LOC-002690,MIXED_CRIME,Active,true
ORG-000890,Pioneer Logistics 890,Shell-like Synthetic Entity,LOC-002691,ORGANIZED_CRIME,Active,true
ORG-000891,Northstar Logistics 891,Hospitality Business,LOC-002695,ORGANIZED_CRIME,Inactive,true
ORG-000892,Northstar Logistics 892,Logistics Company,LOC-002700,MIXED_CRIME,Active,true
ORG-000893,Aster Enterprises 893,Construction Firm,LOC-002701,NARCOTICS,Active,true
ORG-000894,Blue Solutions 894,Construction Firm,LOC-002705,ORGANIZED_CRIME,Active,true
ORG-000895,Northstar Transport 895,Construction Firm,LOC-002710,MIXED_CRIME,Inactive,true
ORG-000896,Lotus Services 896,Front Company,LOC-002714,ORGANIZED_CRIME,Active,true
ORG-000897,Lotus Services 897,Hospitality Business,LOC-002716,ORGANIZED_CRIME,Inactive,true
ORG-000898,Orion Logistics 898,Hospitality Business,LOC-002719,FINANCIAL_FRAUD,Inactive,true
ORG-000899,Aster Transport 899,Hospitality Business,LOC-002721,ORGANIZED_CRIME,Active,true
ORG-000900,Cedar Enterprises 900,Digital Services Firm,LOC-002723,ORGANIZED_CRIME,Active,true
ORG-000901,Everest Enterprises 901,Front Company,LOC-002726,ORGANIZED_CRIME,Active,true
ORG-000902,Lotus Trading 902,Hospitality Business,LOC-002727,ORGANIZED_CRIME,Inactive,true
ORG-000903,Northstar Enterprises 903,Logistics Company,LOC-002731,ORGANIZED_CRIME,Inactive,true
ORG-000904,Delta Transport 904,Front Company,LOC-002733,ORGANIZED_CRIME,Active,true
ORG-000905,Lotus Logistics 905,Legitimate Business,LOC-002737,ORGANIZED_CRIME,Active,true
ORG-000906,Everest Enterprises 906,Digital Services Firm,LOC-002741,MIXED_CRIME,Inactive,true
ORG-000907,Orion Enterprises 907,Hospitality Business,LOC-002744,ORGANIZED_CRIME,Active,true
ORG-000908,Everest Trading 908,Logistics Company,LOC-002748,MIXED_CRIME,Active,true
ORG-000909,Northstar Transport 909,Shell-like Synthetic Entity,LOC-002750,MIXED_CRIME,Inactive,true
ORG-000910,Delta Solutions 910,Digital Services Firm,LOC-002752,NARCOTICS,Active,true
ORG-000911,Northstar Services 911,Transport Company,LOC-002756,MIXED_CRIME,Inactive,true
ORG-000912,Orion Logistics 912,Hospitality Business,LOC-002758,MIXED_CRIME,Active,true
ORG-000913,Aster Solutions 913,Digital Services Firm,LOC-002761,MIXED_CRIME,Active,true
ORG-000914,Blue Transport 914,Legitimate Business,LOC-002763,MIXED_CRIME,Active,true
ORG-000915,Delta Transport 915,Legitimate Business,LOC-002765,NARCOTICS,Active,true
ORG-000916,Everest Trading 916,Legitimate Business,LOC-002770,ORGANIZED_CRIME,Active,true
ORG-000917,Cedar Enterprises 917,Shell-like Synthetic Entity,LOC-002772,CYBERCRIME,Active,true
ORG-000918,Orion Trading 918,Digital Services Firm,LOC-002773,ORGANIZED_CRIME,Active,true
ORG-000919,Lotus Solutions 919,Front Company,LOC-002776,FINANCIAL_FRAUD,Active,true
ORG-000920,Pioneer Enterprises 920,Hospitality Business,LOC-002777,KIDNAPPING,Active,true
ORG-000921,Everest Enterprises 921,Construction Firm,LOC-002781,MIXED_CRIME,Inactive,true
ORG-000922,Cedar Transport 922,Logistics Company,LOC-002785,MIXED_CRIME,Active,true
ORG-000923,Everest Enterprises 923,Shell-like Synthetic Entity,LOC-002787,ORGANIZED_CRIME,Active,true
ORG-000924,Blue Logistics 924,Trading Company,LOC-002790,ROBBERY_DACOITY,Inactive,true
ORG-000925,Cedar Trading 925,Transport Company,LOC-002792,ROBBERY_DACOITY,Inactive,true
ORG-000926,Lotus Solutions 926,Digital Services Firm,LOC-002797,ORGANIZED_CRIME,Active,true
ORG-000927,Blue Enterprises 927,Digital Services Firm,LOC-002800,ORGANIZED_CRIME,Active,true
ORG-000928,Aster Logistics 928,Hospitality Business,LOC-002803,NARCOTICS,Inactive,true
ORG-000929,Falcon Services 929,Legitimate Business,LOC-002805,ROBBERY_DACOITY,Active,true
ORG-000930,Pioneer Logistics 930,Front Company,LOC-002808,ORGANIZED_CRIME,Active,true
ORG-000931,Harbor Trading 931,Legitimate Business,LOC-002811,ORGANIZED_CRIME,Active,true
ORG-000932,Pioneer Enterprises 932,Legitimate Business,LOC-002814,ORGANIZED_CRIME,Active,true
ORG-000933,Delta Trading 933,Trading Company,LOC-002816,ROBBERY_DACOITY,Active,true
ORG-000934,Blue Enterprises 934,Trading Company,LOC-002821,KIDNAPPING,Active,true
ORG-000935,Orion Solutions 935,Digital Services Firm,LOC-002823,ROBBERY_DACOITY,Active,true
ORG-000936,Lotus Services 936,Front Company,LOC-002827,MIXED_CRIME,Active,true
ORG-000937,Indigo Solutions 937,Legitimate Business,LOC-002831,ORGANIZED_CRIME,Inactive,true
ORG-000938,Indigo Services 938,Logistics Company,LOC-002834,MIXED_CRIME,Inactive,true
ORG-000939,Harbor Enterprises 939,Hospitality Business,LOC-002835,ORGANIZED_CRIME,Inactive,true
ORG-000940,Everest Services 940,Logistics Company,LOC-002837,MIXED_CRIME,Active,true
ORG-000941,Orion Services 941,Legitimate Business,LOC-002839,MIXED_CRIME,Active,true
ORG-000942,Everest Transport 942,Shell-like Synthetic Entity,LOC-002843,ORGANIZED_CRIME,Active,true
ORG-000943,Pioneer Solutions 943,Construction Firm,LOC-002848,ROBBERY_DACOITY,Inactive,true
ORG-000944,Northstar Trading 944,Logistics Company,LOC-002849,MIXED_CRIME,Active,true
ORG-000945,Blue Enterprises 945,Construction Firm,LOC-002852,CYBERCRIME,Active,true
ORG-000946,Indigo Solutions 946,Trading Company,LOC-002856,MIXED_CRIME,Inactive,true
ORG-000947,Orion Solutions 947,Shell-like Synthetic Entity,LOC-002859,MIXED_CRIME,Active,true
ORG-000948,Aster Logistics 948,Shell-like Synthetic Entity,LOC-002865,MIXED_CRIME,Inactive,true
ORG-000949,Delta Trading 949,Logistics Company,LOC-002869,MIXED_CRIME,Active,true
ORG-000950,Falcon Solutions 950,Trading Company,LOC-002870,NARCOTICS,Inactive,true
ORG-000951,Cedar Trading 951,Trading Company,LOC-002874,FINANCIAL_FRAUD,Active,true
ORG-000952,Harbor Logistics 952,Legitimate Business,LOC-002881,MIXED_CRIME,Active,true
ORG-000953,Aster Services 953,Trading Company,LOC-002883,NARCOTICS,Inactive,true
ORG-000954,Harbor Transport 954,Digital Services Firm,LOC-002885,ORGANIZED_CRIME,Inactive,true
ORG-000955,Blue Solutions 955,Trading Company,LOC-002887,ROBBERY_DACOITY,Inactive,true
ORG-000956,Aster Trading 956,Trading Company,LOC-002890,CYBERCRIME,Active,true
ORG-000957,Cedar Solutions 957,Construction Firm,LOC-002896,ORGANIZED_CRIME,Inactive,true
ORG-000958,Falcon Enterprises 958,Digital Services Firm,LOC-002899,KIDNAPPING,Inactive,true
ORG-000959,Falcon Services 959,Transport Company,LOC-002901,NARCOTICS,Active,true
ORG-000960,Northstar Services 960,Trading Company,LOC-002905,MIXED_CRIME,Active,true
ORG-000961,Northstar Trading 961,Hospitality Business,LOC-002910,CYBERCRIME,Inactive,true
ORG-000962,Falcon Transport 962,Digital Services Firm,LOC-002915,MIXED_CRIME,Active,true
ORG-000963,Everest Enterprises 963,Construction Firm,LOC-002917,MIXED_CRIME,Active,true
ORG-000964,Delta Trading 964,Shell-like Synthetic Entity,LOC-002919,MIXED_CRIME,Active,true
ORG-000965,Pioneer Services 965,Trading Company,LOC-002921,MIXED_CRIME,Active,true
ORG-000966,Falcon Logistics 966,Transport Company,LOC-002924,KIDNAPPING,Active,true
ORG-000967,Falcon Services 967,Construction Firm,LOC-002926,NARCOTICS,Inactive,true
ORG-000968,Delta Trading 968,Digital Services Firm,LOC-002928,ROBBERY_DACOITY,Active,true
ORG-000969,Pioneer Services 969,Legitimate Business,LOC-002932,ROBBERY_DACOITY,Active,true
ORG-000970,Cedar Trading 970,Legitimate Business,LOC-002935,MIXED_CRIME,Active,true
ORG-000971,Harbor Transport 971,Trading Company,LOC-002941,ORGANIZED_CRIME,Inactive,true
ORG-000972,Everest Transport 972,Front Company,LOC-002942,MIXED_CRIME,Active,true
ORG-000973,Harbor Transport 973,Logistics Company,LOC-002946,FINANCIAL_FRAUD,Active,true
ORG-000974,Blue Solutions 974,Shell-like Synthetic Entity,LOC-002951,MIXED_CRIME,Inactive,true
ORG-000975,Pioneer Transport 975,Construction Firm,LOC-002954,HUMAN_TRAFFICKING,Active,true
ORG-000976,Cedar Trading 976,Legitimate Business,LOC-002956,CYBERCRIME,Active,true
ORG-000977,Aster Services 977,Trading Company,LOC-002958,MIXED_CRIME,Inactive,true
ORG-000978,Northstar Services 978,Construction Firm,LOC-002964,CYBERCRIME,Active,true
ORG-000979,Aster Trading 979,Digital Services Firm,LOC-002967,ORGANIZED_CRIME,Active,true
ORG-000980,Lotus Enterprises 980,Legitimate Business,LOC-002970,ORGANIZED_CRIME,Active,true
ORG-000981,Pioneer Enterprises 981,Trading Company,LOC-002974,KIDNAPPING,Active,true
ORG-000982,Cedar Logistics 982,Transport Company,LOC-002976,FINANCIAL_FRAUD,Inactive,true
ORG-000983,Aster Transport 983,Legitimate Business,LOC-002981,MIXED_CRIME,Inactive,true
ORG-000984,Pioneer Transport 984,Digital Services Firm,LOC-002983,ORGANIZED_CRIME,Active,true
ORG-000985,Indigo Trading 985,Shell-like Synthetic Entity,LOC-002985,ORGANIZED_CRIME,Inactive,true
ORG-000986,Orion Logistics 986,Construction Firm,LOC-002990,MIXED_CRIME,Inactive,true
ORG-000987,Indigo Transport 987,Logistics Company,LOC-002993,ORGANIZED_CRIME,Active,true
ORG-000988,Indigo Solutions 988,Construction Firm,LOC-002997,MIXED_CRIME,Active,true
ORG-000989,Lotus Trading 989,Hospitality Business,LOC-003000,MIXED_CRIME,Active,true
ORG-000990,Harbor Trading 990,Hospitality Business,LOC-003001,ORGANIZED_CRIME,Active,true
ORG-000991,Northstar Logistics 991,Shell-like Synthetic Entity,LOC-003006,ORGANIZED_CRIME,Inactive,true
ORG-000992,Harbor Trading 992,Construction Firm,LOC-003008,ORGANIZED_CRIME,Active,true
ORG-000993,Cedar Logistics 993,Trading Company,LOC-003011,ORGANIZED_CRIME,Active,true
ORG-000994,Harbor Services 994,Transport Company,LOC-003014,FINANCIAL_FRAUD,Active,true
ORG-000995,Pioneer Trading 995,Front Company,LOC-003015,NARCOTICS,Active,true
ORG-000996,Everest Solutions 996,Front Company,LOC-003018,NARCOTICS,Inactive,true
ORG-000997,Pioneer Transport 997,Front Company,LOC-003020,MIXED_CRIME,Inactive,true
ORG-000998,Indigo Enterprises 998,Shell-like Synthetic Entity,LOC-003022,ORGANIZED_CRIME,Active,true
ORG-000999,Harbor Transport 999,Transport Company,LOC-003026,MIXED_CRIME,Active,true
ORG-001000,Falcon Trading 1000,Front Company,LOC-003028,MIXED_CRIME,Active,true
