hidden_relationship_id,source_person_id,target_person_id,relationship_class,observable_evidence_types,shared_case_ids,shared_network_ids,expected_min_hops,should_be_direct_edge,synthetic_flag
HREL-000001,PERSON-000643,PERSON-000468,CROSS_CASE_ASSOCIATION,COMMUNICATION|FINANCIAL|CASE_OVERLAP,,,4,false,true
HREL-000002,PERSON-002716,PERSON-001402,BRIDGE_RELATIONSHIP,COMMUNICATION|FINANCIAL|CASE_OVERLAP,,,4,false,true
HREL-000003,PERSON-001994,PERSON-000208,BRIDGE_RELATIONSHIP,COMMUNICATION|FINANCIAL|CASE_OVERLAP,,,2,false,true
HREL-000004,PERSON-001572,PERSON-001643,SHARED_NETWORK,COMMUNICATION|FINANCIAL|CASE_OVERLAP,,,3,false,true
HREL-000005,PERSON-002817,PERSON-000702,BRIDGE_RELATIONSHIP,COMMUNICATION|FINANCIAL|CASE_OVERLAP,,,2,false,true
HREL-000006,PERSON-001103,PERSON-002407,CROSS_CASE_ASSOCIATION,COMMUNICATION|FINANCIAL|CASE_OVERLAP,,,3,false,true
HREL-000007,PERSON-001235,PERSON-001161,CROSS_CASE_ASSOCIATION,COMMUNICATION|FINANCIAL|CASE_OVERLAP,,,4,false,true
HREL-000008,PERSON-001179,PERSON-002365,CROSS_CASE_ASSOCIATION,COMMUNICATION|FINANCIAL|CASE_OVERLAP,,,2,false,true
HREL-000009,PERSON-001951,PERSON-000888,CROSS_CASE_ASSOCIATION,COMMUNICATION|FINANCIAL|CASE_OVERLAP,,,2,false,true
HREL-000010,PERSON-000596,PERSON-001919,CROSS_CASE_ASSOCIATION,COMMUNICATION|FINANCIAL|CASE_OVERLAP,,,3,false,true
HREL-000011,PERSON-000837,PERSON-002830,BRIDGE_RELATIONSHIP,COMMUNICATION|FINANCIAL|CASE_OVERLAP,,,2,false,true
HREL-000012,PERSON-001648,PERSON-002322,COMMON_INTERMEDIARY,COMMUNICATION|FINANCIAL|CASE_OVERLAP,,,3,false,true
HREL-000013,PERSON-000404,PERSON-001091,COMMON_INTERMEDIARY,COMMUNICATION|FINANCIAL|CASE_OVERLAP,,,2,false,true
HREL-000014,PERSON-002824,PERSON-001822,SHARED_NETWORK,COMMUNICATION|FINANCIAL|CASE_OVERLAP,,,4,false,true
HREL-000015,PERSON-002419,PERSON-002218,BRIDGE_RELATIONSHIP,COMMUNICATION|FINANCIAL|CASE_OVERLAP,,,3,false,true
HREL-000016,PERSON-002531,PERSON-001370,BRIDGE_RELATIONSHIP,COMMUNICATION|FINANCIAL|CASE_OVERLAP,,,4,false,true
HREL-000017,PERSON-000976,PERSON-001691,BRIDGE_RELATIONSHIP,COMMUNICATION|FINANCIAL|CASE_OVERLAP,,,4,false,true
HREL-000018,PERSON-001163,PERSON-001299,CROSS_CASE_ASSOCIATION,COMMUNICATION|FINANCIAL|CASE_OVERLAP,,,2,false,true
HREL-000019,PERSON-000444,PERSON-001110,CROSS_CASE_ASSOCIATION,COMMUNICATION|FINANCIAL|CASE_OVERLAP,,,2,false,true
HREL-000020,PERSON-002487,PERSON-001903,CROSS_CASE_ASSOCIATION,COMMUNICATION|FINANCIAL|CASE_OVERLAP,,,4,false,true
HREL-000021,PERSON-000122,PERSON-000184,COMMON_INTERMEDIARY,COMMUNICATION|FINANCIAL|CASE_OVERLAP,,,3,false,true
HREL-000022,PERSON-001049,PERSON-001879,COMMON_INTERMEDIARY,COMMUNICATION|FINANCIAL|CASE_OVERLAP,,,4,false,true
HREL-000023,PERSON-002129,PERSON-001787,COMMON_INTERMEDIARY,COMMUNICATION|FINANCIAL|CASE_OVERLAP,,,4,false,true
HREL-000024,PERSON-002798,PERSON-001335,SHARED_NETWORK,COMMUNICATION|FINANCIAL|CASE_OVERLAP,,,4,false,true
HREL-000025,PERSON-000504,PERSON-002741,BRIDGE_RELATIONSHIP,COMMUNICATION|FINANCIAL|CASE_OVERLAP,,,2,false,true
HREL-000026,PERSON-002046,PERSON-000819,SHARED_NETWORK,COMMUNICATION|FINANCIAL|CASE_OVERLAP,,,3,false,true
HREL-000027,PERSON-000840,PERSON-002950,SHARED_NETWORK,COMMUNICATION|FINANCIAL|CASE_OVERLAP,,,4,false,true
HREL-000028,PERSON-001795,PERSON-000538,SHARED_NETWORK,COMMUNICATION|FINANCIAL|CASE_OVERLAP,,,2,false,true
HREL-000029,PERSON-002010,PERSON-000475,SHARED_NETWORK,COMMUNICATION|FINANCIAL|CASE_OVERLAP,,,2,false,true
HREL-000030,PERSON-001844,PERSON-002508,SHARED_NETWORK,COMMUNICATION|FINANCIAL|CASE_OVERLAP,,,2,false,true
HREL-000031,PERSON-002894,PERSON-002403,BRIDGE_RELATIONSHIP,COMMUNICATION|FINANCIAL|CASE_OVERLAP,,,4,false,true
HREL-000032,PERSON-002406,PERSON-001391,COMMON_INTERMEDIARY,COMMUNICATION|FINANCIAL|CASE_OVERLAP,,,2,false,true
HREL-000033,PERSON-000627,PERSON-001575,BRIDGE_RELATIONSHIP,COMMUNICATION|FINANCIAL|CASE_OVERLAP,,,3,false,true
HREL-000034,PERSON-001756,PERSON-000535,COMMON_INTERMEDIARY,COMMUNICATION|FINANCIAL|CASE_OVERLAP,,,3,false,true
HREL-000035,PERSON-001532,PERSON-000788,CROSS_CASE_ASSOCIATION,COMMUNICATION|FINANCIAL|CASE_OVERLAP,,,2,false,true
HREL-000036,PERSON-001743,PERSON-000053,COMMON_INTERMEDIARY,COMMUNICATION|FINANCIAL|CASE_OVERLAP,,,3,false,true
HREL-000037,PERSON-002776,PERSON-002152,COMMON_INTERMEDIARY,COMMUNICATION|FINANCIAL|CASE_OVERLAP,,,2,false,true
HREL-000038,PERSON-002760,PERSON-002532,BRIDGE_RELATIONSHIP,COMMUNICATION|FINANCIAL|CASE_OVERLAP,,,2,false,true
HREL-000039,PERSON-000633,PERSON-001069,COMMON_INTERMEDIARY,COMMUNICATION|FINANCIAL|CASE_OVERLAP,,,3,false,true
HREL-000040,PERSON-002129,PERSON-000046,SHARED_NETWORK,COMMUNICATION|FINANCIAL|CASE_OVERLAP,,,2,false,true
HREL-000041,PERSON-002352,PERSON-001477,COMMON_INTERMEDIARY,COMMUNICATION|FINANCIAL|CASE_OVERLAP,,,4,false,true
HREL-000042,PERSON-002929,PERSON-000661,BRIDGE_RELATIONSHIP,COMMUNICATION|FINANCIAL|CASE_OVERLAP,,,4,false,true
HREL-000043,PERSON-002172,PERSON-002706,CROSS_CASE_ASSOCIATION,COMMUNICATION|FINANCIAL|CASE_OVERLAP,,,4,false,true
HREL-000044,PERSON-001736,PERSON-000467,CROSS_CASE_ASSOCIATION,COMMUNICATION|FINANCIAL|CASE_OVERLAP,,,2,false,true
HREL-000045,PERSON-000384,PERSON-002959,SHARED_NETWORK,COMMUNICATION|FINANCIAL|CASE_OVERLAP,,,3,false,true
HREL-000046,PERSON-000622,PERSON-000120,BRIDGE_RELATIONSHIP,COMMUNICATION|FINANCIAL|ASSET|CASE_OVERLAP,,,3,false,true
HREL-000047,PERSON-002171,PERSON-000124,CROSS_CASE_ASSOCIATION,COMMUNICATION|FINANCIAL|CASE_OVERLAP,,,2,false,true
HREL-000048,PERSON-001627,PERSON-001566,BRIDGE_RELATIONSHIP,COMMUNICATION|FINANCIAL|CASE_OVERLAP,,,3,false,true
HREL-000049,PERSON-001797,PERSON-001302,COMMON_INTERMEDIARY,COMMUNICATION|FINANCIAL|CASE_OVERLAP,,,3,false,true
HREL-000050,PERSON-000811,PERSON-001081,COMMON_INTERMEDIARY,COMMUNICATION|FINANCIAL|CASE_OVERLAP,,,4,false,true
HREL-000051,PERSON-000749,PERSON-000281,CROSS_CASE_ASSOCIATION,COMMUNICATION|FINANCIAL|CASE_OVERLAP,,,4,false,true
HREL-000052,PERSON-000815,PERSON-001484,BRIDGE_RELATIONSHIP,COMMUNICATION|FINANCIAL|CASE_OVERLAP,,,2,false,true
HREL-000053,PERSON-001706,PERSON-000980,SHARED_NETWORK,COMMUNICATION|FINANCIAL|CASE_OVERLAP,,,4,false,true
HREL-000054,PERSON-001676,PERSON-000704,SHARED_NETWORK,COMMUNICATION|FINANCIAL|CASE_OVERLAP,,,3,false,true
HREL-000055,PERSON-001353,PERSON-000734,CROSS_CASE_ASSOCIATION,COMMUNICATION|FINANCIAL|CASE_OVERLAP,,,4,false,true
HREL-000056,PERSON-000174,PERSON-002083,CROSS_CASE_ASSOCIATION,COMMUNICATION|FINANCIAL|CASE_OVERLAP,,,4,false,true
HREL-000057,PERSON-001906,PERSON-002332,CROSS_CASE_ASSOCIATION,COMMUNICATION|FINANCIAL|CASE_OVERLAP,,,3,false,true
HREL-000058,PERSON-002459,PERSON-000866,CROSS_CASE_ASSOCIATION,COMMUNICATION|FINANCIAL|CASE_OVERLAP,,,4,false,true
HREL-000059,PERSON-002590,PERSON-001075,CROSS_CASE_ASSOCIATION,COMMUNICATION|FINANCIAL|CASE_OVERLAP,,,2,false,true
HREL-000060,PERSON-002893,PERSON-000807,COMMON_INTERMEDIARY,COMMUNICATION|FINANCIAL|CASE_OVERLAP,,,3,false,true
HREL-000061,PERSON-002061,PERSON-002976,BRIDGE_RELATIONSHIP,COMMUNICATION|FINANCIAL|CASE_OVERLAP,,,3,false,true
HREL-000062,PERSON-000279,PERSON-001272,SHARED_NETWORK,COMMUNICATION|FINANCIAL|CASE_OVERLAP,,,4,false,true
HREL-000063,PERSON-000266,PERSON-001393,COMMON_INTERMEDIARY,COMMUNICATION|FINANCIAL|CASE_OVERLAP,,,4,false,true
HREL-000064,PERSON-002586,PERSON-002016,SHARED_NETWORK,COMMUNICATION|FINANCIAL|CASE_OVERLAP,,,4,false,true
HREL-000065,PERSON-000268,PERSON-000202,CROSS_CASE_ASSOCIATION,COMMUNICATION|FINANCIAL|CASE_OVERLAP,,,2,false,true
HREL-000066,PERSON-001849,PERSON-000867,BRIDGE_RELATIONSHIP,COMMUNICATION|FINANCIAL|CASE_OVERLAP,,,4,false,true
HREL-000067,PERSON-002287,PERSON-002849,BRIDGE_RELATIONSHIP,COMMUNICATION|FINANCIAL|CASE_OVERLAP,,,3,false,true
HREL-000068,PERSON-001398,PERSON-001438,CROSS_CASE_ASSOCIATION,COMMUNICATION|FINANCIAL|CASE_OVERLAP,,,2,false,true
HREL-000069,PERSON-002173,PERSON-001325,BRIDGE_RELATIONSHIP,COMMUNICATION|FINANCIAL|CASE_OVERLAP,,,3,false,true
HREL-000070,PERSON-002344,PERSON-000509,SHARED_NETWORK,COMMUNICATION|FINANCIAL|CASE_OVERLAP,,,4,false,true
HREL-000071,PERSON-001321,PERSON-001312,COMMON_INTERMEDIARY,COMMUNICATION|FINANCIAL|CASE_OVERLAP,,,3,false,true
HREL-000072,PERSON-001488,PERSON-001512,BRIDGE_RELATIONSHIP,COMMUNICATION|FINANCIAL|CASE_OVERLAP,,,3,false,true
HREL-000073,PERSON-002477,PERSON-000743,COMMON_INTERMEDIARY,COMMUNICATION|FINANCIAL|CASE_OVERLAP,,,2,false,true
HREL-000074,PERSON-001041,PERSON-000983,BRIDGE_RELATIONSHIP,COMMUNICATION|FINANCIAL|CASE_OVERLAP,,,4,false,true
HREL-000075,PERSON-001269,PERSON-002497,COMMON_INTERMEDIARY,COMMUNICATION|FINANCIAL|CASE_OVERLAP,,,3,false,true
HREL-000076,PERSON-001748,PERSON-002638,COMMON_INTERMEDIARY,COMMUNICATION|FINANCIAL|CASE_OVERLAP,,,4,false,true
HREL-000077,PERSON-000479,PERSON-001017,CROSS_CASE_ASSOCIATION,COMMUNICATION|FINANCIAL|ASSET|CASE_OVERLAP,,,2,false,true
HREL-000078,PERSON-000769,PERSON-000583,COMMON_INTERMEDIARY,COMMUNICATION|FINANCIAL|CASE_OVERLAP,,,3,false,true
HREL-000079,PERSON-002461,PERSON-002093,SHARED_NETWORK,COMMUNICATION|FINANCIAL|CASE_OVERLAP,,,3,false,true
HREL-000080,PERSON-002123,PERSON-001558,CROSS_CASE_ASSOCIATION,COMMUNICATION|FINANCIAL|CASE_OVERLAP,,,4,false,true
HREL-000081,PERSON-000288,PERSON-001810,BRIDGE_RELATIONSHIP,COMMUNICATION|FINANCIAL|ASSET|CASE_OVERLAP,,,4,false,true
HREL-000082,PERSON-001384,PERSON-002755,CROSS_CASE_ASSOCIATION,COMMUNICATION|FINANCIAL|CASE_OVERLAP,,,2,false,true
HREL-000083,PERSON-000855,PERSON-002837,CROSS_CASE_ASSOCIATION,COMMUNICATION|FINANCIAL|CASE_OVERLAP,,,4,false,true
HREL-000084,PERSON-001704,PERSON-001644,SHARED_NETWORK,COMMUNICATION|FINANCIAL|CASE_OVERLAP,,,4,false,true
HREL-000085,PERSON-000659,PERSON-000144,SHARED_NETWORK,COMMUNICATION|FINANCIAL|CASE_OVERLAP,,,3,false,true
HREL-000086,PERSON-001937,PERSON-002166,COMMON_INTERMEDIARY,COMMUNICATION|FINANCIAL|CASE_OVERLAP,,,2,false,true
HREL-000087,PERSON-002377,PERSON-001675,CROSS_CASE_ASSOCIATION,COMMUNICATION|FINANCIAL|CASE_OVERLAP,,,2,false,true
HREL-000088,PERSON-002274,PERSON-000555,BRIDGE_RELATIONSHIP,COMMUNICATION|FINANCIAL|CASE_OVERLAP,,,4,false,true
HREL-000089,PERSON-002729,PERSON-000412,SHARED_NETWORK,COMMUNICATION|FINANCIAL|CASE_OVERLAP,,,2,false,true
HREL-000090,PERSON-002078,PERSON-000878,SHARED_NETWORK,COMMUNICATION|FINANCIAL|CASE_OVERLAP,,,4,false,true
HREL-000091,PERSON-001770,PERSON-002246,BRIDGE_RELATIONSHIP,COMMUNICATION|FINANCIAL|CASE_OVERLAP,,,4,false,true
HREL-000092,PERSON-002179,PERSON-002992,SHARED_NETWORK,COMMUNICATION|FINANCIAL|CASE_OVERLAP,,,3,false,true
HREL-000093,PERSON-001206,PERSON-002405,CROSS_CASE_ASSOCIATION,COMMUNICATION|FINANCIAL|CASE_OVERLAP,,,3,false,true
HREL-000094,PERSON-002878,PERSON-002708,BRIDGE_RELATIONSHIP,COMMUNICATION|FINANCIAL|CASE_OVERLAP,,,3,false,true
HREL-000095,PERSON-001185,PERSON-001352,COMMON_INTERMEDIARY,COMMUNICATION|FINANCIAL|CASE_OVERLAP,,,3,false,true
HREL-000096,PERSON-001201,PERSON-000723,BRIDGE_RELATIONSHIP,COMMUNICATION|FINANCIAL|CASE_OVERLAP,,,4,false,true
HREL-000097,PERSON-002465,PERSON-000008,SHARED_NETWORK,COMMUNICATION|FINANCIAL|CASE_OVERLAP,,,2,false,true
HREL-000098,PERSON-000275,PERSON-001036,COMMON_INTERMEDIARY,COMMUNICATION|FINANCIAL|CASE_OVERLAP,,,4,false,true
HREL-000099,PERSON-001167,PERSON-000581,CROSS_CASE_ASSOCIATION,COMMUNICATION|FINANCIAL|CASE_OVERLAP,,,3,false,true
HREL-000100,PERSON-001608,PERSON-002499,CROSS_CASE_ASSOCIATION,COMMUNICATION|FINANCIAL|CASE_OVERLAP,,,4,false,true
HREL-000101,PERSON-000692,PERSON-000198,COMMON_INTERMEDIARY,COMMUNICATION|FINANCIAL|CASE_OVERLAP,,,2,false,true
HREL-000102,PERSON-001310,PERSON-002854,BRIDGE_RELATIONSHIP,COMMUNICATION|FINANCIAL|CASE_OVERLAP,,,2,false,true
HREL-000103,PERSON-001637,PERSON-001582,SHARED_NETWORK,COMMUNICATION|FINANCIAL|CASE_OVERLAP,,,2,false,true
HREL-000104,PERSON-002185,PERSON-002186,COMMON_INTERMEDIARY,COMMUNICATION|FINANCIAL|CASE_OVERLAP,,,3,false,true
HREL-000105,PERSON-001797,PERSON-001392,COMMON_INTERMEDIARY,COMMUNICATION|FINANCIAL|CASE_OVERLAP,,,3,false,true
HREL-000106,PERSON-000571,PERSON-000417,BRIDGE_RELATIONSHIP,COMMUNICATION|FINANCIAL|CASE_OVERLAP,,,4,false,true
HREL-000107,PERSON-002250,PERSON-002640,SHARED_NETWORK,COMMUNICATION|FINANCIAL|CASE_OVERLAP,,,2,false,true
HREL-000108,PERSON-002571,PERSON-001926,BRIDGE_RELATIONSHIP,COMMUNICATION|FINANCIAL|CASE_OVERLAP,,,3,false,true
HREL-000109,PERSON-001052,PERSON-001372,CROSS_CASE_ASSOCIATION,COMMUNICATION|FINANCIAL|CASE_OVERLAP,,,4,false,true
HREL-000110,PERSON-002683,PERSON-001056,CROSS_CASE_ASSOCIATION,COMMUNICATION|FINANCIAL|CASE_OVERLAP,,,2,false,true
HREL-000111,PERSON-000007,PERSON-002385,BRIDGE_RELATIONSHIP,COMMUNICATION|FINANCIAL|CASE_OVERLAP,,,4,false,true
HREL-000112,PERSON-000601,PERSON-000972,BRIDGE_RELATIONSHIP,COMMUNICATION|FINANCIAL|CASE_OVERLAP,,,4,false,true
HREL-000113,PERSON-002272,PERSON-000681,COMMON_INTERMEDIARY,COMMUNICATION|FINANCIAL|CASE_OVERLAP,,,3,false,true
HREL-000114,PERSON-001029,PERSON-001165,BRIDGE_RELATIONSHIP,COMMUNICATION|FINANCIAL|CASE_OVERLAP,,,4,false,true
HREL-000115,PERSON-002995,PERSON-000610,COMMON_INTERMEDIARY,COMMUNICATION|FINANCIAL|CASE_OVERLAP,,,3,false,true
HREL-000116,PERSON-000008,PERSON-001935,BRIDGE_RELATIONSHIP,COMMUNICATION|FINANCIAL|CASE_OVERLAP,,,3,false,true
HREL-000117,PERSON-001981,PERSON-001990,BRIDGE_RELATIONSHIP,COMMUNICATION|FINANCIAL|CASE_OVERLAP,,,3,false,true
HREL-000118,PERSON-001841,PERSON-002147,SHARED_NETWORK,COMMUNICATION|FINANCIAL|CASE_OVERLAP,,,3,false,true
HREL-000119,PERSON-001109,PERSON-001812,COMMON_INTERMEDIARY,COMMUNICATION|FINANCIAL|CASE_OVERLAP,,,2,false,true
HREL-000120,PERSON-001362,PERSON-001843,BRIDGE_RELATIONSHIP,COMMUNICATION|FINANCIAL|CASE_OVERLAP,,,2,false,true
HREL-000121,PERSON-002411,PERSON-001090,COMMON_INTERMEDIARY,COMMUNICATION|FINANCIAL|CASE_OVERLAP,,,3,false,true
HREL-000122,PERSON-001965,PERSON-002740,BRIDGE_RELATIONSHIP,COMMUNICATION|FINANCIAL|ASSET|CASE_OVERLAP,,,4,false,true
HREL-000123,PERSON-000852,PERSON-001737,BRIDGE_RELATIONSHIP,COMMUNICATION|FINANCIAL|CASE_OVERLAP,,,2,false,true
HREL-000124,PERSON-000109,PERSON-002920,BRIDGE_RELATIONSHIP,COMMUNICATION|FINANCIAL|ASSET|CASE_OVERLAP,,,4,false,true
HREL-000125,PERSON-001842,PERSON-000457,COMMON_INTERMEDIARY,COMMUNICATION|FINANCIAL|CASE_OVERLAP,,,4,false,true
HREL-000126,PERSON-000723,PERSON-001610,BRIDGE_RELATIONSHIP,COMMUNICATION|FINANCIAL|CASE_OVERLAP,,,2,false,true
HREL-000127,PERSON-000698,PERSON-002113,CROSS_CASE_ASSOCIATION,COMMUNICATION|FINANCIAL|CASE_OVERLAP,,,4,false,true
HREL-000128,PERSON-000876,PERSON-000245,SHARED_NETWORK,COMMUNICATION|FINANCIAL|CASE_OVERLAP,,,4,false,true
HREL-000129,PERSON-002601,PERSON-000636,COMMON_INTERMEDIARY,COMMUNICATION|FINANCIAL|CASE_OVERLAP,,,4,false,true
HREL-000130,PERSON-001746,PERSON-000756,CROSS_CASE_ASSOCIATION,COMMUNICATION|FINANCIAL|CASE_OVERLAP,,,4,false,true
HREL-000131,PERSON-000135,PERSON-000003,CROSS_CASE_ASSOCIATION,COMMUNICATION|FINANCIAL|CASE_OVERLAP,,,2,false,true
HREL-000132,PERSON-003000,PERSON-001004,BRIDGE_RELATIONSHIP,COMMUNICATION|FINANCIAL|CASE_OVERLAP,,,2,false,true
HREL-000133,PERSON-000488,PERSON-002126,SHARED_NETWORK,COMMUNICATION|FINANCIAL|CASE_OVERLAP,,,2,false,true
HREL-000134,PERSON-000815,PERSON-001556,SHARED_NETWORK,COMMUNICATION|FINANCIAL|CASE_OVERLAP,,,4,false,true
HREL-000135,PERSON-001422,PERSON-002573,COMMON_INTERMEDIARY,COMMUNICATION|FINANCIAL|CASE_OVERLAP,,,4,false,true
HREL-000136,PERSON-000479,PERSON-000728,BRIDGE_RELATIONSHIP,COMMUNICATION|FINANCIAL|CASE_OVERLAP,,,2,false,true
HREL-000137,PERSON-001785,PERSON-002699,BRIDGE_RELATIONSHIP,COMMUNICATION|FINANCIAL|CASE_OVERLAP,,,2,false,true
HREL-000138,PERSON-002714,PERSON-001705,SHARED_NETWORK,COMMUNICATION|FINANCIAL|CASE_OVERLAP,,,4,false,true
HREL-000139,PERSON-002537,PERSON-000352,SHARED_NETWORK,COMMUNICATION|FINANCIAL|CASE_OVERLAP,,,2,false,true
HREL-000140,PERSON-000260,PERSON-000076,BRIDGE_RELATIONSHIP,COMMUNICATION|FINANCIAL|CASE_OVERLAP,,,4,false,true
HREL-000141,PERSON-000644,PERSON-001102,BRIDGE_RELATIONSHIP,COMMUNICATION|FINANCIAL|CASE_OVERLAP,,,3,false,true
HREL-000142,PERSON-002175,PERSON-001714,CROSS_CASE_ASSOCIATION,COMMUNICATION|FINANCIAL|CASE_OVERLAP,,,3,false,true
HREL-000143,PERSON-001792,PERSON-001484,COMMON_INTERMEDIARY,COMMUNICATION|FINANCIAL|CASE_OVERLAP,,,2,false,true
HREL-000144,PERSON-001208,PERSON-001253,SHARED_NETWORK,COMMUNICATION|FINANCIAL|CASE_OVERLAP,,,4,false,true
HREL-000145,PERSON-000988,PERSON-002753,COMMON_INTERMEDIARY,COMMUNICATION|FINANCIAL|CASE_OVERLAP,,,3,false,true
HREL-000146,PERSON-001250,PERSON-000837,BRIDGE_RELATIONSHIP,COMMUNICATION|FINANCIAL|CASE_OVERLAP,,,4,false,true
HREL-000147,PERSON-002700,PERSON-002981,COMMON_INTERMEDIARY,COMMUNICATION|FINANCIAL|CASE_OVERLAP,,,3,false,true
HREL-000148,PERSON-000222,PERSON-000292,BRIDGE_RELATIONSHIP,COMMUNICATION|FINANCIAL|CASE_OVERLAP,,,3,false,true
HREL-000149,PERSON-000962,PERSON-001956,SHARED_NETWORK,COMMUNICATION|FINANCIAL|CASE_OVERLAP,,,3,false,true
HREL-000150,PERSON-002133,PERSON-001969,CROSS_CASE_ASSOCIATION,COMMUNICATION|FINANCIAL|CASE_OVERLAP,,,4,false,true
HREL-000151,PERSON-002807,PERSON-000623,BRIDGE_RELATIONSHIP,COMMUNICATION|FINANCIAL|CASE_OVERLAP,,,3,false,true
HREL-000152,PERSON-000996,PERSON-002137,CROSS_CASE_ASSOCIATION,COMMUNICATION|FINANCIAL|CASE_OVERLAP,,,4,false,true
HREL-000153,PERSON-001877,PERSON-000885,BRIDGE_RELATIONSHIP,COMMUNICATION|FINANCIAL|CASE_OVERLAP,,,3,false,true
HREL-000154,PERSON-000329,PERSON-001818,CROSS_CASE_ASSOCIATION,COMMUNICATION|FINANCIAL|CASE_OVERLAP,,,2,false,true
HREL-000155,PERSON-000788,PERSON-002481,COMMON_INTERMEDIARY,COMMUNICATION|FINANCIAL|CASE_OVERLAP,,,3,false,true
HREL-000156,PERSON-002072,PERSON-002806,CROSS_CASE_ASSOCIATION,COMMUNICATION|FINANCIAL|CASE_OVERLAP,,,2,false,true
HREL-000157,PERSON-000637,PERSON-001249,SHARED_NETWORK,COMMUNICATION|FINANCIAL|CASE_OVERLAP,,,2,false,true
HREL-000158,PERSON-001322,PERSON-001552,CROSS_CASE_ASSOCIATION,COMMUNICATION|FINANCIAL|CASE_OVERLAP,,,3,false,true
HREL-000159,PERSON-002073,PERSON-001038,BRIDGE_RELATIONSHIP,COMMUNICATION|FINANCIAL|CASE_OVERLAP,,,3,false,true
HREL-000160,PERSON-000068,PERSON-002541,SHARED_NETWORK,COMMUNICATION|FINANCIAL|CASE_OVERLAP,,,3,false,true
HREL-000161,PERSON-001964,PERSON-002107,COMMON_INTERMEDIARY,COMMUNICATION|FINANCIAL|CASE_OVERLAP,,,4,false,true
HREL-000162,PERSON-002304,PERSON-002011,COMMON_INTERMEDIARY,COMMUNICATION|FINANCIAL|CASE_OVERLAP,,,2,false,true
HREL-000163,PERSON-001993,PERSON-001516,BRIDGE_RELATIONSHIP,COMMUNICATION|FINANCIAL|CASE_OVERLAP,,,4,false,true
HREL-000164,PERSON-001167,PERSON-001732,SHARED_NETWORK,COMMUNICATION|FINANCIAL|CASE_OVERLAP,,,3,false,true
HREL-000165,PERSON-000752,PERSON-000745,COMMON_INTERMEDIARY,COMMUNICATION|FINANCIAL|CASE_OVERLAP,,,4,false,true
HREL-000166,PERSON-001365,PERSON-000731,COMMON_INTERMEDIARY,COMMUNICATION|FINANCIAL|CASE_OVERLAP,,,3,false,true
HREL-000167,PERSON-002994,PERSON-000525,CROSS_CASE_ASSOCIATION,COMMUNICATION|FINANCIAL|CASE_OVERLAP,,,4,false,true
HREL-000168,PERSON-001027,PERSON-000325,SHARED_NETWORK,COMMUNICATION|FINANCIAL|CASE_OVERLAP,,,3,false,true
HREL-000169,PERSON-002811,PERSON-001511,SHARED_NETWORK,COMMUNICATION|FINANCIAL|CASE_OVERLAP,,,3,false,true
HREL-000170,PERSON-000281,PERSON-000226,SHARED_NETWORK,COMMUNICATION|FINANCIAL|CASE_OVERLAP,,,3,false,true
HREL-000171,PERSON-001576,PERSON-002473,COMMON_INTERMEDIARY,COMMUNICATION|FINANCIAL|CASE_OVERLAP,,,4,false,true
HREL-000172,PERSON-001914,PERSON-000268,SHARED_NETWORK,COMMUNICATION|FINANCIAL|CASE_OVERLAP,,,4,false,true
HREL-000173,PERSON-000535,PERSON-000761,COMMON_INTERMEDIARY,COMMUNICATION|FINANCIAL|CASE_OVERLAP,,,2,false,true
HREL-000174,PERSON-000017,PERSON-000908,BRIDGE_RELATIONSHIP,COMMUNICATION|FINANCIAL|CASE_OVERLAP,,,2,false,true
HREL-000175,PERSON-000674,PERSON-002911,CROSS_CASE_ASSOCIATION,COMMUNICATION|FINANCIAL|CASE_OVERLAP,,,2,false,true
HREL-000176,PERSON-000836,PERSON-002682,SHARED_NETWORK,COMMUNICATION|FINANCIAL|CASE_OVERLAP,,,2,false,true
HREL-000177,PERSON-001717,PERSON-001377,COMMON_INTERMEDIARY,COMMUNICATION|FINANCIAL|CASE_OVERLAP,,,2,false,true
HREL-000178,PERSON-000797,PERSON-001504,CROSS_CASE_ASSOCIATION,COMMUNICATION|FINANCIAL|CASE_OVERLAP,,,3,false,true
HREL-000179,PERSON-000054,PERSON-002876,BRIDGE_RELATIONSHIP,COMMUNICATION|FINANCIAL|CASE_OVERLAP,,,3,false,true
HREL-000180,PERSON-002995,PERSON-000267,COMMON_INTERMEDIARY,COMMUNICATION|FINANCIAL|CASE_OVERLAP,,,3,false,true
HREL-000181,PERSON-002581,PERSON-001515,SHARED_NETWORK,COMMUNICATION|FINANCIAL|CASE_OVERLAP,,,2,false,true
HREL-000182,PERSON-001847,PERSON-002597,COMMON_INTERMEDIARY,COMMUNICATION|FINANCIAL|CASE_OVERLAP,,,2,false,true
HREL-000183,PERSON-000945,PERSON-001635,CROSS_CASE_ASSOCIATION,COMMUNICATION|FINANCIAL|CASE_OVERLAP,,,3,false,true
HREL-000184,PERSON-002944,PERSON-000821,BRIDGE_RELATIONSHIP,COMMUNICATION|FINANCIAL|CASE_OVERLAP,,,2,false,true
HREL-000185,PERSON-001458,PERSON-002662,CROSS_CASE_ASSOCIATION,COMMUNICATION|FINANCIAL|CASE_OVERLAP,,,4,false,true
HREL-000186,PERSON-002039,PERSON-001304,COMMON_INTERMEDIARY,COMMUNICATION|FINANCIAL|CASE_OVERLAP,,,4,false,true
HREL-000187,PERSON-001751,PERSON-002377,BRIDGE_RELATIONSHIP,COMMUNICATION|FINANCIAL|CASE_OVERLAP,,,4,false,true
HREL-000188,PERSON-001849,PERSON-000285,CROSS_CASE_ASSOCIATION,COMMUNICATION|FINANCIAL|CASE_OVERLAP,,,2,false,true
HREL-000189,PERSON-002977,PERSON-001775,COMMON_INTERMEDIARY,COMMUNICATION|FINANCIAL|CASE_OVERLAP,,,2,false,true
HREL-000190,PERSON-002212,PERSON-001674,BRIDGE_RELATIONSHIP,COMMUNICATION|FINANCIAL|CASE_OVERLAP,,,2,false,true
HREL-000191,PERSON-001069,PERSON-001196,CROSS_CASE_ASSOCIATION,COMMUNICATION|FINANCIAL|CASE_OVERLAP,,,3,false,true
HREL-000192,PERSON-002265,PERSON-001247,BRIDGE_RELATIONSHIP,COMMUNICATION|FINANCIAL|CASE_OVERLAP,,,3,false,true
HREL-000193,PERSON-001618,PERSON-000095,CROSS_CASE_ASSOCIATION,COMMUNICATION|FINANCIAL|CASE_OVERLAP,,,2,false,true
HREL-000194,PERSON-002345,PERSON-001209,CROSS_CASE_ASSOCIATION,COMMUNICATION|FINANCIAL|CASE_OVERLAP,,,4,false,true
HREL-000195,PERSON-001098,PERSON-000284,CROSS_CASE_ASSOCIATION,COMMUNICATION|FINANCIAL|CASE_OVERLAP,,,4,false,true
HREL-000196,PERSON-001691,PERSON-002322,SHARED_NETWORK,COMMUNICATION|FINANCIAL|CASE_OVERLAP,,,4,false,true
HREL-000197,PERSON-002575,PERSON-002086,COMMON_INTERMEDIARY,COMMUNICATION|FINANCIAL|CASE_OVERLAP,,,3,false,true
HREL-000198,PERSON-000180,PERSON-002129,COMMON_INTERMEDIARY,COMMUNICATION|FINANCIAL|CASE_OVERLAP,,,3,false,true
HREL-000199,PERSON-000652,PERSON-002095,SHARED_NETWORK,COMMUNICATION|FINANCIAL|CASE_OVERLAP,,,4,false,true
HREL-000200,PERSON-000883,PERSON-001551,SHARED_NETWORK,COMMUNICATION|FINANCIAL|CASE_OVERLAP,,,3,false,true
HREL-000201,PERSON-002734,PERSON-000088,SHARED_NETWORK,COMMUNICATION|FINANCIAL|CASE_OVERLAP,,,4,false,true
HREL-000202,PERSON-000373,PERSON-002900,COMMON_INTERMEDIARY,COMMUNICATION|FINANCIAL|CASE_OVERLAP,,,4,false,true
HREL-000203,PERSON-000984,PERSON-001541,BRIDGE_RELATIONSHIP,COMMUNICATION|FINANCIAL|CASE_OVERLAP,,,2,false,true
HREL-000204,PERSON-000833,PERSON-002063,BRIDGE_RELATIONSHIP,COMMUNICATION|FINANCIAL|CASE_OVERLAP,,,4,false,true
HREL-000205,PERSON-000991,PERSON-001425,COMMON_INTERMEDIARY,COMMUNICATION|FINANCIAL|ASSET|CASE_OVERLAP,,,4,false,true
HREL-000206,PERSON-000536,PERSON-000325,CROSS_CASE_ASSOCIATION,COMMUNICATION|FINANCIAL|CASE_OVERLAP,,,3,false,true
HREL-000207,PERSON-000482,PERSON-001166,COMMON_INTERMEDIARY,COMMUNICATION|FINANCIAL|CASE_OVERLAP,,,2,false,true
HREL-000208,PERSON-001239,PERSON-000161,CROSS_CASE_ASSOCIATION,COMMUNICATION|FINANCIAL|CASE_OVERLAP,,,4,false,true
HREL-000209,PERSON-000876,PERSON-000052,CROSS_CASE_ASSOCIATION,COMMUNICATION|FINANCIAL|CASE_OVERLAP,,,2,false,true
HREL-000210,PERSON-001688,PERSON-000258,COMMON_INTERMEDIARY,COMMUNICATION|FINANCIAL|CASE_OVERLAP,,,2,false,true
HREL-000211,PERSON-002901,PERSON-000452,BRIDGE_RELATIONSHIP,COMMUNICATION|FINANCIAL|CASE_OVERLAP,,,4,false,true
HREL-000212,PERSON-001083,PERSON-002596,COMMON_INTERMEDIARY,COMMUNICATION|FINANCIAL|CASE_OVERLAP,,,2,false,true
HREL-000213,PERSON-002305,PERSON-002201,COMMON_INTERMEDIARY,COMMUNICATION|FINANCIAL|CASE_OVERLAP,,,3,false,true
HREL-000214,PERSON-000306,PERSON-000628,BRIDGE_RELATIONSHIP,COMMUNICATION|FINANCIAL|CASE_OVERLAP,,,3,false,true
HREL-000215,PERSON-002665,PERSON-001983,SHARED_NETWORK,COMMUNICATION|FINANCIAL|CASE_OVERLAP,,,2,false,true
HREL-000216,PERSON-000607,PERSON-000483,CROSS_CASE_ASSOCIATION,COMMUNICATION|FINANCIAL|CASE_OVERLAP,,,3,false,true
HREL-000217,PERSON-002341,PERSON-001561,SHARED_NETWORK,COMMUNICATION|FINANCIAL|CASE_OVERLAP,,,2,false,true
HREL-000218,PERSON-000653,PERSON-000144,CROSS_CASE_ASSOCIATION,COMMUNICATION|FINANCIAL|ASSET|CASE_OVERLAP,,,4,false,true
HREL-000219,PERSON-001429,PERSON-002902,CROSS_CASE_ASSOCIATION,COMMUNICATION|FINANCIAL|CASE_OVERLAP,,,3,false,true
HREL-000220,PERSON-000361,PERSON-002682,COMMON_INTERMEDIARY,COMMUNICATION|FINANCIAL|CASE_OVERLAP,,,3,false,true
HREL-000221,PERSON-002222,PERSON-002172,BRIDGE_RELATIONSHIP,COMMUNICATION|FINANCIAL|CASE_OVERLAP,,,4,false,true
HREL-000222,PERSON-001106,PERSON-002084,SHARED_NETWORK,COMMUNICATION|FINANCIAL|CASE_OVERLAP,,,3,false,true
HREL-000223,PERSON-000440,PERSON-000554,BRIDGE_RELATIONSHIP,COMMUNICATION|FINANCIAL|CASE_OVERLAP,,,4,false,true
HREL-000224,PERSON-001571,PERSON-001469,COMMON_INTERMEDIARY,COMMUNICATION|FINANCIAL|CASE_OVERLAP,,,3,false,true
HREL-000225,PERSON-000661,PERSON-001583,BRIDGE_RELATIONSHIP,COMMUNICATION|FINANCIAL|CASE_OVERLAP,,,2,false,true
HREL-000226,PERSON-001925,PERSON-002270,SHARED_NETWORK,COMMUNICATION|FINANCIAL|CASE_OVERLAP,,,4,false,true
HREL-000227,PERSON-002224,PERSON-000103,COMMON_INTERMEDIARY,COMMUNICATION|FINANCIAL|CASE_OVERLAP,,,3,false,true
HREL-000228,PERSON-002618,PERSON-000895,BRIDGE_RELATIONSHIP,COMMUNICATION|FINANCIAL|ASSET|CASE_OVERLAP,,,4,false,true
HREL-000229,PERSON-000074,PERSON-000873,SHARED_NETWORK,COMMUNICATION|FINANCIAL|CASE_OVERLAP,,,2,false,true
HREL-000230,PERSON-002774,PERSON-000987,SHARED_NETWORK,COMMUNICATION|FINANCIAL|CASE_OVERLAP,,,4,false,true
HREL-000231,PERSON-001749,PERSON-001665,SHARED_NETWORK,COMMUNICATION|FINANCIAL|CASE_OVERLAP,,,3,false,true
HREL-000232,PERSON-002768,PERSON-000321,BRIDGE_RELATIONSHIP,COMMUNICATION|FINANCIAL|CASE_OVERLAP,,,4,false,true
HREL-000233,PERSON-001872,PERSON-002276,SHARED_NETWORK,COMMUNICATION|FINANCIAL|CASE_OVERLAP,,,3,false,true
HREL-000234,PERSON-001680,PERSON-002157,SHARED_NETWORK,COMMUNICATION|FINANCIAL|CASE_OVERLAP,,,2,false,true
HREL-000235,PERSON-000722,PERSON-002732,CROSS_CASE_ASSOCIATION,COMMUNICATION|FINANCIAL|CASE_OVERLAP,,,4,false,true
HREL-000236,PERSON-001608,PERSON-000541,CROSS_CASE_ASSOCIATION,COMMUNICATION|FINANCIAL|CASE_OVERLAP,,,2,false,true
HREL-000237,PERSON-001395,PERSON-001294,CROSS_CASE_ASSOCIATION,COMMUNICATION|FINANCIAL|CASE_OVERLAP,,,4,false,true
HREL-000238,PERSON-001166,PERSON-000688,BRIDGE_RELATIONSHIP,COMMUNICATION|FINANCIAL|CASE_OVERLAP,,,4,false,true
HREL-000239,PERSON-000411,PERSON-001550,COMMON_INTERMEDIARY,COMMUNICATION|FINANCIAL|CASE_OVERLAP,,,3,false,true
HREL-000240,PERSON-000475,PERSON-000537,BRIDGE_RELATIONSHIP,COMMUNICATION|FINANCIAL|CASE_OVERLAP,,,3,false,true
HREL-000241,PERSON-001541,PERSON-000443,SHARED_NETWORK,COMMUNICATION|FINANCIAL|CASE_OVERLAP,,,3,false,true
HREL-000242,PERSON-000813,PERSON-000090,SHARED_NETWORK,COMMUNICATION|FINANCIAL|CASE_OVERLAP,,,3,false,true
HREL-000243,PERSON-001465,PERSON-000449,CROSS_CASE_ASSOCIATION,COMMUNICATION|FINANCIAL|CASE_OVERLAP,,,4,false,true
HREL-000244,PERSON-002601,PERSON-001815,SHARED_NETWORK,COMMUNICATION|FINANCIAL|CASE_OVERLAP,,,3,false,true
HREL-000245,PERSON-002082,PERSON-002977,COMMON_INTERMEDIARY,COMMUNICATION|FINANCIAL|CASE_OVERLAP,,,4,false,true
HREL-000246,PERSON-001477,PERSON-001447,BRIDGE_RELATIONSHIP,COMMUNICATION|FINANCIAL|CASE_OVERLAP,,,2,false,true
HREL-000247,PERSON-000744,PERSON-002690,CROSS_CASE_ASSOCIATION,COMMUNICATION|FINANCIAL|CASE_OVERLAP,,,4,false,true
HREL-000248,PERSON-001515,PERSON-001343,SHARED_NETWORK,COMMUNICATION|FINANCIAL|CASE_OVERLAP,,,3,false,true
HREL-000249,PERSON-001893,PERSON-000060,CROSS_CASE_ASSOCIATION,COMMUNICATION|FINANCIAL|CASE_OVERLAP,,,4,false,true
HREL-000250,PERSON-002263,PERSON-002709,CROSS_CASE_ASSOCIATION,COMMUNICATION|FINANCIAL|CASE_OVERLAP,,,2,false,true
HREL-000251,PERSON-002911,PERSON-001972,COMMON_INTERMEDIARY,COMMUNICATION|FINANCIAL|CASE_OVERLAP,,,4,false,true
HREL-000252,PERSON-000995,PERSON-001045,COMMON_INTERMEDIARY,COMMUNICATION|FINANCIAL|CASE_OVERLAP,,,3,false,true
HREL-000253,PERSON-000706,PERSON-001887,COMMON_INTERMEDIARY,COMMUNICATION|FINANCIAL|CASE_OVERLAP,,,2,false,true
HREL-000254,PERSON-001158,PERSON-000548,BRIDGE_RELATIONSHIP,COMMUNICATION|FINANCIAL|CASE_OVERLAP,,,2,false,true
HREL-000255,PERSON-000875,PERSON-002805,SHARED_NETWORK,COMMUNICATION|FINANCIAL|CASE_OVERLAP,,,2,false,true
HREL-000256,PERSON-000007,PERSON-001786,COMMON_INTERMEDIARY,COMMUNICATION|FINANCIAL|CASE_OVERLAP,,,3,false,true
HREL-000257,PERSON-001936,PERSON-001160,COMMON_INTERMEDIARY,COMMUNICATION|FINANCIAL|CASE_OVERLAP,,,4,false,true
HREL-000258,PERSON-002113,PERSON-002626,BRIDGE_RELATIONSHIP,COMMUNICATION|FINANCIAL|CASE_OVERLAP,,,3,false,true
HREL-000259,PERSON-001590,PERSON-001339,SHARED_NETWORK,COMMUNICATION|FINANCIAL|CASE_OVERLAP,,,4,false,true
HREL-000260,PERSON-002422,PERSON-002378,CROSS_CASE_ASSOCIATION,COMMUNICATION|FINANCIAL|CASE_OVERLAP,,,3,false,true
HREL-000261,PERSON-000471,PERSON-002355,CROSS_CASE_ASSOCIATION,COMMUNICATION|FINANCIAL|CASE_OVERLAP,,,3,false,true
HREL-000262,PERSON-001661,PERSON-000735,SHARED_NETWORK,COMMUNICATION|FINANCIAL|CASE_OVERLAP,,,3,false,true
HREL-000263,PERSON-002718,PERSON-001040,CROSS_CASE_ASSOCIATION,COMMUNICATION|FINANCIAL|CASE_OVERLAP,,,3,false,true
HREL-000264,PERSON-002699,PERSON-000788,CROSS_CASE_ASSOCIATION,COMMUNICATION|FINANCIAL|CASE_OVERLAP,,,3,false,true
HREL-000265,PERSON-001942,PERSON-002976,BRIDGE_RELATIONSHIP,COMMUNICATION|FINANCIAL|CASE_OVERLAP,,,2,false,true
HREL-000266,PERSON-000218,PERSON-000312,SHARED_NETWORK,COMMUNICATION|FINANCIAL|CASE_OVERLAP,,,4,false,true
HREL-000267,PERSON-000737,PERSON-001468,BRIDGE_RELATIONSHIP,COMMUNICATION|FINANCIAL|CASE_OVERLAP,,,4,false,true
HREL-000268,PERSON-002396,PERSON-000687,SHARED_NETWORK,COMMUNICATION|FINANCIAL|CASE_OVERLAP,,,3,false,true
HREL-000269,PERSON-001373,PERSON-001015,BRIDGE_RELATIONSHIP,COMMUNICATION|FINANCIAL|CASE_OVERLAP,,,3,false,true
HREL-000270,PERSON-002579,PERSON-000357,SHARED_NETWORK,COMMUNICATION|FINANCIAL|CASE_OVERLAP,,,2,false,true
HREL-000271,PERSON-001668,PERSON-002425,CROSS_CASE_ASSOCIATION,COMMUNICATION|FINANCIAL|CASE_OVERLAP,,,4,false,true
HREL-000272,PERSON-002130,PERSON-001397,CROSS_CASE_ASSOCIATION,COMMUNICATION|FINANCIAL|CASE_OVERLAP,,,3,false,true
HREL-000273,PERSON-001514,PERSON-001933,SHARED_NETWORK,COMMUNICATION|FINANCIAL|CASE_OVERLAP,,,4,false,true
HREL-000274,PERSON-001098,PERSON-001486,BRIDGE_RELATIONSHIP,COMMUNICATION|FINANCIAL|CASE_OVERLAP,,,3,false,true
HREL-000275,PERSON-000994,PERSON-000134,CROSS_CASE_ASSOCIATION,COMMUNICATION|FINANCIAL|CASE_OVERLAP,,,3,false,true
HREL-000276,PERSON-000420,PERSON-000869,CROSS_CASE_ASSOCIATION,COMMUNICATION|FINANCIAL|CASE_OVERLAP,,,3,false,true
HREL-000277,PERSON-001476,PERSON-001843,CROSS_CASE_ASSOCIATION,COMMUNICATION|FINANCIAL|CASE_OVERLAP,,,2,false,true
HREL-000278,PERSON-002120,PERSON-001683,SHARED_NETWORK,COMMUNICATION|FINANCIAL|CASE_OVERLAP,,,3,false,true
HREL-000279,PERSON-000053,PERSON-001771,CROSS_CASE_ASSOCIATION,COMMUNICATION|FINANCIAL|CASE_OVERLAP,,,3,false,true
HREL-000280,PERSON-000676,PERSON-000013,CROSS_CASE_ASSOCIATION,COMMUNICATION|FINANCIAL|CASE_OVERLAP,,,2,false,true
HREL-000281,PERSON-001849,PERSON-002371,COMMON_INTERMEDIARY,COMMUNICATION|FINANCIAL|CASE_OVERLAP,,,4,false,true
HREL-000282,PERSON-001733,PERSON-000026,COMMON_INTERMEDIARY,COMMUNICATION|FINANCIAL|CASE_OVERLAP,,,2,false,true
HREL-000283,PERSON-002110,PERSON-000292,COMMON_INTERMEDIARY,COMMUNICATION|FINANCIAL|CASE_OVERLAP,,,3,false,true
HREL-000284,PERSON-002041,PERSON-002388,COMMON_INTERMEDIARY,COMMUNICATION|FINANCIAL|CASE_OVERLAP,,,2,false,true
HREL-000285,PERSON-001821,PERSON-002614,SHARED_NETWORK,COMMUNICATION|FINANCIAL|CASE_OVERLAP,,,4,false,true
HREL-000286,PERSON-002338,PERSON-001477,SHARED_NETWORK,COMMUNICATION|FINANCIAL|CASE_OVERLAP,,,3,false,true
HREL-000287,PERSON-000810,PERSON-001604,COMMON_INTERMEDIARY,COMMUNICATION|FINANCIAL|CASE_OVERLAP,,,4,false,true
HREL-000288,PERSON-002747,PERSON-002386,CROSS_CASE_ASSOCIATION,COMMUNICATION|FINANCIAL|CASE_OVERLAP,,,4,false,true
HREL-000289,PERSON-000267,PERSON-002165,BRIDGE_RELATIONSHIP,COMMUNICATION|FINANCIAL|CASE_OVERLAP,,,3,false,true
HREL-000290,PERSON-001683,PERSON-002269,CROSS_CASE_ASSOCIATION,COMMUNICATION|FINANCIAL|CASE_OVERLAP,,,2,false,true
HREL-000291,PERSON-000121,PERSON-002107,COMMON_INTERMEDIARY,COMMUNICATION|FINANCIAL|CASE_OVERLAP,,,4,false,true
HREL-000292,PERSON-001940,PERSON-000375,CROSS_CASE_ASSOCIATION,COMMUNICATION|FINANCIAL|CASE_OVERLAP,,,4,false,true
HREL-000293,PERSON-001802,PERSON-002003,COMMON_INTERMEDIARY,COMMUNICATION|FINANCIAL|CASE_OVERLAP,,,2,false,true
HREL-000294,PERSON-002537,PERSON-000306,BRIDGE_RELATIONSHIP,COMMUNICATION|FINANCIAL|CASE_OVERLAP,,,3,false,true
HREL-000295,PERSON-000718,PERSON-002384,CROSS_CASE_ASSOCIATION,COMMUNICATION|FINANCIAL|CASE_OVERLAP,,,2,false,true
HREL-000296,PERSON-001834,PERSON-002874,BRIDGE_RELATIONSHIP,COMMUNICATION|FINANCIAL|CASE_OVERLAP,,,4,false,true
HREL-000297,PERSON-000767,PERSON-001285,CROSS_CASE_ASSOCIATION,COMMUNICATION|FINANCIAL|CASE_OVERLAP,,,2,false,true
HREL-000298,PERSON-002158,PERSON-002062,COMMON_INTERMEDIARY,COMMUNICATION|FINANCIAL|CASE_OVERLAP,,,4,false,true
HREL-000299,PERSON-000619,PERSON-002433,COMMON_INTERMEDIARY,COMMUNICATION|FINANCIAL|CASE_OVERLAP,,,2,false,true
HREL-000300,PERSON-000434,PERSON-001860,BRIDGE_RELATIONSHIP,COMMUNICATION|FINANCIAL|CASE_OVERLAP,,,3,false,true
HREL-000301,PERSON-002053,PERSON-001769,SHARED_NETWORK,COMMUNICATION|FINANCIAL|CASE_OVERLAP,,,2,false,true
HREL-000302,PERSON-000580,PERSON-000553,SHARED_NETWORK,COMMUNICATION|FINANCIAL|CASE_OVERLAP,,,4,false,true
HREL-000303,PERSON-001506,PERSON-000374,BRIDGE_RELATIONSHIP,COMMUNICATION|FINANCIAL|CASE_OVERLAP,,,2,false,true
HREL-000304,PERSON-002431,PERSON-001019,COMMON_INTERMEDIARY,COMMUNICATION|FINANCIAL|CASE_OVERLAP,,,4,false,true
HREL-000305,PERSON-002733,PERSON-000224,SHARED_NETWORK,COMMUNICATION|FINANCIAL|CASE_OVERLAP,,,4,false,true
HREL-000306,PERSON-000236,PERSON-000959,SHARED_NETWORK,COMMUNICATION|FINANCIAL|CASE_OVERLAP,,,4,false,true
HREL-000307,PERSON-001556,PERSON-002272,BRIDGE_RELATIONSHIP,COMMUNICATION|FINANCIAL|CASE_OVERLAP,,,2,false,true
HREL-000308,PERSON-002939,PERSON-001740,BRIDGE_RELATIONSHIP,COMMUNICATION|FINANCIAL|CASE_OVERLAP,,,3,false,true
HREL-000309,PERSON-002494,PERSON-002442,COMMON_INTERMEDIARY,COMMUNICATION|FINANCIAL|CASE_OVERLAP,,,4,false,true
HREL-000310,PERSON-001490,PERSON-002777,CROSS_CASE_ASSOCIATION,COMMUNICATION|FINANCIAL|CASE_OVERLAP,,,2,false,true
HREL-000311,PERSON-000246,PERSON-000664,SHARED_NETWORK,COMMUNICATION|FINANCIAL|CASE_OVERLAP,,,3,false,true
HREL-000312,PERSON-002639,PERSON-002838,COMMON_INTERMEDIARY,COMMUNICATION|FINANCIAL|CASE_OVERLAP,,,4,false,true
HREL-000313,PERSON-000883,PERSON-002515,COMMON_INTERMEDIARY,COMMUNICATION|FINANCIAL|CASE_OVERLAP,,,3,false,true
HREL-000314,PERSON-002740,PERSON-000244,BRIDGE_RELATIONSHIP,COMMUNICATION|FINANCIAL|CASE_OVERLAP,,,4,false,true
HREL-000315,PERSON-001283,PERSON-002358,COMMON_INTERMEDIARY,COMMUNICATION|FINANCIAL|CASE_OVERLAP,,,4,false,true
HREL-000316,PERSON-001024,PERSON-002125,CROSS_CASE_ASSOCIATION,COMMUNICATION|FINANCIAL|CASE_OVERLAP,,,4,false,true
HREL-000317,PERSON-001775,PERSON-002881,CROSS_CASE_ASSOCIATION,COMMUNICATION|FINANCIAL|CASE_OVERLAP,,,3,false,true
HREL-000318,PERSON-000103,PERSON-002575,BRIDGE_RELATIONSHIP,COMMUNICATION|FINANCIAL|CASE_OVERLAP,,,2,false,true
HREL-000319,PERSON-000441,PERSON-002405,COMMON_INTERMEDIARY,COMMUNICATION|FINANCIAL|CASE_OVERLAP,,,4,false,true
HREL-000320,PERSON-002052,PERSON-002595,BRIDGE_RELATIONSHIP,COMMUNICATION|FINANCIAL|CASE_OVERLAP,,,3,false,true
HREL-000321,PERSON-000926,PERSON-000242,BRIDGE_RELATIONSHIP,COMMUNICATION|FINANCIAL|CASE_OVERLAP,,,4,false,true
HREL-000322,PERSON-001391,PERSON-000685,SHARED_NETWORK,COMMUNICATION|FINANCIAL|CASE_OVERLAP,,,3,false,true
HREL-000323,PERSON-002360,PERSON-002259,CROSS_CASE_ASSOCIATION,COMMUNICATION|FINANCIAL|CASE_OVERLAP,,,3,false,true
HREL-000324,PERSON-002955,PERSON-000341,BRIDGE_RELATIONSHIP,COMMUNICATION|FINANCIAL|CASE_OVERLAP,,,2,false,true
HREL-000325,PERSON-002195,PERSON-002137,SHARED_NETWORK,COMMUNICATION|FINANCIAL|CASE_OVERLAP,,,3,false,true
HREL-000326,PERSON-002030,PERSON-000373,CROSS_CASE_ASSOCIATION,COMMUNICATION|FINANCIAL|CASE_OVERLAP,,,3,false,true
HREL-000327,PERSON-002775,PERSON-002873,COMMON_INTERMEDIARY,COMMUNICATION|FINANCIAL|CASE_OVERLAP,,,2,false,true
HREL-000328,PERSON-000336,PERSON-000202,CROSS_CASE_ASSOCIATION,COMMUNICATION|FINANCIAL|CASE_OVERLAP,,,3,false,true
HREL-000329,PERSON-000671,PERSON-001775,BRIDGE_RELATIONSHIP,COMMUNICATION|FINANCIAL|CASE_OVERLAP,,,3,false,true
HREL-000330,PERSON-000602,PERSON-000808,BRIDGE_RELATIONSHIP,COMMUNICATION|FINANCIAL|CASE_OVERLAP,,,4,false,true
HREL-000331,PERSON-001206,PERSON-001519,CROSS_CASE_ASSOCIATION,COMMUNICATION|FINANCIAL|ASSET|CASE_OVERLAP,,,4,false,true
HREL-000332,PERSON-002178,PERSON-000692,COMMON_INTERMEDIARY,COMMUNICATION|FINANCIAL|CASE_OVERLAP,,,3,false,true
HREL-000333,PERSON-001329,PERSON-000946,BRIDGE_RELATIONSHIP,COMMUNICATION|FINANCIAL|CASE_OVERLAP,,,4,false,true
HREL-000334,PERSON-001947,PERSON-002611,CROSS_CASE_ASSOCIATION,COMMUNICATION|FINANCIAL|CASE_OVERLAP,,,2,false,true
HREL-000335,PERSON-002347,PERSON-002761,CROSS_CASE_ASSOCIATION,COMMUNICATION|FINANCIAL|CASE_OVERLAP,,,4,false,true
HREL-000336,PERSON-002167,PERSON-001074,CROSS_CASE_ASSOCIATION,COMMUNICATION|FINANCIAL|CASE_OVERLAP,,,2,false,true
HREL-000337,PERSON-002527,PERSON-002553,BRIDGE_RELATIONSHIP,COMMUNICATION|FINANCIAL|CASE_OVERLAP,,,4,false,true
HREL-000338,PERSON-002315,PERSON-001968,BRIDGE_RELATIONSHIP,COMMUNICATION|FINANCIAL|CASE_OVERLAP,,,4,false,true
HREL-000339,PERSON-001849,PERSON-000220,SHARED_NETWORK,COMMUNICATION|FINANCIAL|CASE_OVERLAP,,,2,false,true
HREL-000340,PERSON-000159,PERSON-002481,COMMON_INTERMEDIARY,COMMUNICATION|FINANCIAL|CASE_OVERLAP,,,2,false,true
HREL-000341,PERSON-001578,PERSON-001916,COMMON_INTERMEDIARY,COMMUNICATION|FINANCIAL|CASE_OVERLAP,,,3,false,true
HREL-000342,PERSON-000526,PERSON-002730,BRIDGE_RELATIONSHIP,COMMUNICATION|FINANCIAL|CASE_OVERLAP,,,3,false,true
HREL-000343,PERSON-001353,PERSON-002359,COMMON_INTERMEDIARY,COMMUNICATION|FINANCIAL|CASE_OVERLAP,,,3,false,true
HREL-000344,PERSON-000039,PERSON-000770,CROSS_CASE_ASSOCIATION,COMMUNICATION|FINANCIAL|CASE_OVERLAP,,,3,false,true
HREL-000345,PERSON-000487,PERSON-002839,SHARED_NETWORK,COMMUNICATION|FINANCIAL|CASE_OVERLAP,,,4,false,true
HREL-000346,PERSON-001319,PERSON-001104,BRIDGE_RELATIONSHIP,COMMUNICATION|FINANCIAL|CASE_OVERLAP,,,2,false,true
HREL-000347,PERSON-001093,PERSON-001514,CROSS_CASE_ASSOCIATION,COMMUNICATION|FINANCIAL|CASE_OVERLAP,,,4,false,true
HREL-000348,PERSON-002612,PERSON-000602,CROSS_CASE_ASSOCIATION,COMMUNICATION|FINANCIAL|CASE_OVERLAP,,,2,false,true
HREL-000349,PERSON-001686,PERSON-000337,COMMON_INTERMEDIARY,COMMUNICATION|FINANCIAL|CASE_OVERLAP,,,2,false,true
HREL-000350,PERSON-001643,PERSON-000415,BRIDGE_RELATIONSHIP,COMMUNICATION|FINANCIAL|CASE_OVERLAP,,,4,false,true
HREL-000351,PERSON-002384,PERSON-000851,COMMON_INTERMEDIARY,COMMUNICATION|FINANCIAL|CASE_OVERLAP,,,2,false,true
HREL-000352,PERSON-002587,PERSON-000177,CROSS_CASE_ASSOCIATION,COMMUNICATION|FINANCIAL|CASE_OVERLAP,,,2,false,true
HREL-000353,PERSON-001004,PERSON-002459,BRIDGE_RELATIONSHIP,COMMUNICATION|FINANCIAL|CASE_OVERLAP,,,2,false,true
HREL-000354,PERSON-000154,PERSON-001066,COMMON_INTERMEDIARY,COMMUNICATION|FINANCIAL|ASSET|CASE_OVERLAP,,,3,false,true
HREL-000355,PERSON-002688,PERSON-002813,BRIDGE_RELATIONSHIP,COMMUNICATION|FINANCIAL|CASE_OVERLAP,,,2,false,true
HREL-000356,PERSON-002197,PERSON-002873,BRIDGE_RELATIONSHIP,COMMUNICATION|FINANCIAL|ASSET|CASE_OVERLAP,,,2,false,true
HREL-000357,PERSON-001083,PERSON-000070,CROSS_CASE_ASSOCIATION,COMMUNICATION|FINANCIAL|CASE_OVERLAP,,,2,false,true
HREL-000358,PERSON-001541,PERSON-002275,COMMON_INTERMEDIARY,COMMUNICATION|FINANCIAL|CASE_OVERLAP,,,3,false,true
HREL-000359,PERSON-001282,PERSON-002510,SHARED_NETWORK,COMMUNICATION|FINANCIAL|CASE_OVERLAP,,,4,false,true
HREL-000360,PERSON-001615,PERSON-000592,BRIDGE_RELATIONSHIP,COMMUNICATION|FINANCIAL|CASE_OVERLAP,,,2,false,true
HREL-000361,PERSON-000513,PERSON-001470,CROSS_CASE_ASSOCIATION,COMMUNICATION|FINANCIAL|CASE_OVERLAP,,,2,false,true
HREL-000362,PERSON-002952,PERSON-002687,COMMON_INTERMEDIARY,COMMUNICATION|FINANCIAL|CASE_OVERLAP,,,2,false,true
HREL-000363,PERSON-002541,PERSON-001843,BRIDGE_RELATIONSHIP,COMMUNICATION|FINANCIAL|CASE_OVERLAP,,,3,false,true
HREL-000364,PERSON-000038,PERSON-001743,COMMON_INTERMEDIARY,COMMUNICATION|FINANCIAL|CASE_OVERLAP,,,4,false,true
HREL-000365,PERSON-000298,PERSON-001463,CROSS_CASE_ASSOCIATION,COMMUNICATION|FINANCIAL|CASE_OVERLAP,,,2,false,true
HREL-000366,PERSON-002039,PERSON-001133,BRIDGE_RELATIONSHIP,COMMUNICATION|FINANCIAL|CASE_OVERLAP,,,4,false,true
HREL-000367,PERSON-000174,PERSON-002579,BRIDGE_RELATIONSHIP,COMMUNICATION|FINANCIAL|CASE_OVERLAP,,,4,false,true
HREL-000368,PERSON-002142,PERSON-001295,BRIDGE_RELATIONSHIP,COMMUNICATION|FINANCIAL|CASE_OVERLAP,,,2,false,true
HREL-000369,PERSON-001280,PERSON-001560,COMMON_INTERMEDIARY,COMMUNICATION|FINANCIAL|CASE_OVERLAP,,,4,false,true
HREL-000370,PERSON-000547,PERSON-002782,COMMON_INTERMEDIARY,COMMUNICATION|FINANCIAL|CASE_OVERLAP,,,3,false,true
HREL-000371,PERSON-002625,PERSON-000305,SHARED_NETWORK,COMMUNICATION|FINANCIAL|CASE_OVERLAP,,,3,false,true
HREL-000372,PERSON-000805,PERSON-000434,SHARED_NETWORK,COMMUNICATION|FINANCIAL|CASE_OVERLAP,,,3,false,true
HREL-000373,PERSON-001348,PERSON-001866,SHARED_NETWORK,COMMUNICATION|FINANCIAL|CASE_OVERLAP,,,3,false,true
HREL-000374,PERSON-001032,PERSON-002345,COMMON_INTERMEDIARY,COMMUNICATION|FINANCIAL|CASE_OVERLAP,,,4,false,true
HREL-000375,PERSON-000695,PERSON-002263,CROSS_CASE_ASSOCIATION,COMMUNICATION|FINANCIAL|CASE_OVERLAP,,,3,false,true
HREL-000376,PERSON-001723,PERSON-000619,CROSS_CASE_ASSOCIATION,COMMUNICATION|FINANCIAL|CASE_OVERLAP,,,2,false,true
HREL-000377,PERSON-001444,PERSON-001622,SHARED_NETWORK,COMMUNICATION|FINANCIAL|CASE_OVERLAP,,,2,false,true
HREL-000378,PERSON-002245,PERSON-000360,COMMON_INTERMEDIARY,COMMUNICATION|FINANCIAL|CASE_OVERLAP,,,4,false,true
HREL-000379,PERSON-001882,PERSON-002564,CROSS_CASE_ASSOCIATION,COMMUNICATION|FINANCIAL|CASE_OVERLAP,,,2,false,true
HREL-000380,PERSON-002946,PERSON-001553,CROSS_CASE_ASSOCIATION,COMMUNICATION|FINANCIAL|CASE_OVERLAP,,,4,false,true
HREL-000381,PERSON-002032,PERSON-002261,SHARED_NETWORK,COMMUNICATION|FINANCIAL|CASE_OVERLAP,,,4,false,true
HREL-000382,PERSON-001759,PERSON-002787,BRIDGE_RELATIONSHIP,COMMUNICATION|FINANCIAL|CASE_OVERLAP,,,3,false,true
HREL-000383,PERSON-000619,PERSON-000706,CROSS_CASE_ASSOCIATION,COMMUNICATION|FINANCIAL|CASE_OVERLAP,,,3,false,true
HREL-000384,PERSON-002265,PERSON-000896,COMMON_INTERMEDIARY,COMMUNICATION|FINANCIAL|CASE_OVERLAP,,,4,false,true
HREL-000385,PERSON-000050,PERSON-002706,SHARED_NETWORK,COMMUNICATION|FINANCIAL|CASE_OVERLAP,,,4,false,true
HREL-000386,PERSON-001452,PERSON-000979,BRIDGE_RELATIONSHIP,COMMUNICATION|FINANCIAL|CASE_OVERLAP,,,3,false,true
HREL-000387,PERSON-002570,PERSON-001501,BRIDGE_RELATIONSHIP,COMMUNICATION|FINANCIAL|CASE_OVERLAP,,,2,false,true
HREL-000388,PERSON-002037,PERSON-002063,BRIDGE_RELATIONSHIP,COMMUNICATION|FINANCIAL|CASE_OVERLAP,,,4,false,true
HREL-000389,PERSON-002468,PERSON-001763,COMMON_INTERMEDIARY,COMMUNICATION|FINANCIAL|CASE_OVERLAP,,,3,false,true
HREL-000390,PERSON-001735,PERSON-001211,COMMON_INTERMEDIARY,COMMUNICATION|FINANCIAL|CASE_OVERLAP,,,3,false,true
HREL-000391,PERSON-001480,PERSON-000816,CROSS_CASE_ASSOCIATION,COMMUNICATION|FINANCIAL|CASE_OVERLAP,,,3,false,true
HREL-000392,PERSON-001398,PERSON-000390,CROSS_CASE_ASSOCIATION,COMMUNICATION|FINANCIAL|CASE_OVERLAP,,,4,false,true
HREL-000393,PERSON-000862,PERSON-002040,SHARED_NETWORK,COMMUNICATION|FINANCIAL|CASE_OVERLAP,,,3,false,true
HREL-000394,PERSON-001511,PERSON-002672,BRIDGE_RELATIONSHIP,COMMUNICATION|FINANCIAL|CASE_OVERLAP,,,2,false,true
HREL-000395,PERSON-001780,PERSON-001980,SHARED_NETWORK,COMMUNICATION|FINANCIAL|CASE_OVERLAP,,,2,false,true
HREL-000396,PERSON-002527,PERSON-002392,CROSS_CASE_ASSOCIATION,COMMUNICATION|FINANCIAL|CASE_OVERLAP,,,4,false,true
HREL-000397,PERSON-002348,PERSON-001255,COMMON_INTERMEDIARY,COMMUNICATION|FINANCIAL|CASE_OVERLAP,,,3,false,true
HREL-000398,PERSON-002966,PERSON-001353,CROSS_CASE_ASSOCIATION,COMMUNICATION|FINANCIAL|CASE_OVERLAP,,,2,false,true
HREL-000399,PERSON-000106,PERSON-001341,CROSS_CASE_ASSOCIATION,COMMUNICATION|FINANCIAL|CASE_OVERLAP,,,2,false,true
HREL-000400,PERSON-000070,PERSON-002552,BRIDGE_RELATIONSHIP,COMMUNICATION|FINANCIAL|CASE_OVERLAP,,,4,false,true
HREL-000401,PERSON-002447,PERSON-000957,BRIDGE_RELATIONSHIP,COMMUNICATION|FINANCIAL|CASE_OVERLAP,,,2,false,true
HREL-000402,PERSON-002231,PERSON-000273,BRIDGE_RELATIONSHIP,COMMUNICATION|FINANCIAL|CASE_OVERLAP,,,2,false,true
HREL-000403,PERSON-002600,PERSON-000586,CROSS_CASE_ASSOCIATION,COMMUNICATION|FINANCIAL|CASE_OVERLAP,,,4,false,true
HREL-000404,PERSON-001316,PERSON-002008,CROSS_CASE_ASSOCIATION,COMMUNICATION|FINANCIAL|CASE_OVERLAP,,,2,false,true
HREL-000405,PERSON-001027,PERSON-002496,SHARED_NETWORK,COMMUNICATION|FINANCIAL|CASE_OVERLAP,,,3,false,true
HREL-000406,PERSON-000866,PERSON-000472,COMMON_INTERMEDIARY,COMMUNICATION|FINANCIAL|CASE_OVERLAP,,,3,false,true
HREL-000407,PERSON-002709,PERSON-000629,CROSS_CASE_ASSOCIATION,COMMUNICATION|FINANCIAL|CASE_OVERLAP,,,2,false,true
HREL-000408,PERSON-002808,PERSON-001237,BRIDGE_RELATIONSHIP,COMMUNICATION|FINANCIAL|CASE_OVERLAP,,,3,false,true
HREL-000409,PERSON-001882,PERSON-001831,COMMON_INTERMEDIARY,COMMUNICATION|FINANCIAL|CASE_OVERLAP,,,2,false,true
HREL-000410,PERSON-000720,PERSON-002950,CROSS_CASE_ASSOCIATION,COMMUNICATION|FINANCIAL|CASE_OVERLAP,,,2,false,true
HREL-000411,PERSON-000443,PERSON-000666,CROSS_CASE_ASSOCIATION,COMMUNICATION|FINANCIAL|CASE_OVERLAP,,,3,false,true
HREL-000412,PERSON-002229,PERSON-001728,BRIDGE_RELATIONSHIP,COMMUNICATION|FINANCIAL|CASE_OVERLAP,,,4,false,true
HREL-000413,PERSON-000566,PERSON-000313,COMMON_INTERMEDIARY,COMMUNICATION|FINANCIAL|CASE_OVERLAP,,,4,false,true
HREL-000414,PERSON-002110,PERSON-001041,CROSS_CASE_ASSOCIATION,COMMUNICATION|FINANCIAL|CASE_OVERLAP,,,4,false,true
HREL-000415,PERSON-002647,PERSON-001060,COMMON_INTERMEDIARY,COMMUNICATION|FINANCIAL|CASE_OVERLAP,,,3,false,true
HREL-000416,PERSON-002205,PERSON-001240,COMMON_INTERMEDIARY,COMMUNICATION|FINANCIAL|CASE_OVERLAP,,,4,false,true
HREL-000417,PERSON-000468,PERSON-002717,CROSS_CASE_ASSOCIATION,COMMUNICATION|FINANCIAL|CASE_OVERLAP,,,3,false,true
HREL-000418,PERSON-002345,PERSON-001203,COMMON_INTERMEDIARY,COMMUNICATION|FINANCIAL|CASE_OVERLAP,,,4,false,true
HREL-000419,PERSON-002840,PERSON-002108,BRIDGE_RELATIONSHIP,COMMUNICATION|FINANCIAL|CASE_OVERLAP,,,4,false,true
HREL-000420,PERSON-002430,PERSON-000636,CROSS_CASE_ASSOCIATION,COMMUNICATION|FINANCIAL|CASE_OVERLAP,,,3,false,true
HREL-000421,PERSON-002881,PERSON-001848,SHARED_NETWORK,COMMUNICATION|FINANCIAL|CASE_OVERLAP,,,3,false,true
HREL-000422,PERSON-000315,PERSON-002009,BRIDGE_RELATIONSHIP,COMMUNICATION|FINANCIAL|CASE_OVERLAP,,,4,false,true
HREL-000423,PERSON-000480,PERSON-001804,BRIDGE_RELATIONSHIP,COMMUNICATION|FINANCIAL|CASE_OVERLAP,,,3,false,true
HREL-000424,PERSON-002773,PERSON-002313,COMMON_INTERMEDIARY,COMMUNICATION|FINANCIAL|CASE_OVERLAP,,,2,false,true
HREL-000425,PERSON-001833,PERSON-001382,CROSS_CASE_ASSOCIATION,COMMUNICATION|FINANCIAL|CASE_OVERLAP,,,3,false,true
HREL-000426,PERSON-000952,PERSON-001664,CROSS_CASE_ASSOCIATION,COMMUNICATION|FINANCIAL|CASE_OVERLAP,,,4,false,true
HREL-000427,PERSON-000502,PERSON-001290,CROSS_CASE_ASSOCIATION,COMMUNICATION|FINANCIAL|CASE_OVERLAP,,,4,false,true
HREL-000428,PERSON-001056,PERSON-001235,SHARED_NETWORK,COMMUNICATION|FINANCIAL|CASE_OVERLAP,,,2,false,true
HREL-000429,PERSON-002831,PERSON-000689,COMMON_INTERMEDIARY,COMMUNICATION|FINANCIAL|CASE_OVERLAP,,,3,false,true
HREL-000430,PERSON-002131,PERSON-002898,CROSS_CASE_ASSOCIATION,COMMUNICATION|FINANCIAL|CASE_OVERLAP,,,2,false,true
HREL-000431,PERSON-000236,PERSON-000850,CROSS_CASE_ASSOCIATION,COMMUNICATION|FINANCIAL|CASE_OVERLAP,,,4,false,true
HREL-000432,PERSON-002558,PERSON-000987,COMMON_INTERMEDIARY,COMMUNICATION|FINANCIAL|CASE_OVERLAP,,,3,false,true
HREL-000433,PERSON-002209,PERSON-000084,CROSS_CASE_ASSOCIATION,COMMUNICATION|FINANCIAL|CASE_OVERLAP,,,4,false,true
HREL-000434,PERSON-002028,PERSON-000819,CROSS_CASE_ASSOCIATION,COMMUNICATION|FINANCIAL|CASE_OVERLAP,,,4,false,true
HREL-000435,PERSON-001718,PERSON-000804,CROSS_CASE_ASSOCIATION,COMMUNICATION|FINANCIAL|CASE_OVERLAP,,,4,false,true
HREL-000436,PERSON-000425,PERSON-001745,COMMON_INTERMEDIARY,COMMUNICATION|FINANCIAL|CASE_OVERLAP,,,4,false,true
HREL-000437,PERSON-000870,PERSON-000517,SHARED_NETWORK,COMMUNICATION|FINANCIAL|CASE_OVERLAP,,,2,false,true
HREL-000438,PERSON-001687,PERSON-002843,COMMON_INTERMEDIARY,COMMUNICATION|FINANCIAL|CASE_OVERLAP,,,3,false,true
HREL-000439,PERSON-001931,PERSON-002921,CROSS_CASE_ASSOCIATION,COMMUNICATION|FINANCIAL|CASE_OVERLAP,,,3,false,true
HREL-000440,PERSON-000392,PERSON-000203,COMMON_INTERMEDIARY,COMMUNICATION|FINANCIAL|CASE_OVERLAP,,,4,false,true
HREL-000441,PERSON-002102,PERSON-001575,COMMON_INTERMEDIARY,COMMUNICATION|FINANCIAL|CASE_OVERLAP,,,3,false,true
HREL-000442,PERSON-001376,PERSON-001202,COMMON_INTERMEDIARY,COMMUNICATION|FINANCIAL|CASE_OVERLAP,,,3,false,true
HREL-000443,PERSON-001772,PERSON-002654,COMMON_INTERMEDIARY,COMMUNICATION|FINANCIAL|CASE_OVERLAP,,,2,false,true
HREL-000444,PERSON-000254,PERSON-002429,BRIDGE_RELATIONSHIP,COMMUNICATION|FINANCIAL|CASE_OVERLAP,,,3,false,true
HREL-000445,PERSON-000341,PERSON-000344,CROSS_CASE_ASSOCIATION,COMMUNICATION|FINANCIAL|CASE_OVERLAP,,,4,false,true
HREL-000446,PERSON-002895,PERSON-002585,COMMON_INTERMEDIARY,COMMUNICATION|FINANCIAL|CASE_OVERLAP,,,4,false,true
HREL-000447,PERSON-001646,PERSON-000675,COMMON_INTERMEDIARY,COMMUNICATION|FINANCIAL|CASE_OVERLAP,,,4,false,true
HREL-000448,PERSON-002141,PERSON-001319,BRIDGE_RELATIONSHIP,COMMUNICATION|FINANCIAL|CASE_OVERLAP,,,3,false,true
HREL-000449,PERSON-000497,PERSON-001376,CROSS_CASE_ASSOCIATION,COMMUNICATION|FINANCIAL|CASE_OVERLAP,,,3,false,true
HREL-000450,PERSON-000879,PERSON-001197,CROSS_CASE_ASSOCIATION,COMMUNICATION|FINANCIAL|CASE_OVERLAP,,,3,false,true
HREL-000451,PERSON-001072,PERSON-001698,BRIDGE_RELATIONSHIP,COMMUNICATION|FINANCIAL|CASE_OVERLAP,,,3,false,true
HREL-000452,PERSON-002712,PERSON-001149,COMMON_INTERMEDIARY,COMMUNICATION|FINANCIAL|CASE_OVERLAP,,,3,false,true
HREL-000453,PERSON-002368,PERSON-002763,COMMON_INTERMEDIARY,COMMUNICATION|FINANCIAL|CASE_OVERLAP,,,3,false,true
HREL-000454,PERSON-001963,PERSON-001209,CROSS_CASE_ASSOCIATION,COMMUNICATION|FINANCIAL|CASE_OVERLAP,,,4,false,true
HREL-000455,PERSON-002504,PERSON-001792,COMMON_INTERMEDIARY,COMMUNICATION|FINANCIAL|CASE_OVERLAP,,,2,false,true
HREL-000456,PERSON-002656,PERSON-001321,SHARED_NETWORK,COMMUNICATION|FINANCIAL|CASE_OVERLAP,,,3,false,true
HREL-000457,PERSON-000535,PERSON-000199,SHARED_NETWORK,COMMUNICATION|FINANCIAL|CASE_OVERLAP,,,2,false,true
HREL-000458,PERSON-001134,PERSON-001993,BRIDGE_RELATIONSHIP,COMMUNICATION|FINANCIAL|CASE_OVERLAP,,,4,false,true
HREL-000459,PERSON-002354,PERSON-002790,CROSS_CASE_ASSOCIATION,COMMUNICATION|FINANCIAL|CASE_OVERLAP,,,4,false,true
HREL-000460,PERSON-000088,PERSON-002649,SHARED_NETWORK,COMMUNICATION|FINANCIAL|CASE_OVERLAP,,,3,false,true
HREL-000461,PERSON-002002,PERSON-000039,BRIDGE_RELATIONSHIP,COMMUNICATION|FINANCIAL|CASE_OVERLAP,,,3,false,true
HREL-000462,PERSON-000008,PERSON-001196,BRIDGE_RELATIONSHIP,COMMUNICATION|FINANCIAL|CASE_OVERLAP,,,3,false,true
HREL-000463,PERSON-000498,PERSON-002321,CROSS_CASE_ASSOCIATION,COMMUNICATION|FINANCIAL|CASE_OVERLAP,,,4,false,true
HREL-000464,PERSON-001126,PERSON-002161,SHARED_NETWORK,COMMUNICATION|FINANCIAL|CASE_OVERLAP,,,3,false,true
HREL-000465,PERSON-000857,PERSON-001393,COMMON_INTERMEDIARY,COMMUNICATION|FINANCIAL|CASE_OVERLAP,,,4,false,true
HREL-000466,PERSON-001059,PERSON-002154,COMMON_INTERMEDIARY,COMMUNICATION|FINANCIAL|CASE_OVERLAP,,,4,false,true
HREL-000467,PERSON-001150,PERSON-001859,BRIDGE_RELATIONSHIP,COMMUNICATION|FINANCIAL|CASE_OVERLAP,,,3,false,true
HREL-000468,PERSON-001198,PERSON-001814,BRIDGE_RELATIONSHIP,COMMUNICATION|FINANCIAL|CASE_OVERLAP,,,2,false,true
HREL-000469,PERSON-002772,PERSON-002090,BRIDGE_RELATIONSHIP,COMMUNICATION|FINANCIAL|CASE_OVERLAP,,,2,false,true
HREL-000470,PERSON-001015,PERSON-001408,BRIDGE_RELATIONSHIP,COMMUNICATION|FINANCIAL|CASE_OVERLAP,,,2,false,true
HREL-000471,PERSON-001373,PERSON-001268,CROSS_CASE_ASSOCIATION,COMMUNICATION|FINANCIAL|CASE_OVERLAP,,,4,false,true
HREL-000472,PERSON-002866,PERSON-000661,COMMON_INTERMEDIARY,COMMUNICATION|FINANCIAL|CASE_OVERLAP,,,3,false,true
HREL-000473,PERSON-001406,PERSON-000222,SHARED_NETWORK,COMMUNICATION|FINANCIAL|CASE_OVERLAP,,,2,false,true
HREL-000474,PERSON-002602,PERSON-002953,COMMON_INTERMEDIARY,COMMUNICATION|FINANCIAL|CASE_OVERLAP,,,3,false,true
HREL-000475,PERSON-001248,PERSON-002135,SHARED_NETWORK,COMMUNICATION|FINANCIAL|CASE_OVERLAP,,,3,false,true
HREL-000476,PERSON-002568,PERSON-002701,CROSS_CASE_ASSOCIATION,COMMUNICATION|FINANCIAL|CASE_OVERLAP,,,4,false,true
HREL-000477,PERSON-000558,PERSON-000740,COMMON_INTERMEDIARY,COMMUNICATION|FINANCIAL|CASE_OVERLAP,,,4,false,true
HREL-000478,PERSON-002306,PERSON-001561,COMMON_INTERMEDIARY,COMMUNICATION|FINANCIAL|CASE_OVERLAP,,,3,false,true
HREL-000479,PERSON-001641,PERSON-002552,SHARED_NETWORK,COMMUNICATION|FINANCIAL|CASE_OVERLAP,,,3,false,true
HREL-000480,PERSON-000369,PERSON-000138,CROSS_CASE_ASSOCIATION,COMMUNICATION|FINANCIAL|CASE_OVERLAP,,,4,false,true
HREL-000481,PERSON-000875,PERSON-002852,BRIDGE_RELATIONSHIP,COMMUNICATION|FINANCIAL|CASE_OVERLAP,,,2,false,true
HREL-000482,PERSON-000782,PERSON-001602,COMMON_INTERMEDIARY,COMMUNICATION|FINANCIAL|CASE_OVERLAP,,,2,false,true
HREL-000483,PERSON-002275,PERSON-002549,SHARED_NETWORK,COMMUNICATION|FINANCIAL|CASE_OVERLAP,,,3,false,true
HREL-000484,PERSON-001661,PERSON-002528,CROSS_CASE_ASSOCIATION,COMMUNICATION|FINANCIAL|CASE_OVERLAP,,,3,false,true
HREL-000485,PERSON-000469,PERSON-001664,COMMON_INTERMEDIARY,COMMUNICATION|FINANCIAL|CASE_OVERLAP,,,2,false,true
HREL-000486,PERSON-002399,PERSON-002833,SHARED_NETWORK,COMMUNICATION|FINANCIAL|CASE_OVERLAP,,,3,false,true
HREL-000487,PERSON-001567,PERSON-000301,CROSS_CASE_ASSOCIATION,COMMUNICATION|FINANCIAL|CASE_OVERLAP,,,4,false,true
HREL-000488,PERSON-000180,PERSON-001280,SHARED_NETWORK,COMMUNICATION|FINANCIAL|CASE_OVERLAP,,,2,false,true
HREL-000489,PERSON-001203,PERSON-002128,SHARED_NETWORK,COMMUNICATION|FINANCIAL|CASE_OVERLAP,,,3,false,true
HREL-000490,PERSON-001366,PERSON-002355,BRIDGE_RELATIONSHIP,COMMUNICATION|FINANCIAL|CASE_OVERLAP,,,2,false,true
HREL-000491,PERSON-002453,PERSON-002302,BRIDGE_RELATIONSHIP,COMMUNICATION|FINANCIAL|CASE_OVERLAP,,,3,false,true
HREL-000492,PERSON-001782,PERSON-001039,COMMON_INTERMEDIARY,COMMUNICATION|FINANCIAL|CASE_OVERLAP,,,2,false,true
HREL-000493,PERSON-000064,PERSON-001806,SHARED_NETWORK,COMMUNICATION|FINANCIAL|CASE_OVERLAP,,,4,false,true
HREL-000494,PERSON-000565,PERSON-000081,SHARED_NETWORK,COMMUNICATION|FINANCIAL|CASE_OVERLAP,,,2,false,true
HREL-000495,PERSON-002812,PERSON-002574,CROSS_CASE_ASSOCIATION,COMMUNICATION|FINANCIAL|CASE_OVERLAP,,,2,false,true
HREL-000496,PERSON-001072,PERSON-000029,SHARED_NETWORK,COMMUNICATION|FINANCIAL|CASE_OVERLAP,,,3,false,true
HREL-000497,PERSON-000617,PERSON-002257,COMMON_INTERMEDIARY,COMMUNICATION|FINANCIAL|CASE_OVERLAP,,,3,false,true
HREL-000498,PERSON-000866,PERSON-000035,BRIDGE_RELATIONSHIP,COMMUNICATION|FINANCIAL|CASE_OVERLAP,,,4,false,true
HREL-000499,PERSON-001681,PERSON-001339,SHARED_NETWORK,COMMUNICATION|FINANCIAL|CASE_OVERLAP,,,3,false,true
HREL-000500,PERSON-001150,PERSON-000169,SHARED_NETWORK,COMMUNICATION|FINANCIAL|CASE_OVERLAP,,,4,false,true
