network_id,network_type,person_id,ground_truth_role,synthetic_flag
NET-000001,ORGANIZED_CRIME,PERSON-001210,associate,true
NET-000001,ORGANIZED_CRIME,PERSON-001667,associate,true
NET-000001,ORGANIZED_CRIME,PERSON-000146,member,true
NET-000001,ORGANIZED_CRIME,PERSON-000351,coordinator,true
NET-000001,ORGANIZED_CRIME,PERSON-001558,coordinator,true
NET-000001,ORGANIZED_CRIME,PERSON-002750,member,true
NET-000001,ORGANIZED_CRIME,PERSON-001041,bridge,true
NET-000001,ORGANIZED_CRIME,PERSON-001589,coordinator,true
NET-000001,ORGANIZED_CRIME,PERSON-001670,member,true
NET-000002,MIXED_CRIME,PERSON-000081,associate,true
NET-000002,MIXED_CRIME,PERSON-001259,member,true
NET-000002,MIXED_CRIME,PERSON-000850,bridge,true
NET-000002,MIXED_CRIME,PERSON-001861,bridge,true
NET-000002,MIXED_CRIME,PERSON-002574,associate,true
NET-000002,MIXED_CRIME,PERSON-000863,member,true
NET-000002,MIXED_CRIME,PERSON-000063,member,true
NET-000002,MIXED_CRIME,PERSON-002757,associate,true
NET-000002,MIXED_CRIME,PERSON-001589,associate,true
NET-000003,NARCOTICS,PERSON-000146,member,true
NET-000003,NARCOTICS,PERSON-002609,bridge,true
NET-000003,NARCOTICS,PERSON-000906,coordinator,true
NET-000003,NARCOTICS,PERSON-000473,member,true
NET-000003,NARCOTICS,PERSON-000047,member,true
NET-000003,NARCOTICS,PERSON-002938,bridge,true
NET-000003,NARCOTICS,PERSON-000279,associate,true
NET-000003,NARCOTICS,PERSON-000217,bridge,true
NET-000003,NARCOTICS,PERSON-001768,coordinator,true
NET-000003,NARCOTICS,PERSON-002223,associate,true
NET-000003,NARCOTICS,PERSON-002205,associate,true
NET-000003,NARCOTICS,PERSON-000556,associate,true
NET-000003,NARCOTICS,PERSON-002964,associate,true
NET-000004,MIXED_CRIME,PERSON-001558,coordinator,true
NET-000004,MIXED_CRIME,PERSON-002821,bridge,true
NET-000004,MIXED_CRIME,PERSON-000540,bridge,true
NET-000004,MIXED_CRIME,PERSON-001474,coordinator,true
NET-000004,MIXED_CRIME,PERSON-001115,bridge,true
NET-000004,MIXED_CRIME,PERSON-000180,member,true
NET-000004,MIXED_CRIME,PERSON-001610,bridge,true
NET-000004,MIXED_CRIME,PERSON-001262,coordinator,true
NET-000004,MIXED_CRIME,PERSON-002060,coordinator,true
NET-000004,MIXED_CRIME,PERSON-000440,associate,true
NET-000004,MIXED_CRIME,PERSON-000267,coordinator,true
NET-000004,MIXED_CRIME,PERSON-000792,associate,true
NET-000004,MIXED_CRIME,PERSON-002900,associate,true
NET-000004,MIXED_CRIME,PERSON-002618,associate,true
NET-000004,MIXED_CRIME,PERSON-001757,bridge,true
NET-000005,CYBERCRIME,PERSON-001349,associate,true
NET-000005,CYBERCRIME,PERSON-001658,coordinator,true
NET-000005,CYBERCRIME,PERSON-002388,bridge,true
NET-000005,CYBERCRIME,PERSON-001589,coordinator,true
NET-000005,CYBERCRIME,PERSON-000898,coordinator,true
NET-000005,CYBERCRIME,PERSON-002408,member,true
NET-000005,CYBERCRIME,PERSON-000922,coordinator,true
NET-000005,CYBERCRIME,PERSON-000693,member,true
NET-000005,CYBERCRIME,PERSON-001955,bridge,true
NET-000005,CYBERCRIME,PERSON-000819,associate,true
NET-000005,CYBERCRIME,PERSON-002222,bridge,true
NET-000005,CYBERCRIME,PERSON-002240,coordinator,true
NET-000005,CYBERCRIME,PERSON-001508,coordinator,true
NET-000005,CYBERCRIME,PERSON-000051,bridge,true
NET-000005,CYBERCRIME,PERSON-001573,associate,true
NET-000005,CYBERCRIME,PERSON-002748,associate,true
NET-000005,CYBERCRIME,PERSON-001017,coordinator,true
NET-000005,CYBERCRIME,PERSON-001056,coordinator,true
NET-000005,CYBERCRIME,PERSON-001327,coordinator,true
NET-000005,CYBERCRIME,PERSON-000774,coordinator,true
NET-000005,CYBERCRIME,PERSON-002990,coordinator,true
NET-000005,CYBERCRIME,PERSON-001457,coordinator,true
NET-000005,CYBERCRIME,PERSON-001619,bridge,true
NET-000005,CYBERCRIME,PERSON-002975,coordinator,true
NET-000005,CYBERCRIME,PERSON-002466,associate,true
NET-000005,CYBERCRIME,PERSON-002803,associate,true
NET-000006,FINANCIAL_FRAUD,PERSON-000682,member,true
NET-000006,FINANCIAL_FRAUD,PERSON-002737,associate,true
NET-000006,FINANCIAL_FRAUD,PERSON-000042,bridge,true
NET-000006,FINANCIAL_FRAUD,PERSON-000473,bridge,true
NET-000006,FINANCIAL_FRAUD,PERSON-000165,coordinator,true
NET-000006,FINANCIAL_FRAUD,PERSON-001481,associate,true
NET-000006,FINANCIAL_FRAUD,PERSON-000275,bridge,true
NET-000006,FINANCIAL_FRAUD,PERSON-002068,associate,true
NET-000006,FINANCIAL_FRAUD,PERSON-000032,coordinator,true
NET-000007,ORGANIZED_CRIME,PERSON-001334,bridge,true
NET-000007,ORGANIZED_CRIME,PERSON-000260,member,true
NET-000007,ORGANIZED_CRIME,PERSON-000499,associate,true
NET-000007,ORGANIZED_CRIME,PERSON-000245,coordinator,true
NET-000007,ORGANIZED_CRIME,PERSON-000943,associate,true
NET-000007,ORGANIZED_CRIME,PERSON-000825,member,true
NET-000007,ORGANIZED_CRIME,PERSON-001780,member,true
NET-000007,ORGANIZED_CRIME,PERSON-002397,associate,true
NET-000007,ORGANIZED_CRIME,PERSON-002408,coordinator,true
NET-000007,ORGANIZED_CRIME,PERSON-001747,bridge,true
NET-000007,ORGANIZED_CRIME,PERSON-002846,member,true
NET-000007,ORGANIZED_CRIME,PERSON-001691,bridge,true
NET-000007,ORGANIZED_CRIME,PERSON-000374,coordinator,true
NET-000007,ORGANIZED_CRIME,PERSON-001578,coordinator,true
NET-000007,ORGANIZED_CRIME,PERSON-002304,member,true
NET-000007,ORGANIZED_CRIME,PERSON-002393,bridge,true
NET-000007,ORGANIZED_CRIME,PERSON-001847,associate,true
NET-000007,ORGANIZED_CRIME,PERSON-001029,associate,true
NET-000008,ROBBERY_DACOITY,PERSON-000233,bridge,true
NET-000008,ROBBERY_DACOITY,PERSON-000492,bridge,true
NET-000008,ROBBERY_DACOITY,PERSON-001478,associate,true
NET-000008,ROBBERY_DACOITY,PERSON-001615,associate,true
NET-000008,ROBBERY_DACOITY,PERSON-000342,bridge,true
NET-000008,ROBBERY_DACOITY,PERSON-000886,member,true
NET-000008,ROBBERY_DACOITY,PERSON-002082,member,true
NET-000008,ROBBERY_DACOITY,PERSON-001059,coordinator,true
NET-000008,ROBBERY_DACOITY,PERSON-000920,coordinator,true
NET-000008,ROBBERY_DACOITY,PERSON-000144,member,true
NET-000008,ROBBERY_DACOITY,PERSON-000302,bridge,true
NET-000008,ROBBERY_DACOITY,PERSON-001880,coordinator,true
NET-000008,ROBBERY_DACOITY,PERSON-002122,coordinator,true
NET-000008,ROBBERY_DACOITY,PERSON-000489,member,true
NET-000008,ROBBERY_DACOITY,PERSON-000305,bridge,true
NET-000008,ROBBERY_DACOITY,PERSON-001830,bridge,true
NET-000009,NARCOTICS,PERSON-001425,member,true
NET-000009,NARCOTICS,PERSON-000822,coordinator,true
NET-000009,NARCOTICS,PERSON-002986,member,true
NET-000009,NARCOTICS,PERSON-002759,member,true
NET-000009,NARCOTICS,PERSON-001071,member,true
NET-000009,NARCOTICS,PERSON-000613,associate,true
NET-000009,NARCOTICS,PERSON-002068,associate,true
NET-000009,NARCOTICS,PERSON-001578,associate,true
NET-000010,HUMAN_TRAFFICKING,PERSON-002377,member,true
NET-000010,HUMAN_TRAFFICKING,PERSON-000135,member,true
NET-000010,HUMAN_TRAFFICKING,PERSON-002442,coordinator,true
NET-000010,HUMAN_TRAFFICKING,PERSON-001792,member,true
NET-000010,HUMAN_TRAFFICKING,PERSON-000622,associate,true
NET-000010,HUMAN_TRAFFICKING,PERSON-000647,associate,true
NET-000010,HUMAN_TRAFFICKING,PERSON-000057,coordinator,true
NET-000010,HUMAN_TRAFFICKING,PERSON-001880,associate,true
NET-000010,HUMAN_TRAFFICKING,PERSON-001519,bridge,true
NET-000010,HUMAN_TRAFFICKING,PERSON-000438,bridge,true
NET-000010,HUMAN_TRAFFICKING,PERSON-002948,bridge,true
NET-000010,HUMAN_TRAFFICKING,PERSON-000997,coordinator,true
NET-000010,HUMAN_TRAFFICKING,PERSON-002247,coordinator,true
NET-000010,HUMAN_TRAFFICKING,PERSON-001141,coordinator,true
NET-000010,HUMAN_TRAFFICKING,PERSON-000604,bridge,true
NET-000010,HUMAN_TRAFFICKING,PERSON-000285,bridge,true
NET-000010,HUMAN_TRAFFICKING,PERSON-002704,bridge,true
NET-000010,HUMAN_TRAFFICKING,PERSON-001885,associate,true
NET-000010,HUMAN_TRAFFICKING,PERSON-001258,member,true
NET-000010,HUMAN_TRAFFICKING,PERSON-000599,bridge,true
NET-000010,HUMAN_TRAFFICKING,PERSON-000634,associate,true
NET-000010,HUMAN_TRAFFICKING,PERSON-002829,member,true
NET-000010,HUMAN_TRAFFICKING,PERSON-001908,bridge,true
NET-000010,HUMAN_TRAFFICKING,PERSON-000812,coordinator,true
NET-000010,HUMAN_TRAFFICKING,PERSON-002481,associate,true
NET-000010,HUMAN_TRAFFICKING,PERSON-000901,member,true
NET-000010,HUMAN_TRAFFICKING,PERSON-002826,coordinator,true
NET-000010,HUMAN_TRAFFICKING,PERSON-002715,associate,true
NET-000011,FINANCIAL_FRAUD,PERSON-000193,bridge,true
NET-000011,FINANCIAL_FRAUD,PERSON-001478,associate,true
NET-000011,FINANCIAL_FRAUD,PERSON-001043,coordinator,true
NET-000011,FINANCIAL_FRAUD,PERSON-002507,member,true
NET-000011,FINANCIAL_FRAUD,PERSON-000676,coordinator,true
NET-000011,FINANCIAL_FRAUD,PERSON-002725,member,true
NET-000011,FINANCIAL_FRAUD,PERSON-002160,bridge,true
NET-000011,FINANCIAL_FRAUD,PERSON-001311,associate,true
NET-000011,FINANCIAL_FRAUD,PERSON-000683,bridge,true
NET-000011,FINANCIAL_FRAUD,PERSON-000507,bridge,true
NET-000011,FINANCIAL_FRAUD,PERSON-000919,bridge,true
NET-000011,FINANCIAL_FRAUD,PERSON-002764,bridge,true
NET-000011,FINANCIAL_FRAUD,PERSON-000497,coordinator,true
NET-000011,FINANCIAL_FRAUD,PERSON-001686,coordinator,true
NET-000011,FINANCIAL_FRAUD,PERSON-000393,associate,true
NET-000011,FINANCIAL_FRAUD,PERSON-000132,bridge,true
NET-000011,FINANCIAL_FRAUD,PERSON-002653,bridge,true
NET-000011,FINANCIAL_FRAUD,PERSON-002947,associate,true
NET-000011,FINANCIAL_FRAUD,PERSON-000072,coordinator,true
NET-000011,FINANCIAL_FRAUD,PERSON-000575,member,true
NET-000011,FINANCIAL_FRAUD,PERSON-001968,associate,true
NET-000011,FINANCIAL_FRAUD,PERSON-000479,member,true
NET-000011,FINANCIAL_FRAUD,PERSON-001861,member,true
NET-000011,FINANCIAL_FRAUD,PERSON-000216,coordinator,true
NET-000011,FINANCIAL_FRAUD,PERSON-001846,associate,true
NET-000011,FINANCIAL_FRAUD,PERSON-000484,member,true
NET-000011,FINANCIAL_FRAUD,PERSON-002901,member,true
NET-000011,FINANCIAL_FRAUD,PERSON-002124,bridge,true
NET-000011,FINANCIAL_FRAUD,PERSON-000488,member,true
NET-000011,FINANCIAL_FRAUD,PERSON-001860,member,true
NET-000012,ROBBERY_DACOITY,PERSON-002450,bridge,true
NET-000012,ROBBERY_DACOITY,PERSON-000092,member,true
NET-000012,ROBBERY_DACOITY,PERSON-000769,bridge,true
NET-000012,ROBBERY_DACOITY,PERSON-000860,bridge,true
NET-000012,ROBBERY_DACOITY,PERSON-000817,associate,true
NET-000012,ROBBERY_DACOITY,PERSON-000647,bridge,true
NET-000012,ROBBERY_DACOITY,PERSON-002457,member,true
NET-000012,ROBBERY_DACOITY,PERSON-002335,associate,true
NET-000012,ROBBERY_DACOITY,PERSON-002039,bridge,true
NET-000012,ROBBERY_DACOITY,PERSON-000597,bridge,true
NET-000012,ROBBERY_DACOITY,PERSON-000062,bridge,true
NET-000012,ROBBERY_DACOITY,PERSON-001894,coordinator,true
NET-000012,ROBBERY_DACOITY,PERSON-000405,associate,true
NET-000012,ROBBERY_DACOITY,PERSON-002879,member,true
NET-000012,ROBBERY_DACOITY,PERSON-000927,member,true
NET-000012,ROBBERY_DACOITY,PERSON-001326,associate,true
NET-000012,ROBBERY_DACOITY,PERSON-001367,bridge,true
NET-000012,ROBBERY_DACOITY,PERSON-000506,coordinator,true
NET-000012,ROBBERY_DACOITY,PERSON-001135,member,true
NET-000012,ROBBERY_DACOITY,PERSON-001507,associate,true
NET-000012,ROBBERY_DACOITY,PERSON-000920,coordinator,true
NET-000012,ROBBERY_DACOITY,PERSON-000390,bridge,true
NET-000012,ROBBERY_DACOITY,PERSON-002660,member,true
NET-000012,ROBBERY_DACOITY,PERSON-001873,member,true
NET-000012,ROBBERY_DACOITY,PERSON-001581,member,true
NET-000012,ROBBERY_DACOITY,PERSON-000544,coordinator,true
NET-000012,ROBBERY_DACOITY,PERSON-002576,coordinator,true
NET-000012,ROBBERY_DACOITY,PERSON-002872,bridge,true
NET-000012,ROBBERY_DACOITY,PERSON-000979,bridge,true
NET-000012,ROBBERY_DACOITY,PERSON-000046,member,true
NET-000012,ROBBERY_DACOITY,PERSON-001337,member,true
NET-000013,HUMAN_TRAFFICKING,PERSON-002442,bridge,true
NET-000013,HUMAN_TRAFFICKING,PERSON-000272,associate,true
NET-000013,HUMAN_TRAFFICKING,PERSON-001043,coordinator,true
NET-000013,HUMAN_TRAFFICKING,PERSON-000524,coordinator,true
NET-000013,HUMAN_TRAFFICKING,PERSON-002114,coordinator,true
NET-000013,HUMAN_TRAFFICKING,PERSON-001007,coordinator,true
NET-000013,HUMAN_TRAFFICKING,PERSON-001521,associate,true
NET-000013,HUMAN_TRAFFICKING,PERSON-001679,associate,true
NET-000013,HUMAN_TRAFFICKING,PERSON-002735,member,true
NET-000013,HUMAN_TRAFFICKING,PERSON-002017,member,true
NET-000013,HUMAN_TRAFFICKING,PERSON-001654,bridge,true
NET-000013,HUMAN_TRAFFICKING,PERSON-001547,member,true
NET-000013,HUMAN_TRAFFICKING,PERSON-000916,associate,true
NET-000013,HUMAN_TRAFFICKING,PERSON-000783,member,true
NET-000013,HUMAN_TRAFFICKING,PERSON-000238,associate,true
NET-000013,HUMAN_TRAFFICKING,PERSON-001994,bridge,true
NET-000013,HUMAN_TRAFFICKING,PERSON-002343,bridge,true
NET-000013,HUMAN_TRAFFICKING,PERSON-001112,bridge,true
NET-000013,HUMAN_TRAFFICKING,PERSON-000628,bridge,true
NET-000013,HUMAN_TRAFFICKING,PERSON-000950,bridge,true
NET-000013,HUMAN_TRAFFICKING,PERSON-001642,bridge,true
NET-000013,HUMAN_TRAFFICKING,PERSON-002703,bridge,true
NET-000013,HUMAN_TRAFFICKING,PERSON-001457,bridge,true
NET-000013,HUMAN_TRAFFICKING,PERSON-000130,associate,true
NET-000013,HUMAN_TRAFFICKING,PERSON-001331,member,true
NET-000013,HUMAN_TRAFFICKING,PERSON-002728,member,true
NET-000014,KIDNAPPING,PERSON-002558,bridge,true
NET-000014,KIDNAPPING,PERSON-000580,coordinator,true
NET-000014,KIDNAPPING,PERSON-001182,coordinator,true
NET-000014,KIDNAPPING,PERSON-000622,associate,true
NET-000014,KIDNAPPING,PERSON-002004,associate,true
NET-000014,KIDNAPPING,PERSON-000667,bridge,true
NET-000014,KIDNAPPING,PERSON-000405,coordinator,true
NET-000014,KIDNAPPING,PERSON-001107,member,true
NET-000014,KIDNAPPING,PERSON-002136,member,true
NET-000014,KIDNAPPING,PERSON-000397,bridge,true
NET-000014,KIDNAPPING,PERSON-000717,associate,true
NET-000014,KIDNAPPING,PERSON-001234,associate,true
NET-000014,KIDNAPPING,PERSON-001890,coordinator,true
NET-000014,KIDNAPPING,PERSON-000074,member,true
NET-000014,KIDNAPPING,PERSON-002215,member,true
NET-000014,KIDNAPPING,PERSON-000784,associate,true
NET-000014,KIDNAPPING,PERSON-001131,associate,true
NET-000014,KIDNAPPING,PERSON-002164,member,true
NET-000014,KIDNAPPING,PERSON-002499,member,true
NET-000014,KIDNAPPING,PERSON-000154,bridge,true
NET-000015,ROBBERY_DACOITY,PERSON-000175,associate,true
NET-000015,ROBBERY_DACOITY,PERSON-000842,bridge,true
NET-000015,ROBBERY_DACOITY,PERSON-001769,coordinator,true
NET-000015,ROBBERY_DACOITY,PERSON-001478,associate,true
NET-000015,ROBBERY_DACOITY,PERSON-002788,coordinator,true
NET-000015,ROBBERY_DACOITY,PERSON-001262,coordinator,true
NET-000015,ROBBERY_DACOITY,PERSON-002428,bridge,true
NET-000015,ROBBERY_DACOITY,PERSON-002845,member,true
NET-000015,ROBBERY_DACOITY,PERSON-000001,associate,true
NET-000015,ROBBERY_DACOITY,PERSON-000712,coordinator,true
NET-000015,ROBBERY_DACOITY,PERSON-002684,coordinator,true
NET-000015,ROBBERY_DACOITY,PERSON-000763,member,true
NET-000015,ROBBERY_DACOITY,PERSON-002444,bridge,true
NET-000015,ROBBERY_DACOITY,PERSON-001385,bridge,true
NET-000015,ROBBERY_DACOITY,PERSON-002954,associate,true
NET-000015,ROBBERY_DACOITY,PERSON-000222,coordinator,true
NET-000015,ROBBERY_DACOITY,PERSON-001206,member,true
NET-000015,ROBBERY_DACOITY,PERSON-000734,coordinator,true
NET-000015,ROBBERY_DACOITY,PERSON-000072,coordinator,true
NET-000015,ROBBERY_DACOITY,PERSON-001012,coordinator,true
NET-000015,ROBBERY_DACOITY,PERSON-001944,member,true
NET-000015,ROBBERY_DACOITY,PERSON-002256,associate,true
NET-000015,ROBBERY_DACOITY,PERSON-000710,member,true
NET-000015,ROBBERY_DACOITY,PERSON-000455,coordinator,true
NET-000016,NARCOTICS,PERSON-001369,associate,true
NET-000016,NARCOTICS,PERSON-001886,member,true
NET-000016,NARCOTICS,PERSON-002740,bridge,true
NET-000016,NARCOTICS,PERSON-002150,coordinator,true
NET-000016,NARCOTICS,PERSON-002944,bridge,true
NET-000016,NARCOTICS,PERSON-002132,member,true
NET-000016,NARCOTICS,PERSON-001796,associate,true
NET-000016,NARCOTICS,PERSON-002077,member,true
NET-000016,NARCOTICS,PERSON-000140,coordinator,true
NET-000016,NARCOTICS,PERSON-001301,bridge,true
NET-000016,NARCOTICS,PERSON-000049,coordinator,true
NET-000016,NARCOTICS,PERSON-000423,bridge,true
NET-000016,NARCOTICS,PERSON-000955,associate,true
NET-000016,NARCOTICS,PERSON-002771,associate,true
NET-000016,NARCOTICS,PERSON-001479,bridge,true
NET-000016,NARCOTICS,PERSON-000991,bridge,true
NET-000016,NARCOTICS,PERSON-001205,coordinator,true
NET-000016,NARCOTICS,PERSON-001863,member,true
NET-000016,NARCOTICS,PERSON-000845,coordinator,true
NET-000016,NARCOTICS,PERSON-001419,coordinator,true
NET-000016,NARCOTICS,PERSON-000121,coordinator,true
NET-000016,NARCOTICS,PERSON-001172,associate,true
NET-000016,NARCOTICS,PERSON-002066,bridge,true
NET-000016,NARCOTICS,PERSON-000181,associate,true
NET-000016,NARCOTICS,PERSON-001805,member,true
NET-000016,NARCOTICS,PERSON-000096,coordinator,true
NET-000016,NARCOTICS,PERSON-002197,bridge,true
NET-000016,NARCOTICS,PERSON-000288,coordinator,true
NET-000016,NARCOTICS,PERSON-002304,associate,true
NET-000016,NARCOTICS,PERSON-002418,bridge,true
NET-000016,NARCOTICS,PERSON-000957,coordinator,true
NET-000017,MIXED_CRIME,PERSON-000120,coordinator,true
NET-000017,MIXED_CRIME,PERSON-001540,bridge,true
NET-000017,MIXED_CRIME,PERSON-001965,member,true
NET-000017,MIXED_CRIME,PERSON-001992,member,true
NET-000017,MIXED_CRIME,PERSON-000083,coordinator,true
NET-000017,MIXED_CRIME,PERSON-000765,bridge,true
NET-000017,MIXED_CRIME,PERSON-002517,associate,true
NET-000017,MIXED_CRIME,PERSON-000921,coordinator,true
NET-000017,MIXED_CRIME,PERSON-001543,member,true
NET-000017,MIXED_CRIME,PERSON-002999,coordinator,true
NET-000017,MIXED_CRIME,PERSON-000621,coordinator,true
NET-000017,MIXED_CRIME,PERSON-002020,member,true
NET-000017,MIXED_CRIME,PERSON-002279,coordinator,true
NET-000017,MIXED_CRIME,PERSON-001544,coordinator,true
NET-000017,MIXED_CRIME,PERSON-001898,coordinator,true
NET-000017,MIXED_CRIME,PERSON-002745,associate,true
NET-000017,MIXED_CRIME,PERSON-001205,associate,true
NET-000017,MIXED_CRIME,PERSON-000357,associate,true
NET-000017,MIXED_CRIME,PERSON-000538,bridge,true
NET-000017,MIXED_CRIME,PERSON-002873,associate,true
NET-000017,MIXED_CRIME,PERSON-000863,associate,true
NET-000017,MIXED_CRIME,PERSON-000488,associate,true
NET-000018,ORGANIZED_CRIME,PERSON-000611,coordinator,true
NET-000018,ORGANIZED_CRIME,PERSON-002438,bridge,true
NET-000018,ORGANIZED_CRIME,PERSON-001596,member,true
NET-000018,ORGANIZED_CRIME,PERSON-002675,bridge,true
NET-000018,ORGANIZED_CRIME,PERSON-001363,coordinator,true
NET-000018,ORGANIZED_CRIME,PERSON-000060,coordinator,true
NET-000018,ORGANIZED_CRIME,PERSON-001542,associate,true
NET-000018,ORGANIZED_CRIME,PERSON-000832,bridge,true
NET-000018,ORGANIZED_CRIME,PERSON-000635,coordinator,true
NET-000018,ORGANIZED_CRIME,PERSON-000886,bridge,true
NET-000018,ORGANIZED_CRIME,PERSON-002896,member,true
NET-000018,ORGANIZED_CRIME,PERSON-002713,member,true
NET-000018,ORGANIZED_CRIME,PERSON-000497,bridge,true
NET-000018,ORGANIZED_CRIME,PERSON-002847,bridge,true
NET-000018,ORGANIZED_CRIME,PERSON-001847,associate,true
NET-000018,ORGANIZED_CRIME,PERSON-001480,coordinator,true
NET-000018,ORGANIZED_CRIME,PERSON-002922,associate,true
NET-000019,KIDNAPPING,PERSON-001066,coordinator,true
NET-000019,KIDNAPPING,PERSON-002739,coordinator,true
NET-000019,KIDNAPPING,PERSON-001516,bridge,true
NET-000019,KIDNAPPING,PERSON-002965,bridge,true
NET-000019,KIDNAPPING,PERSON-002654,associate,true
NET-000019,KIDNAPPING,PERSON-000295,coordinator,true
NET-000019,KIDNAPPING,PERSON-001013,member,true
NET-000019,KIDNAPPING,PERSON-000846,member,true
NET-000019,KIDNAPPING,PERSON-002106,coordinator,true
NET-000019,KIDNAPPING,PERSON-000569,associate,true
NET-000019,KIDNAPPING,PERSON-001387,bridge,true
NET-000019,KIDNAPPING,PERSON-000838,associate,true
NET-000019,KIDNAPPING,PERSON-002009,coordinator,true
NET-000019,KIDNAPPING,PERSON-001431,bridge,true
NET-000019,KIDNAPPING,PERSON-001701,coordinator,true
NET-000019,KIDNAPPING,PERSON-002449,coordinator,true
NET-000019,KIDNAPPING,PERSON-001803,associate,true
NET-000019,KIDNAPPING,PERSON-000862,associate,true
NET-000019,KIDNAPPING,PERSON-000479,associate,true
NET-000019,KIDNAPPING,PERSON-002646,bridge,true
NET-000019,KIDNAPPING,PERSON-002197,associate,true
NET-000019,KIDNAPPING,PERSON-000823,member,true
NET-000019,KIDNAPPING,PERSON-000484,associate,true
NET-000019,KIDNAPPING,PERSON-000703,coordinator,true
NET-000019,KIDNAPPING,PERSON-001492,coordinator,true
NET-000019,KIDNAPPING,PERSON-001152,bridge,true
NET-000020,ORGANIZED_CRIME,PERSON-001664,bridge,true
NET-000020,ORGANIZED_CRIME,PERSON-002675,associate,true
NET-000020,ORGANIZED_CRIME,PERSON-001343,coordinator,true
NET-000020,ORGANIZED_CRIME,PERSON-002998,member,true
NET-000020,ORGANIZED_CRIME,PERSON-000106,associate,true
NET-000020,ORGANIZED_CRIME,PERSON-002835,bridge,true
NET-000020,ORGANIZED_CRIME,PERSON-000948,coordinator,true
NET-000020,ORGANIZED_CRIME,PERSON-000576,associate,true
NET-000020,ORGANIZED_CRIME,PERSON-001315,bridge,true
NET-000020,ORGANIZED_CRIME,PERSON-002757,associate,true
NET-000020,ORGANIZED_CRIME,PERSON-000904,coordinator,true
NET-000020,ORGANIZED_CRIME,PERSON-000584,bridge,true
NET-000020,ORGANIZED_CRIME,PERSON-000697,bridge,true
NET-000020,ORGANIZED_CRIME,PERSON-000230,associate,true
NET-000020,ORGANIZED_CRIME,PERSON-002715,associate,true
NET-000021,CYBERCRIME,PERSON-000232,associate,true
NET-000021,CYBERCRIME,PERSON-002453,associate,true
NET-000021,CYBERCRIME,PERSON-000540,member,true
NET-000021,CYBERCRIME,PERSON-002839,associate,true
NET-000021,CYBERCRIME,PERSON-000789,associate,true
NET-000021,CYBERCRIME,PERSON-002547,member,true
NET-000021,CYBERCRIME,PERSON-001309,member,true
NET-000021,CYBERCRIME,PERSON-002270,coordinator,true
NET-000021,CYBERCRIME,PERSON-000406,bridge,true
NET-000021,CYBERCRIME,PERSON-001876,associate,true
NET-000021,CYBERCRIME,PERSON-000109,member,true
NET-000021,CYBERCRIME,PERSON-001691,coordinator,true
NET-000021,CYBERCRIME,PERSON-000040,member,true
NET-000021,CYBERCRIME,PERSON-002639,associate,true
NET-000021,CYBERCRIME,PERSON-001610,coordinator,true
NET-000021,CYBERCRIME,PERSON-000274,associate,true
NET-000021,CYBERCRIME,PERSON-002368,associate,true
NET-000021,CYBERCRIME,PERSON-001705,associate,true
NET-000021,CYBERCRIME,PERSON-000911,coordinator,true
NET-000021,CYBERCRIME,PERSON-001277,member,true
NET-000022,FINANCIAL_FRAUD,PERSON-001774,bridge,true
NET-000022,FINANCIAL_FRAUD,PERSON-000419,bridge,true
NET-000022,FINANCIAL_FRAUD,PERSON-002737,bridge,true
NET-000022,FINANCIAL_FRAUD,PERSON-000366,associate,true
NET-000022,FINANCIAL_FRAUD,PERSON-000414,associate,true
NET-000022,FINANCIAL_FRAUD,PERSON-000407,associate,true
NET-000022,FINANCIAL_FRAUD,PERSON-002417,bridge,true
NET-000022,FINANCIAL_FRAUD,PERSON-002094,bridge,true
NET-000022,FINANCIAL_FRAUD,PERSON-001687,member,true
NET-000022,FINANCIAL_FRAUD,PERSON-001758,coordinator,true
NET-000022,FINANCIAL_FRAUD,PERSON-001381,associate,true
NET-000022,FINANCIAL_FRAUD,PERSON-000207,coordinator,true
NET-000022,FINANCIAL_FRAUD,PERSON-002105,member,true
NET-000022,FINANCIAL_FRAUD,PERSON-000111,bridge,true
NET-000022,FINANCIAL_FRAUD,PERSON-000103,associate,true
NET-000022,FINANCIAL_FRAUD,PERSON-001869,associate,true
NET-000023,NARCOTICS,PERSON-002159,member,true
NET-000023,NARCOTICS,PERSON-002309,bridge,true
NET-000023,NARCOTICS,PERSON-000566,member,true
NET-000023,NARCOTICS,PERSON-000223,member,true
NET-000023,NARCOTICS,PERSON-000022,member,true
NET-000023,NARCOTICS,PERSON-001360,coordinator,true
NET-000023,NARCOTICS,PERSON-001552,associate,true
NET-000023,NARCOTICS,PERSON-000526,bridge,true
NET-000023,NARCOTICS,PERSON-002758,associate,true
NET-000023,NARCOTICS,PERSON-001255,bridge,true
NET-000023,NARCOTICS,PERSON-002982,bridge,true
NET-000023,NARCOTICS,PERSON-000955,coordinator,true
NET-000023,NARCOTICS,PERSON-001127,bridge,true
NET-000023,NARCOTICS,PERSON-002847,bridge,true
NET-000023,NARCOTICS,PERSON-001110,coordinator,true
NET-000023,NARCOTICS,PERSON-001054,member,true
NET-000023,NARCOTICS,PERSON-000906,coordinator,true
NET-000023,NARCOTICS,PERSON-001131,member,true
NET-000023,NARCOTICS,PERSON-001214,associate,true
NET-000024,HUMAN_TRAFFICKING,PERSON-002277,bridge,true
NET-000024,HUMAN_TRAFFICKING,PERSON-000804,member,true
NET-000024,HUMAN_TRAFFICKING,PERSON-001066,member,true
NET-000024,HUMAN_TRAFFICKING,PERSON-000341,coordinator,true
NET-000024,HUMAN_TRAFFICKING,PERSON-001540,bridge,true
NET-000024,HUMAN_TRAFFICKING,PERSON-001262,coordinator,true
NET-000024,HUMAN_TRAFFICKING,PERSON-000106,coordinator,true
NET-000024,HUMAN_TRAFFICKING,PERSON-001617,associate,true
NET-000024,HUMAN_TRAFFICKING,PERSON-001194,associate,true
NET-000024,HUMAN_TRAFFICKING,PERSON-002930,coordinator,true
NET-000024,HUMAN_TRAFFICKING,PERSON-000009,coordinator,true
NET-000024,HUMAN_TRAFFICKING,PERSON-000721,associate,true
NET-000024,HUMAN_TRAFFICKING,PERSON-002454,member,true
NET-000024,HUMAN_TRAFFICKING,PERSON-001648,member,true
NET-000024,HUMAN_TRAFFICKING,PERSON-002371,member,true
NET-000024,HUMAN_TRAFFICKING,PERSON-000449,member,true
NET-000024,HUMAN_TRAFFICKING,PERSON-001191,coordinator,true
NET-000024,HUMAN_TRAFFICKING,PERSON-001899,associate,true
NET-000024,HUMAN_TRAFFICKING,PERSON-002970,member,true
NET-000024,HUMAN_TRAFFICKING,PERSON-002034,bridge,true
NET-000024,HUMAN_TRAFFICKING,PERSON-002900,coordinator,true
NET-000024,HUMAN_TRAFFICKING,PERSON-002633,associate,true
NET-000024,HUMAN_TRAFFICKING,PERSON-002246,member,true
NET-000025,CYBERCRIME,PERSON-002277,member,true
NET-000025,CYBERCRIME,PERSON-002980,coordinator,true
NET-000025,CYBERCRIME,PERSON-000092,member,true
NET-000025,CYBERCRIME,PERSON-000136,coordinator,true
NET-000025,CYBERCRIME,PERSON-000607,associate,true
NET-000025,CYBERCRIME,PERSON-000792,associate,true
NET-000025,CYBERCRIME,PERSON-000528,bridge,true
NET-000025,CYBERCRIME,PERSON-001180,associate,true
NET-000025,CYBERCRIME,PERSON-002887,bridge,true
NET-000025,CYBERCRIME,PERSON-002937,associate,true
NET-000025,CYBERCRIME,PERSON-001093,associate,true
NET-000025,CYBERCRIME,PERSON-001941,associate,true
NET-000025,CYBERCRIME,PERSON-001615,bridge,true
NET-000025,CYBERCRIME,PERSON-000808,member,true
NET-000025,CYBERCRIME,PERSON-001384,member,true
NET-000025,CYBERCRIME,PERSON-000075,bridge,true
NET-000025,CYBERCRIME,PERSON-000357,associate,true
NET-000025,CYBERCRIME,PERSON-002770,associate,true
NET-000025,CYBERCRIME,PERSON-001997,member,true
NET-000025,CYBERCRIME,PERSON-000653,bridge,true
NET-000025,CYBERCRIME,PERSON-001673,bridge,true
NET-000026,CYBERCRIME,PERSON-000648,bridge,true
NET-000026,CYBERCRIME,PERSON-001536,bridge,true
NET-000026,CYBERCRIME,PERSON-001706,coordinator,true
NET-000026,CYBERCRIME,PERSON-000647,bridge,true
NET-000026,CYBERCRIME,PERSON-001788,coordinator,true
NET-000026,CYBERCRIME,PERSON-000259,associate,true
NET-000026,CYBERCRIME,PERSON-000568,associate,true
NET-000026,CYBERCRIME,PERSON-000895,coordinator,true
NET-000026,CYBERCRIME,PERSON-000898,associate,true
NET-000026,CYBERCRIME,PERSON-001318,bridge,true
NET-000026,CYBERCRIME,PERSON-000106,bridge,true
NET-000027,CYBERCRIME,PERSON-002275,associate,true
NET-000027,CYBERCRIME,PERSON-002331,associate,true
NET-000027,CYBERCRIME,PERSON-000979,associate,true
NET-000027,CYBERCRIME,PERSON-001668,bridge,true
NET-000027,CYBERCRIME,PERSON-002087,coordinator,true
NET-000027,CYBERCRIME,PERSON-002499,member,true
NET-000027,CYBERCRIME,PERSON-001397,bridge,true
NET-000027,CYBERCRIME,PERSON-002689,bridge,true
NET-000027,CYBERCRIME,PERSON-001423,associate,true
NET-000028,HUMAN_TRAFFICKING,PERSON-001817,associate,true
NET-000028,HUMAN_TRAFFICKING,PERSON-000092,bridge,true
NET-000028,HUMAN_TRAFFICKING,PERSON-002915,associate,true
NET-000028,HUMAN_TRAFFICKING,PERSON-000470,associate,true
NET-000028,HUMAN_TRAFFICKING,PERSON-001659,bridge,true
NET-000028,HUMAN_TRAFFICKING,PERSON-001124,associate,true
NET-000028,HUMAN_TRAFFICKING,PERSON-002410,member,true
NET-000028,HUMAN_TRAFFICKING,PERSON-002006,coordinator,true
NET-000028,HUMAN_TRAFFICKING,PERSON-001511,bridge,true
NET-000028,HUMAN_TRAFFICKING,PERSON-002675,bridge,true
NET-000028,HUMAN_TRAFFICKING,PERSON-001810,bridge,true
NET-000028,HUMAN_TRAFFICKING,PERSON-001455,member,true
NET-000028,HUMAN_TRAFFICKING,PERSON-001547,coordinator,true
NET-000028,HUMAN_TRAFFICKING,PERSON-001212,member,true
NET-000028,HUMAN_TRAFFICKING,PERSON-001584,member,true
NET-000028,HUMAN_TRAFFICKING,PERSON-001674,bridge,true
NET-000028,HUMAN_TRAFFICKING,PERSON-001782,coordinator,true
NET-000028,HUMAN_TRAFFICKING,PERSON-001807,associate,true
NET-000028,HUMAN_TRAFFICKING,PERSON-002920,coordinator,true
NET-000028,HUMAN_TRAFFICKING,PERSON-000139,bridge,true
NET-000028,HUMAN_TRAFFICKING,PERSON-001116,member,true
NET-000028,HUMAN_TRAFFICKING,PERSON-002829,member,true
NET-000028,HUMAN_TRAFFICKING,PERSON-000909,bridge,true
NET-000028,HUMAN_TRAFFICKING,PERSON-001866,bridge,true
NET-000028,HUMAN_TRAFFICKING,PERSON-001824,associate,true
NET-000028,HUMAN_TRAFFICKING,PERSON-000195,bridge,true
NET-000028,HUMAN_TRAFFICKING,PERSON-000430,member,true
