location_id,name,latitude,longitude,address,city,state,location_type
L0001,East Business Park 1,21.0033,79.0207,"908, College Road, Nagpur",Nagpur,Maharashtra,Warehouse
L0002,North Industrial Estate 2,21.1988,79.2059,"147, Nehru Nagar, Nagpur",Nagpur,Maharashtra,Office
L0003,West Industrial Estate 3,23.1194,77.2907,"49, Ring Road, Bhopal",Bhopal,Madhya Pradesh,Warehouse
L0004,Central Office Centre 4,10.8748,76.8655,"890, Lake View Road, Coimbatore",Coimbatore,Tamil Nadu,Hotel
L0005,West Transit Hub 5,23.176,77.4394,"472, Lake View Road, Bhopal",Bhopal,Madhya Pradesh,Crime Scene
L0006,East Transit Hub 6,13.031,77.5467,"582, Station Road, Bengaluru",Bengaluru,Karnataka,Meeting Point
L0007,East Transit Hub 7,21.0509,72.7951,"314, Ring Road, Surat",Surat,Gujarat,Commercial Area
L0008,North Business Park 8,10.9462,76.8188,"672, Market Road, Coimbatore",Coimbatore,Tamil Nadu,Parking Area
L0009,East Office Centre 9,21.2877,79.0518,"862, Airport Road, Nagpur",Nagpur,Maharashtra,Transport Hub
L0010,North Transit Hub 10,11.1324,76.9143,"49, Nehru Nagar, Coimbatore",Coimbatore,Tamil Nadu,Warehouse
L0011,South Business Park 11,18.5688,73.9386,"220, Market Road, Pune",Pune,Maharashtra,Office
L0012,West Business Park 12,21.1098,79.0742,"781, Shivaji Nagar, Nagpur",Nagpur,Maharashtra,Storage Facility
L0013,North Business Park 13,12.9327,77.5075,"104, Airport Road, Bengaluru",Bengaluru,Karnataka,Bank
L0014,East Business Park 14,11.0573,76.966,"39, Airport Road, Coimbatore",Coimbatore,Tamil Nadu,Warehouse
L0015,East Office Centre 15,22.5364,88.5108,"554, MG Road, Kolkata",Kolkata,West Bengal,Hotel
L0016,Central Market Complex 16,13.1381,80.3736,"938, Ring Road, Chennai",Chennai,Tamil Nadu,Crime Scene
L0017,South Transit Hub 17,13.1792,80.3622,"196, College Road, Chennai",Chennai,Tamil Nadu,Industrial Area
L0018,North Industrial Estate 18,19.9108,73.9227,"248, Nehru Nagar, Nashik",Nashik,Maharashtra,Cyber Activity Location
L0019,South Transit Hub 19,17.4316,78.4554,"448, Shivaji Nagar, Hyderabad",Hyderabad,Telangana,Cyber Activity Location
L0020,Central Office Centre 20,19.1478,72.9021,"410, Park Street, Thane",Thane,Maharashtra,Transport Hub
L0021,North Transit Hub 21,28.7782,77.081,"445, Shivaji Nagar, Delhi",Delhi,Delhi,Road
L0022,Central Transit Hub 22,26.8282,75.9366,"64, Airport Road, Jaipur",Jaipur,Rajasthan,Transport Hub
L0023,Central Office Centre 23,20.0742,73.8981,"166, Shivaji Nagar, Nashik",Nashik,Maharashtra,Meeting Point
L0024,East Market Complex 24,23.2888,77.378,"677, Nehru Nagar, Bhopal",Bhopal,Madhya Pradesh,Road
L0025,West Transit Hub 25,28.4609,77.407,"500, Market Road, Noida",Noida,Uttar Pradesh,Residence
L0026,West Business Park 26,28.5348,77.1072,"987, Lake View Road, Gurugram",Gurugram,Haryana,Commercial Area
L0027,North Market Complex 27,23.0029,72.5575,"251, Airport Road, Ahmedabad",Ahmedabad,Gujarat,Restaurant
L0028,East Business Park 28,28.6141,77.3933,"524, College Road, Noida",Noida,Uttar Pradesh,Office
L0029,North Transit Hub 29,28.5682,77.2869,"66, Lake View Road, Noida",Noida,Uttar Pradesh,Crime Scene
L0030,West Market Complex 30,28.5955,77.1533,"98, College Road, Gurugram",Gurugram,Haryana,Cyber Activity Location
L0031,North Business Park 31,10.964,76.8116,"970, Lake View Road, Coimbatore",Coimbatore,Tamil Nadu,Cyber Activity Location
L0032,Central Market Complex 32,22.9443,72.4937,"611, Market Road, Ahmedabad",Ahmedabad,Gujarat,Road
L0033,South Transit Hub 33,20.0671,73.8846,"238, Nehru Nagar, Nashik",Nashik,Maharashtra,Crime Scene
L0034,East Office Centre 34,19.1068,72.9707,"496, Park Street, Thane",Thane,Maharashtra,Transport Hub
L0035,North Industrial Estate 35,28.7124,77.1345,"888, Shivaji Nagar, Delhi",Delhi,Delhi,Warehouse
L0036,North Transit Hub 36,17.4489,78.4564,"338, MG Road, Hyderabad",Hyderabad,Telangana,Hotel
L0037,Central Office Centre 37,22.6925,88.3493,"762, Lake View Road, Kolkata",Kolkata,West Bengal,Warehouse
L0038,West Transit Hub 38,19.9489,73.8163,"173, Shivaji Nagar, Nashik",Nashik,Maharashtra,Warehouse
L0039,South Market Complex 39,12.9349,80.3331,"741, Nehru Nagar, Chennai",Chennai,Tamil Nadu,Residence
L0040,North Industrial Estate 40,20.1191,73.8977,"802, Lake View Road, Nashik",Nashik,Maharashtra,Office
L0041,West Transit Hub 41,13.0162,80.2663,"972, Airport Road, Chennai",Chennai,Tamil Nadu,Transport Hub
L0042,West Market Complex 42,9.9541,76.1902,"86, Nehru Nagar, Kochi",Kochi,Kerala,Parking Area
L0043,North Market Complex 43,17.2633,78.5344,"873, Shivaji Nagar, Hyderabad",Hyderabad,Telangana,Commercial Area
L0044,Central Business Park 44,23.25,77.4813,"200, Nehru Nagar, Bhopal",Bhopal,Madhya Pradesh,Hotel
L0045,East Industrial Estate 45,18.4912,73.8085,"125, Station Road, Pune",Pune,Maharashtra,Storage Facility
L0046,West Business Park 46,12.9902,80.2816,"133, Lake View Road, Chennai",Chennai,Tamil Nadu,Meeting Point
L0047,West Market Complex 47,12.9052,77.5195,"886, Shivaji Nagar, Bengaluru",Bengaluru,Karnataka,Cyber Activity Location
L0048,East Office Centre 48,22.665,88.4707,"348, Nehru Nagar, Kolkata",Kolkata,West Bengal,Office
L0049,East Business Park 49,28.5603,77.1673,"40, Park Street, Gurugram",Gurugram,Haryana,Cyber Activity Location
L0050,Central Office Centre 50,12.9435,77.589,"58, Park Street, Bengaluru",Bengaluru,Karnataka,Storage Facility
L0051,East Market Complex 51,18.4198,73.7073,"940, Nehru Nagar, Pune",Pune,Maharashtra,Industrial Area
L0052,North Office Centre 52,22.5082,88.4229,"36, Park Street, Kolkata",Kolkata,West Bengal,Restaurant
L0053,South Office Centre 53,26.7431,80.8852,"9, Ring Road, Lucknow",Lucknow,Uttar Pradesh,Residence
L0054,East Market Complex 54,28.3278,76.9707,"715, Ring Road, Gurugram",Gurugram,Haryana,Residence
L0055,North Business Park 55,26.8476,81.052,"475, Airport Road, Lucknow",Lucknow,Uttar Pradesh,Meeting Point
L0056,East Office Centre 56,28.4095,77.2967,"880, Market Road, Noida",Noida,Uttar Pradesh,Road
L0057,Central Office Centre 57,13.0538,80.4032,"866, Market Road, Chennai",Chennai,Tamil Nadu,Road
L0058,South Business Park 58,9.9596,76.3031,"422, MG Road, Kochi",Kochi,Kerala,Industrial Area
L0059,Central Office Centre 59,9.938,76.3977,"788, Nehru Nagar, Kochi",Kochi,Kerala,Warehouse
L0060,East Office Centre 60,13.0124,80.16,"684, Lake View Road, Chennai",Chennai,Tamil Nadu,Hotel
L0061,Central Industrial Estate 61,22.5175,88.4395,"225, MG Road, Kolkata",Kolkata,West Bengal,Office
L0062,South Office Centre 62,22.6089,88.3828,"46, College Road, Kolkata",Kolkata,West Bengal,Office
L0063,North Business Park 63,28.3734,76.9562,"104, Nehru Nagar, Gurugram",Gurugram,Haryana,Cyber Activity Location
L0064,North Market Complex 64,20.1113,73.7507,"688, Ring Road, Nashik",Nashik,Maharashtra,Meeting Point
L0065,West Business Park 65,28.5206,77.0601,"184, Nehru Nagar, Gurugram",Gurugram,Haryana,Crime Scene
L0066,East Business Park 66,19.1264,72.8941,"168, College Road, Mumbai",Mumbai,Maharashtra,Cyber Activity Location
L0067,West Market Complex 67,19.1476,73.095,"987, Station Road, Thane",Thane,Maharashtra,Restaurant
L0068,North Industrial Estate 68,19.15,73.0095,"277, Nehru Nagar, Thane",Thane,Maharashtra,Restaurant
L0069,South Business Park 69,17.4412,78.5926,"246, Airport Road, Hyderabad",Hyderabad,Telangana,Transport Hub
L0070,South Transit Hub 70,28.8257,77.2063,"336, Ring Road, Delhi",Delhi,Delhi,Office
L0071,Central Office Centre 71,28.5673,77.0526,"937, Park Street, Delhi",Delhi,Delhi,Meeting Point
L0072,North Business Park 72,13.044,77.6101,"127, Park Street, Bengaluru",Bengaluru,Karnataka,Industrial Area
L0073,West Market Complex 73,18.9596,73.0112,"349, Shivaji Nagar, Mumbai",Mumbai,Maharashtra,Restaurant
L0074,West Industrial Estate 74,28.3203,76.9874,"487, Nehru Nagar, Gurugram",Gurugram,Haryana,Transport Hub
L0075,Central Market Complex 75,23.1481,77.3551,"383, Market Road, Bhopal",Bhopal,Madhya Pradesh,Cyber Activity Location
L0076,East Business Park 76,26.8254,75.7122,"601, Nehru Nagar, Jaipur",Jaipur,Rajasthan,Office
L0077,West Office Centre 77,28.5747,76.9985,"639, Ring Road, Gurugram",Gurugram,Haryana,Road
L0078,West Industrial Estate 78,13.1921,80.4136,"632, Lake View Road, Chennai",Chennai,Tamil Nadu,Crime Scene
L0079,East Office Centre 79,23.1173,77.4836,"871, MG Road, Bhopal",Bhopal,Madhya Pradesh,Commercial Area
L0080,South Market Complex 80,13.0127,80.3569,"602, Market Road, Chennai",Chennai,Tamil Nadu,Office
L0081,East Market Complex 81,18.628,73.7734,"499, Lake View Road, Pune",Pune,Maharashtra,Storage Facility
L0082,Central Market Complex 82,26.854,75.8759,"39, Park Street, Jaipur",Jaipur,Rajasthan,Warehouse
L0083,East Industrial Estate 83,19.124,72.8472,"966, Shivaji Nagar, Mumbai",Mumbai,Maharashtra,Bank
L0084,North Industrial Estate 84,28.6594,77.1053,"351, Ring Road, Delhi",Delhi,Delhi,Hotel
L0085,East Transit Hub 85,21.302,72.7157,"656, Ring Road, Surat",Surat,Gujarat,Bank
L0086,West Industrial Estate 86,10.07,76.1969,"88, Market Road, Kochi",Kochi,Kerala,Office
L0087,South Industrial Estate 87,23.2136,77.4985,"526, Shivaji Nagar, Bhopal",Bhopal,Madhya Pradesh,Industrial Area
L0088,Central Industrial Estate 88,28.4202,77.5109,"120, Park Street, Noida",Noida,Uttar Pradesh,Warehouse
L0089,East Transit Hub 89,18.583,73.7072,"123, Ring Road, Pune",Pune,Maharashtra,Cyber Activity Location
L0090,Central Industrial Estate 90,17.3443,78.3577,"522, Lake View Road, Hyderabad",Hyderabad,Telangana,Hotel
L0091,East Market Complex 91,10.961,77.0602,"870, Shivaji Nagar, Coimbatore",Coimbatore,Tamil Nadu,Restaurant
L0092,East Business Park 92,28.4783,77.3635,"451, Market Road, Noida",Noida,Uttar Pradesh,Industrial Area
L0093,West Industrial Estate 93,28.3477,77.0027,"824, Nehru Nagar, Gurugram",Gurugram,Haryana,Industrial Area
L0094,South Market Complex 94,11.0375,76.9276,"629, Nehru Nagar, Coimbatore",Coimbatore,Tamil Nadu,Storage Facility
L0095,South Office Centre 95,22.9586,72.5504,"466, Airport Road, Ahmedabad",Ahmedabad,Gujarat,Road
L0096,East Office Centre 96,21.1597,72.8137,"756, Lake View Road, Surat",Surat,Gujarat,Warehouse
L0097,Central Office Centre 97,26.9348,81.0841,"887, Station Road, Lucknow",Lucknow,Uttar Pradesh,Restaurant
L0098,East Business Park 98,19.9326,73.839,"521, College Road, Nashik",Nashik,Maharashtra,Road
L0099,North Market Complex 99,20.093,73.8651,"546, Station Road, Nashik",Nashik,Maharashtra,Hotel
L0100,Central Industrial Estate 100,13.1747,80.1649,"347, Shivaji Nagar, Chennai",Chennai,Tamil Nadu,Residence
L0101,West Industrial Estate 101,26.8801,81.0267,"698, MG Road, Lucknow",Lucknow,Uttar Pradesh,Parking Area
L0102,North Transit Hub 102,9.8395,76.3262,"34, Park Street, Kochi",Kochi,Kerala,Parking Area
L0103,West Industrial Estate 103,12.977,80.327,"980, MG Road, Chennai",Chennai,Tamil Nadu,Cyber Activity Location
L0104,West Transit Hub 104,23.1756,77.5038,"729, College Road, Bhopal",Bhopal,Madhya Pradesh,Restaurant
L0105,Central Business Park 105,22.4377,88.2887,"87, Market Road, Kolkata",Kolkata,West Bengal,Storage Facility
L0106,South Transit Hub 106,22.4626,88.3533,"598, Lake View Road, Kolkata",Kolkata,West Bengal,Transport Hub
L0107,South Transit Hub 107,10.962,77.0324,"187, Shivaji Nagar, Coimbatore",Coimbatore,Tamil Nadu,Parking Area
L0108,South Transit Hub 108,28.5135,77.5131,"378, Shivaji Nagar, Noida",Noida,Uttar Pradesh,Parking Area
L0109,East Office Centre 109,26.8317,81.0217,"664, MG Road, Lucknow",Lucknow,Uttar Pradesh,Storage Facility
L0110,Central Transit Hub 110,28.5309,77.3128,"813, Shivaji Nagar, Noida",Noida,Uttar Pradesh,Parking Area
L0111,South Business Park 111,22.9428,72.5222,"887, Nehru Nagar, Ahmedabad",Ahmedabad,Gujarat,Cyber Activity Location
L0112,East Transit Hub 112,19.889,73.7092,"392, Airport Road, Nashik",Nashik,Maharashtra,Restaurant
L0113,East Industrial Estate 113,17.2543,78.459,"923, College Road, Hyderabad",Hyderabad,Telangana,Transport Hub
L0114,East Market Complex 114,23.1286,77.5125,"51, Shivaji Nagar, Bhopal",Bhopal,Madhya Pradesh,Industrial Area
L0115,South Market Complex 115,19.183,72.9574,"201, Lake View Road, Mumbai",Mumbai,Maharashtra,Industrial Area
L0116,South Market Complex 116,19.2088,72.8173,"284, Lake View Road, Mumbai",Mumbai,Maharashtra,Industrial Area
L0117,North Transit Hub 117,28.5338,77.0404,"77, Station Road, Gurugram",Gurugram,Haryana,Road
L0118,East Market Complex 118,26.7625,80.927,"62, MG Road, Lucknow",Lucknow,Uttar Pradesh,Residence
L0119,North Transit Hub 119,21.2209,72.9205,"908, MG Road, Surat",Surat,Gujarat,Restaurant
L0120,North Market Complex 120,22.6985,88.5081,"973, College Road, Kolkata",Kolkata,West Bengal,Transport Hub
L0121,West Market Complex 121,22.7472,75.9066,"658, Station Road, Indore",Indore,Madhya Pradesh,Office
L0122,North Industrial Estate 122,19.3284,72.8826,"462, Nehru Nagar, Thane",Thane,Maharashtra,Bank
L0123,Central Industrial Estate 123,21.0837,72.7792,"53, MG Road, Surat",Surat,Gujarat,Crime Scene
L0124,Central Business Park 124,28.7797,77.2021,"661, College Road, Delhi",Delhi,Delhi,Bank
L0125,North Market Complex 125,26.7025,80.958,"399, Park Street, Lucknow",Lucknow,Uttar Pradesh,Commercial Area
L0126,Central Market Complex 126,20.0819,73.8353,"71, Airport Road, Nashik",Nashik,Maharashtra,Crime Scene
L0127,North Business Park 127,12.9925,80.1268,"691, Market Road, Chennai",Chennai,Tamil Nadu,Meeting Point
L0128,North Office Centre 128,19.2104,72.8624,"857, Nehru Nagar, Thane",Thane,Maharashtra,Warehouse
L0129,South Transit Hub 129,28.7842,77.0028,"239, Park Street, Delhi",Delhi,Delhi,Road
L0130,North Transit Hub 130,13.111,77.477,"168, MG Road, Bengaluru",Bengaluru,Karnataka,Residence
L0131,North Industrial Estate 131,9.9844,76.4048,"606, Station Road, Kochi",Kochi,Kerala,Industrial Area
L0132,East Business Park 132,20.0251,73.889,"720, Market Road, Nashik",Nashik,Maharashtra,Warehouse
L0133,East Office Centre 133,23.1276,72.6015,"2, Lake View Road, Ahmedabad",Ahmedabad,Gujarat,Office
L0134,North Transit Hub 134,18.4746,73.8352,"319, College Road, Pune",Pune,Maharashtra,Commercial Area
L0135,Central Business Park 135,28.5798,77.2448,"729, Ring Road, Noida",Noida,Uttar Pradesh,Industrial Area
L0136,West Transit Hub 136,21.1259,79.0469,"411, Park Street, Nagpur",Nagpur,Maharashtra,Cyber Activity Location
L0137,South Market Complex 137,19.1989,73.0482,"996, Lake View Road, Thane",Thane,Maharashtra,Hotel
L0138,West Market Complex 138,11.1093,76.9673,"683, Ring Road, Coimbatore",Coimbatore,Tamil Nadu,Parking Area
L0139,North Business Park 139,23.3576,77.4403,"741, Ring Road, Bhopal",Bhopal,Madhya Pradesh,Commercial Area
L0140,East Industrial Estate 140,19.9312,73.775,"816, Park Street, Nashik",Nashik,Maharashtra,Crime Scene
L0141,East Industrial Estate 141,9.9643,76.231,"733, Ring Road, Kochi",Kochi,Kerala,Residence
L0142,South Business Park 142,21.0748,72.7447,"576, Shivaji Nagar, Surat",Surat,Gujarat,Crime Scene
L0143,North Transit Hub 143,21.1041,72.8599,"751, Market Road, Surat",Surat,Gujarat,Cyber Activity Location
L0144,West Industrial Estate 144,28.3125,77.161,"671, MG Road, Gurugram",Gurugram,Haryana,Office
L0145,West Industrial Estate 145,23.2565,77.49,"719, MG Road, Bhopal",Bhopal,Madhya Pradesh,Restaurant
L0146,North Industrial Estate 146,26.8312,80.8014,"764, Airport Road, Lucknow",Lucknow,Uttar Pradesh,Bank
L0147,East Transit Hub 147,22.7771,75.7996,"512, MG Road, Indore",Indore,Madhya Pradesh,Road
L0148,East Business Park 148,26.8627,80.8993,"125, Market Road, Lucknow",Lucknow,Uttar Pradesh,Restaurant
L0149,Central Business Park 149,21.1257,72.8172,"682, MG Road, Surat",Surat,Gujarat,Bank
L0150,East Industrial Estate 150,12.9689,80.1785,"872, Market Road, Chennai",Chennai,Tamil Nadu,Office
L0151,East Business Park 151,12.8791,77.6662,"734, Nehru Nagar, Bengaluru",Bengaluru,Karnataka,Bank
L0152,West Market Complex 152,28.5645,77.5352,"328, Market Road, Noida",Noida,Uttar Pradesh,Storage Facility
L0153,North Industrial Estate 153,22.9407,72.4752,"321, Market Road, Ahmedabad",Ahmedabad,Gujarat,Residence
L0154,South Office Centre 154,19.1506,73.1204,"32, Airport Road, Thane",Thane,Maharashtra,Transport Hub
L0155,Central Transit Hub 155,19.2597,73.0539,"231, MG Road, Thane",Thane,Maharashtra,Office
L0156,West Industrial Estate 156,9.8665,76.2609,"148, Ring Road, Kochi",Kochi,Kerala,Commercial Area
L0157,North Industrial Estate 157,18.4461,73.9652,"907, Lake View Road, Pune",Pune,Maharashtra,Office
L0158,Central Business Park 158,22.7171,75.8808,"244, Nehru Nagar, Indore",Indore,Madhya Pradesh,Hotel
L0159,South Market Complex 159,19.1131,72.997,"668, Lake View Road, Thane",Thane,Maharashtra,Bank
L0160,South Business Park 160,12.9682,80.35,"544, MG Road, Chennai",Chennai,Tamil Nadu,Road
L0161,South Industrial Estate 161,10.9345,76.9626,"398, College Road, Coimbatore",Coimbatore,Tamil Nadu,Parking Area
L0162,West Transit Hub 162,23.1305,72.7184,"971, Lake View Road, Ahmedabad",Ahmedabad,Gujarat,Bank
L0163,South Business Park 163,10.8849,77.0938,"828, Nehru Nagar, Coimbatore",Coimbatore,Tamil Nadu,Office
L0164,East Office Centre 164,17.3144,78.3611,"761, Nehru Nagar, Hyderabad",Hyderabad,Telangana,Warehouse
L0165,Central Business Park 165,28.332,76.8774,"842, Market Road, Gurugram",Gurugram,Haryana,Parking Area
L0166,North Business Park 166,26.7841,80.8656,"713, Airport Road, Lucknow",Lucknow,Uttar Pradesh,Restaurant
L0167,South Transit Hub 167,22.444,88.2839,"129, MG Road, Kolkata",Kolkata,West Bengal,Bank
L0168,East Market Complex 168,17.3625,78.5001,"845, Ring Road, Hyderabad",Hyderabad,Telangana,Hotel
L0169,West Industrial Estate 169,28.8021,76.9739,"832, Airport Road, Delhi",Delhi,Delhi,Meeting Point
L0170,East Office Centre 170,11.0915,76.9766,"837, Lake View Road, Coimbatore",Coimbatore,Tamil Nadu,Bank
L0171,North Market Complex 171,21.1364,79.0294,"30, Shivaji Nagar, Nagpur",Nagpur,Maharashtra,Industrial Area
L0172,West Business Park 172,28.5475,77.3723,"758, Ring Road, Noida",Noida,Uttar Pradesh,Road
L0173,West Industrial Estate 173,23.3303,77.4437,"814, Park Street, Bhopal",Bhopal,Madhya Pradesh,Residence
L0174,South Market Complex 174,13.2213,80.3715,"232, Nehru Nagar, Chennai",Chennai,Tamil Nadu,Road
L0175,Central Industrial Estate 175,19.2259,72.9294,"50, Lake View Road, Mumbai",Mumbai,Maharashtra,Bank
L0176,West Business Park 176,18.5993,73.7593,"797, Ring Road, Pune",Pune,Maharashtra,Transport Hub
L0177,North Industrial Estate 177,28.6085,77.1281,"21, Shivaji Nagar, Delhi",Delhi,Delhi,Hotel
L0178,Central Office Centre 178,19.9885,73.7623,"875, Airport Road, Nashik",Nashik,Maharashtra,Commercial Area
L0179,East Transit Hub 179,12.9205,77.6527,"831, Ring Road, Bengaluru",Bengaluru,Karnataka,Bank
L0180,Central Transit Hub 180,28.3205,76.903,"811, Shivaji Nagar, Gurugram",Gurugram,Haryana,Bank
L0181,Central Market Complex 181,21.2869,79.0595,"263, Station Road, Nagpur",Nagpur,Maharashtra,Transport Hub
L0182,South Business Park 182,28.4481,76.8929,"974, Lake View Road, Gurugram",Gurugram,Haryana,Transport Hub
L0183,South Business Park 183,11.0937,76.9934,"695, Station Road, Coimbatore",Coimbatore,Tamil Nadu,Crime Scene
L0184,North Industrial Estate 184,17.3151,78.376,"307, Park Street, Hyderabad",Hyderabad,Telangana,Bank
L0185,East Market Complex 185,26.7331,81.0881,"420, Ring Road, Lucknow",Lucknow,Uttar Pradesh,Road
L0186,East Office Centre 186,12.9148,77.4487,"102, Lake View Road, Bengaluru",Bengaluru,Karnataka,Industrial Area
L0187,Central Office Centre 187,13.2304,80.3946,"730, Shivaji Nagar, Chennai",Chennai,Tamil Nadu,Parking Area
L0188,East Business Park 188,19.2178,73.0431,"617, Park Street, Thane",Thane,Maharashtra,Transport Hub
L0189,West Industrial Estate 189,23.3603,77.5567,"864, Lake View Road, Bhopal",Bhopal,Madhya Pradesh,Warehouse
L0190,North Office Centre 190,28.3529,76.9338,"246, Park Street, Gurugram",Gurugram,Haryana,Road
L0191,South Industrial Estate 191,19.3275,72.911,"182, Station Road, Thane",Thane,Maharashtra,Crime Scene
L0192,South Market Complex 192,21.3005,72.8334,"95, MG Road, Surat",Surat,Gujarat,Storage Facility
L0193,North Office Centre 193,23.0903,72.6726,"657, MG Road, Ahmedabad",Ahmedabad,Gujarat,Road
L0194,West Transit Hub 194,19.2023,72.9734,"365, Market Road, Thane",Thane,Maharashtra,Commercial Area
L0195,Central Market Complex 195,28.4227,77.1565,"903, Airport Road, Gurugram",Gurugram,Haryana,Storage Facility
L0196,West Market Complex 196,13.1042,80.1908,"331, Shivaji Nagar, Chennai",Chennai,Tamil Nadu,Crime Scene
L0197,Central Industrial Estate 197,18.4659,73.8486,"928, Airport Road, Pune",Pune,Maharashtra,Cyber Activity Location
L0198,North Business Park 198,22.8661,75.9454,"941, Ring Road, Indore",Indore,Madhya Pradesh,Hotel
L0199,West Business Park 199,26.9861,80.8341,"433, Shivaji Nagar, Lucknow",Lucknow,Uttar Pradesh,Road
L0200,West Market Complex 200,21.2581,79.0703,"753, Park Street, Nagpur",Nagpur,Maharashtra,Transport Hub
L0201,East Industrial Estate 201,19.1427,72.8507,"437, MG Road, Mumbai",Mumbai,Maharashtra,Hotel
L0202,North Office Centre 202,19.9883,73.9306,"733, Ring Road, Nashik",Nashik,Maharashtra,Commercial Area
L0203,South Office Centre 203,22.7646,75.9632,"203, Nehru Nagar, Indore",Indore,Madhya Pradesh,Storage Facility
L0204,East Transit Hub 204,22.8558,75.8957,"939, Market Road, Indore",Indore,Madhya Pradesh,Cyber Activity Location
L0205,North Office Centre 205,28.3203,76.8971,"310, Nehru Nagar, Gurugram",Gurugram,Haryana,Hotel
L0206,Central Industrial Estate 206,13.1567,80.2509,"797, Lake View Road, Chennai",Chennai,Tamil Nadu,Office
L0207,East Office Centre 207,22.4725,88.3037,"823, MG Road, Kolkata",Kolkata,West Bengal,Residence
L0208,East Market Complex 208,21.259,72.7691,"903, Ring Road, Surat",Surat,Gujarat,Commercial Area
L0209,East Office Centre 209,19.1416,72.9517,"152, Lake View Road, Thane",Thane,Maharashtra,Hotel
L0210,East Market Complex 210,12.8741,77.6274,"182, Ring Road, Bengaluru",Bengaluru,Karnataka,Industrial Area
L0211,East Business Park 211,13.082,80.2956,"208, Market Road, Chennai",Chennai,Tamil Nadu,Warehouse
L0212,North Market Complex 212,28.692,77.1526,"106, College Road, Delhi",Delhi,Delhi,Cyber Activity Location
L0213,Central Market Complex 213,23.0758,72.4688,"724, Station Road, Ahmedabad",Ahmedabad,Gujarat,Parking Area
L0214,Central Business Park 214,9.8709,76.4059,"689, Ring Road, Kochi",Kochi,Kerala,Restaurant
L0215,South Transit Hub 215,22.6762,88.2737,"34, Shivaji Nagar, Kolkata",Kolkata,West Bengal,Industrial Area
L0216,West Industrial Estate 216,21.067,79.1098,"766, Airport Road, Nagpur",Nagpur,Maharashtra,Road
L0217,East Market Complex 217,22.8791,72.6704,"332, Ring Road, Ahmedabad",Ahmedabad,Gujarat,Industrial Area
L0218,East Transit Hub 218,19.0958,72.9334,"992, Park Street, Mumbai",Mumbai,Maharashtra,Restaurant
L0219,East Market Complex 219,11.0904,77.0557,"306, Ring Road, Coimbatore",Coimbatore,Tamil Nadu,Cyber Activity Location
L0220,East Business Park 220,13.1148,80.2264,"557, Airport Road, Chennai",Chennai,Tamil Nadu,Hotel
L0221,South Industrial Estate 221,10.942,77.0325,"523, Nehru Nagar, Coimbatore",Coimbatore,Tamil Nadu,Crime Scene
L0222,North Market Complex 222,21.2668,79.1321,"654, Park Street, Nagpur",Nagpur,Maharashtra,Bank
L0223,East Industrial Estate 223,18.5443,73.9264,"910, Ring Road, Pune",Pune,Maharashtra,Office
L0224,Central Industrial Estate 224,21.2444,72.7338,"111, College Road, Surat",Surat,Gujarat,Meeting Point
L0225,West Industrial Estate 225,26.9217,75.9113,"277, Station Road, Jaipur",Jaipur,Rajasthan,Storage Facility
L0226,North Industrial Estate 226,28.8283,77.2358,"65, Lake View Road, Delhi",Delhi,Delhi,Crime Scene
L0227,Central Market Complex 227,21.2615,72.8216,"232, College Road, Surat",Surat,Gujarat,Office
L0228,South Industrial Estate 228,13.1907,80.338,"394, Ring Road, Chennai",Chennai,Tamil Nadu,Industrial Area
L0229,Central Business Park 229,26.7895,75.7557,"74, Park Street, Jaipur",Jaipur,Rajasthan,Bank
L0230,East Business Park 230,21.1322,79.14,"523, Shivaji Nagar, Nagpur",Nagpur,Maharashtra,Hotel
L0231,West Business Park 231,9.8955,76.3089,"888, Lake View Road, Kochi",Kochi,Kerala,Commercial Area
L0232,South Market Complex 232,13.0741,80.3066,"164, Lake View Road, Chennai",Chennai,Tamil Nadu,Transport Hub
L0233,South Industrial Estate 233,10.9332,76.8248,"99, Shivaji Nagar, Coimbatore",Coimbatore,Tamil Nadu,Storage Facility
L0234,South Business Park 234,23.0673,72.4564,"592, College Road, Ahmedabad",Ahmedabad,Gujarat,Residence
L0235,West Industrial Estate 235,23.1713,72.4562,"78, Station Road, Ahmedabad",Ahmedabad,Gujarat,Warehouse
L0236,North Market Complex 236,19.1849,72.9394,"255, Lake View Road, Thane",Thane,Maharashtra,Restaurant
L0237,South Market Complex 237,23.2861,77.4806,"297, Park Street, Bhopal",Bhopal,Madhya Pradesh,Cyber Activity Location
L0238,North Business Park 238,21.2459,79.1229,"514, Lake View Road, Nagpur",Nagpur,Maharashtra,Bank
L0239,West Market Complex 239,26.8276,75.7707,"431, Ring Road, Jaipur",Jaipur,Rajasthan,Warehouse
L0240,East Market Complex 240,21.2901,79.0484,"509, Airport Road, Nagpur",Nagpur,Maharashtra,Cyber Activity Location
L0241,Central Business Park 241,18.4898,73.7636,"463, Airport Road, Pune",Pune,Maharashtra,Office
L0242,North Transit Hub 242,20.0463,73.8323,"781, Station Road, Nashik",Nashik,Maharashtra,Road
L0243,South Market Complex 243,18.6064,73.7798,"951, Station Road, Pune",Pune,Maharashtra,Meeting Point
L0244,East Transit Hub 244,17.2556,78.5662,"501, Market Road, Hyderabad",Hyderabad,Telangana,Warehouse
L0245,East Market Complex 245,17.4789,78.4066,"974, Market Road, Hyderabad",Hyderabad,Telangana,Crime Scene
L0246,West Market Complex 246,10.8677,77.0633,"986, Airport Road, Coimbatore",Coimbatore,Tamil Nadu,Meeting Point
L0247,East Transit Hub 247,28.3847,76.9289,"677, Ring Road, Gurugram",Gurugram,Haryana,Hotel
L0248,East Industrial Estate 248,19.0728,73.0651,"729, Airport Road, Thane",Thane,Maharashtra,Warehouse
L0249,East Business Park 249,21.0249,72.7607,"311, Ring Road, Surat",Surat,Gujarat,Meeting Point
L0250,East Industrial Estate 250,28.4196,77.2601,"729, Station Road, Noida",Noida,Uttar Pradesh,Parking Area
L0251,Central Business Park 251,28.5636,77.3766,"661, Shivaji Nagar, Noida",Noida,Uttar Pradesh,Warehouse
L0252,South Office Centre 252,18.5886,73.9793,"716, Nehru Nagar, Pune",Pune,Maharashtra,Hotel
L0253,South Office Centre 253,23.0099,72.7106,"93, Station Road, Ahmedabad",Ahmedabad,Gujarat,Residence
L0254,East Transit Hub 254,22.6975,75.7401,"322, Station Road, Indore",Indore,Madhya Pradesh,Restaurant
L0255,South Business Park 255,20.1173,73.7364,"773, Lake View Road, Nashik",Nashik,Maharashtra,Meeting Point
L0256,Central Industrial Estate 256,19.1508,73.018,"825, Station Road, Thane",Thane,Maharashtra,Transport Hub
L0257,South Market Complex 257,22.868,75.8669,"39, Park Street, Indore",Indore,Madhya Pradesh,Parking Area
L0258,South Business Park 258,10.9959,77.0437,"962, Airport Road, Coimbatore",Coimbatore,Tamil Nadu,Office
L0259,Central Business Park 259,17.364,78.6031,"246, Shivaji Nagar, Hyderabad",Hyderabad,Telangana,Industrial Area
L0260,East Office Centre 260,22.5422,88.4328,"730, Ring Road, Kolkata",Kolkata,West Bengal,Commercial Area
L0261,East Market Complex 261,21.2197,72.7934,"271, College Road, Surat",Surat,Gujarat,Meeting Point
L0262,South Market Complex 262,19.8749,73.6654,"578, Station Road, Nashik",Nashik,Maharashtra,Industrial Area
L0263,West Office Centre 263,27.0059,75.8042,"385, MG Road, Jaipur",Jaipur,Rajasthan,Road
L0264,East Office Centre 264,28.4084,76.9133,"807, Park Street, Gurugram",Gurugram,Haryana,Commercial Area
L0265,East Industrial Estate 265,18.6609,73.8868,"193, College Road, Pune",Pune,Maharashtra,Commercial Area
L0266,Central Industrial Estate 266,9.9334,76.1637,"452, Station Road, Kochi",Kochi,Kerala,Parking Area
L0267,Central Market Complex 267,21.1008,79.1051,"301, Market Road, Nagpur",Nagpur,Maharashtra,Office
L0268,Central Transit Hub 268,9.849,76.246,"807, Market Road, Kochi",Kochi,Kerala,Transport Hub
L0269,Central Transit Hub 269,11.0693,76.9728,"481, Ring Road, Coimbatore",Coimbatore,Tamil Nadu,Road
L0270,North Market Complex 270,18.9801,72.9385,"942, Nehru Nagar, Mumbai",Mumbai,Maharashtra,Bank
L0271,East Transit Hub 271,26.7642,75.8983,"220, Station Road, Jaipur",Jaipur,Rajasthan,Road
L0272,Central Office Centre 272,19.8901,73.8298,"248, Station Road, Nashik",Nashik,Maharashtra,Residence
L0273,East Market Complex 273,28.45,77.3669,"641, Market Road, Noida",Noida,Uttar Pradesh,Commercial Area
L0274,North Market Complex 274,26.8559,75.7346,"478, Market Road, Jaipur",Jaipur,Rajasthan,Road
L0275,Central Business Park 275,20.1125,73.6865,"58, Nehru Nagar, Nashik",Nashik,Maharashtra,Crime Scene
L0276,North Business Park 276,18.5726,73.7883,"23, Station Road, Pune",Pune,Maharashtra,Hotel
L0277,North Office Centre 277,26.8788,80.9205,"643, Lake View Road, Lucknow",Lucknow,Uttar Pradesh,Warehouse
L0278,Central Industrial Estate 278,21.0994,78.9715,"947, MG Road, Nagpur",Nagpur,Maharashtra,Hotel
L0279,South Industrial Estate 279,26.8548,80.8887,"900, Station Road, Lucknow",Lucknow,Uttar Pradesh,Warehouse
L0280,East Office Centre 280,10.8832,76.8671,"917, Station Road, Coimbatore",Coimbatore,Tamil Nadu,Warehouse
L0281,South Business Park 281,28.6409,76.9885,"69, MG Road, Delhi",Delhi,Delhi,Parking Area
L0282,Central Business Park 282,12.8604,77.6044,"952, Park Street, Bengaluru",Bengaluru,Karnataka,Warehouse
L0283,East Transit Hub 283,28.5595,77.1185,"661, Park Street, Gurugram",Gurugram,Haryana,Office
L0284,South Transit Hub 284,18.5013,73.8446,"144, Lake View Road, Pune",Pune,Maharashtra,Office
L0285,West Office Centre 285,9.91,76.2386,"708, Airport Road, Kochi",Kochi,Kerala,Hotel
L0286,North Office Centre 286,22.9071,72.4277,"158, Station Road, Ahmedabad",Ahmedabad,Gujarat,Commercial Area
L0287,North Office Centre 287,11.0048,77.0127,"873, Ring Road, Coimbatore",Coimbatore,Tamil Nadu,Commercial Area
L0288,North Market Complex 288,23.3632,77.3356,"204, Nehru Nagar, Bhopal",Bhopal,Madhya Pradesh,Road
L0289,North Transit Hub 289,28.4091,77.5022,"208, Nehru Nagar, Noida",Noida,Uttar Pradesh,Restaurant
L0290,East Industrial Estate 290,13.0326,80.1711,"464, Station Road, Chennai",Chennai,Tamil Nadu,Transport Hub
L0291,East Industrial Estate 291,28.5385,77.5128,"597, Station Road, Noida",Noida,Uttar Pradesh,Commercial Area
L0292,North Office Centre 292,19.1392,72.872,"942, Ring Road, Thane",Thane,Maharashtra,Warehouse
L0293,Central Office Centre 293,10.9127,77.0335,"422, Nehru Nagar, Coimbatore",Coimbatore,Tamil Nadu,Office
L0294,South Market Complex 294,26.8359,80.9653,"538, MG Road, Lucknow",Lucknow,Uttar Pradesh,Road
L0295,West Business Park 295,9.9741,76.4133,"532, Station Road, Kochi",Kochi,Kerala,Commercial Area
L0296,Central Market Complex 296,19.2002,72.9688,"962, Shivaji Nagar, Thane",Thane,Maharashtra,Hotel
L0297,West Business Park 297,28.7315,77.0581,"586, MG Road, Delhi",Delhi,Delhi,Office
L0298,South Industrial Estate 298,22.5582,88.231,"735, Ring Road, Kolkata",Kolkata,West Bengal,Storage Facility
L0299,South Business Park 299,20.0409,73.933,"174, Shivaji Nagar, Nashik",Nashik,Maharashtra,Office
L0300,East Office Centre 300,11.0189,76.9446,"898, College Road, Coimbatore",Coimbatore,Tamil Nadu,Transport Hub
L0301,West Office Centre 301,22.6953,88.3854,"201, Station Road, Kolkata",Kolkata,West Bengal,Warehouse
L0302,North Business Park 302,11.0095,76.8511,"102, Lake View Road, Coimbatore",Coimbatore,Tamil Nadu,Residence
L0303,East Industrial Estate 303,21.2391,79.1894,"933, Station Road, Nagpur",Nagpur,Maharashtra,Restaurant
L0304,Central Industrial Estate 304,28.5793,77.2527,"516, Nehru Nagar, Noida",Noida,Uttar Pradesh,Restaurant
L0305,East Market Complex 305,22.5798,88.3968,"543, Station Road, Kolkata",Kolkata,West Bengal,Commercial Area
L0306,South Business Park 306,22.9887,72.6537,"869, College Road, Ahmedabad",Ahmedabad,Gujarat,Hotel
L0307,East Market Complex 307,18.6072,73.9009,"597, Park Street, Pune",Pune,Maharashtra,Office
L0308,Central Office Centre 308,21.1632,79.0542,"123, College Road, Nagpur",Nagpur,Maharashtra,Bank
L0309,North Office Centre 309,19.1683,73.0029,"844, Nehru Nagar, Thane",Thane,Maharashtra,Meeting Point
L0310,North Industrial Estate 310,23.1628,72.6309,"446, Nehru Nagar, Ahmedabad",Ahmedabad,Gujarat,Industrial Area
L0311,North Office Centre 311,11.0795,76.8312,"673, Park Street, Coimbatore",Coimbatore,Tamil Nadu,Transport Hub
L0312,Central Industrial Estate 312,21.2642,72.8821,"900, MG Road, Surat",Surat,Gujarat,Storage Facility
L0313,Central Market Complex 313,20.0413,73.7668,"173, MG Road, Nashik",Nashik,Maharashtra,Commercial Area
L0314,South Business Park 314,26.8551,75.9227,"461, College Road, Jaipur",Jaipur,Rajasthan,Commercial Area
L0315,North Business Park 315,17.303,78.378,"95, Lake View Road, Hyderabad",Hyderabad,Telangana,Office
L0316,North Office Centre 316,21.1481,79.1001,"989, Ring Road, Nagpur",Nagpur,Maharashtra,Restaurant
L0317,West Transit Hub 317,18.569,73.9696,"918, Lake View Road, Pune",Pune,Maharashtra,Road
L0318,South Business Park 318,10.9798,76.8545,"251, Nehru Nagar, Coimbatore",Coimbatore,Tamil Nadu,Storage Facility
L0319,West Business Park 319,13.038,77.4577,"178, Airport Road, Bengaluru",Bengaluru,Karnataka,Commercial Area
L0320,North Office Centre 320,22.6058,88.4396,"608, Station Road, Kolkata",Kolkata,West Bengal,Crime Scene
L0321,North Business Park 321,13.0929,80.2135,"51, Airport Road, Chennai",Chennai,Tamil Nadu,Crime Scene
L0322,North Business Park 322,17.3454,78.6208,"791, College Road, Hyderabad",Hyderabad,Telangana,Parking Area
L0323,North Transit Hub 323,23.1059,72.5723,"179, MG Road, Ahmedabad",Ahmedabad,Gujarat,Industrial Area
L0324,East Transit Hub 324,17.4754,78.3782,"922, Ring Road, Hyderabad",Hyderabad,Telangana,Bank
L0325,West Market Complex 325,26.9589,80.9626,"987, Airport Road, Lucknow",Lucknow,Uttar Pradesh,Office
L0326,North Business Park 326,21.0813,79.1671,"38, Nehru Nagar, Nagpur",Nagpur,Maharashtra,Bank
L0327,Central Office Centre 327,28.4297,77.3722,"902, Shivaji Nagar, Noida",Noida,Uttar Pradesh,Cyber Activity Location
L0328,East Business Park 328,22.688,88.493,"245, Airport Road, Kolkata",Kolkata,West Bengal,Industrial Area
L0329,South Office Centre 329,22.7202,75.7784,"93, Airport Road, Indore",Indore,Madhya Pradesh,Office
L0330,South Business Park 330,12.9412,80.3999,"418, Shivaji Nagar, Chennai",Chennai,Tamil Nadu,Storage Facility
L0331,North Business Park 331,19.1096,72.9142,"939, Airport Road, Thane",Thane,Maharashtra,Storage Facility
L0332,North Business Park 332,19.296,72.9688,"27, Airport Road, Thane",Thane,Maharashtra,Road
L0333,West Transit Hub 333,19.8532,73.7045,"796, Lake View Road, Nashik",Nashik,Maharashtra,Meeting Point
L0334,Central Transit Hub 334,11.0251,76.8392,"818, Ring Road, Coimbatore",Coimbatore,Tamil Nadu,Bank
L0335,North Business Park 335,22.9091,72.4929,"898, Lake View Road, Ahmedabad",Ahmedabad,Gujarat,Hotel
L0336,East Business Park 336,22.4414,88.4649,"285, Station Road, Kolkata",Kolkata,West Bengal,Parking Area
L0337,Central Industrial Estate 337,28.3144,77.0312,"935, College Road, Gurugram",Gurugram,Haryana,Warehouse
L0338,West Business Park 338,23.0013,72.6058,"628, Park Street, Ahmedabad",Ahmedabad,Gujarat,Warehouse
L0339,East Transit Hub 339,23.1661,77.4631,"437, Shivaji Nagar, Bhopal",Bhopal,Madhya Pradesh,Transport Hub
L0340,East Transit Hub 340,20.1335,73.803,"431, MG Road, Nashik",Nashik,Maharashtra,Crime Scene
L0341,Central Transit Hub 341,28.3156,77.1386,"360, Park Street, Gurugram",Gurugram,Haryana,Residence
L0342,North Market Complex 342,26.8385,75.6422,"482, Nehru Nagar, Jaipur",Jaipur,Rajasthan,Crime Scene
L0343,West Market Complex 343,26.8347,75.8344,"353, Nehru Nagar, Jaipur",Jaipur,Rajasthan,Office
L0344,East Office Centre 344,21.0602,72.7868,"543, Lake View Road, Surat",Surat,Gujarat,Commercial Area
L0345,South Market Complex 345,22.7168,88.3575,"576, Shivaji Nagar, Kolkata",Kolkata,West Bengal,Meeting Point
L0346,Central Industrial Estate 346,20.0623,73.9229,"933, MG Road, Nashik",Nashik,Maharashtra,Residence
L0347,Central Industrial Estate 347,17.2481,78.3965,"984, Nehru Nagar, Hyderabad",Hyderabad,Telangana,Residence
L0348,North Market Complex 348,23.0271,72.7181,"214, MG Road, Ahmedabad",Ahmedabad,Gujarat,Transport Hub
L0349,Central Industrial Estate 349,28.5651,77.1466,"948, Market Road, Delhi",Delhi,Delhi,Bank
L0350,West Market Complex 350,18.6301,73.8063,"989, Shivaji Nagar, Pune",Pune,Maharashtra,Office
L0351,East Transit Hub 351,23.3767,77.4856,"202, Station Road, Bhopal",Bhopal,Madhya Pradesh,Cyber Activity Location
L0352,South Business Park 352,21.3123,72.83,"886, Shivaji Nagar, Surat",Surat,Gujarat,Parking Area
L0353,Central Industrial Estate 353,28.4655,77.2658,"701, Nehru Nagar, Noida",Noida,Uttar Pradesh,Industrial Area
L0354,Central Office Centre 354,23.2906,77.5093,"982, Shivaji Nagar, Bhopal",Bhopal,Madhya Pradesh,Transport Hub
L0355,West Business Park 355,21.051,72.7795,"426, Market Road, Surat",Surat,Gujarat,Bank
L0356,South Market Complex 356,22.6034,88.3417,"18, College Road, Kolkata",Kolkata,West Bengal,Restaurant
L0357,Central Transit Hub 357,26.8965,75.8553,"423, Ring Road, Jaipur",Jaipur,Rajasthan,Cyber Activity Location
L0358,South Office Centre 358,11.1662,76.8882,"612, Park Street, Coimbatore",Coimbatore,Tamil Nadu,Crime Scene
L0359,North Business Park 359,20.0489,73.7617,"831, Lake View Road, Nashik",Nashik,Maharashtra,Transport Hub
L0360,East Industrial Estate 360,18.9688,72.91,"652, Shivaji Nagar, Mumbai",Mumbai,Maharashtra,Crime Scene
L0361,Central Transit Hub 361,18.4083,73.7775,"616, Lake View Road, Pune",Pune,Maharashtra,Hotel
L0362,North Industrial Estate 362,26.8773,75.8075,"567, MG Road, Jaipur",Jaipur,Rajasthan,Road
L0363,Central Market Complex 363,22.7072,88.3255,"528, Market Road, Kolkata",Kolkata,West Bengal,Crime Scene
L0364,West Office Centre 364,9.8225,76.2274,"784, Shivaji Nagar, Kochi",Kochi,Kerala,Commercial Area
L0365,East Transit Hub 365,13.2209,80.1285,"353, Airport Road, Chennai",Chennai,Tamil Nadu,Meeting Point
L0366,Central Business Park 366,28.5016,77.4095,"267, Lake View Road, Noida",Noida,Uttar Pradesh,Bank
L0367,South Industrial Estate 367,22.487,88.3975,"545, Station Road, Kolkata",Kolkata,West Bengal,Restaurant
L0368,North Business Park 368,17.2718,78.5925,"705, Ring Road, Hyderabad",Hyderabad,Telangana,Parking Area
L0369,North Office Centre 369,22.7218,88.4571,"907, Nehru Nagar, Kolkata",Kolkata,West Bengal,Storage Facility
L0370,West Transit Hub 370,26.9753,75.8023,"48, College Road, Jaipur",Jaipur,Rajasthan,Bank
L0371,Central Industrial Estate 371,13.0351,77.7228,"96, Ring Road, Bengaluru",Bengaluru,Karnataka,Hotel
L0372,West Market Complex 372,26.915,75.6737,"239, Ring Road, Jaipur",Jaipur,Rajasthan,Warehouse
L0373,Central Transit Hub 373,13.1698,80.1286,"221, Park Street, Chennai",Chennai,Tamil Nadu,Transport Hub
L0374,South Transit Hub 374,26.9026,75.9322,"165, MG Road, Jaipur",Jaipur,Rajasthan,Meeting Point
L0375,Central Office Centre 375,19.8672,73.7592,"823, College Road, Nashik",Nashik,Maharashtra,Restaurant
L0376,South Office Centre 376,28.5087,77.3638,"924, Airport Road, Noida",Noida,Uttar Pradesh,Road
L0377,West Office Centre 377,19.36,73.0208,"722, Shivaji Nagar, Thane",Thane,Maharashtra,Parking Area
L0378,Central Industrial Estate 378,28.4889,77.5044,"529, Market Road, Noida",Noida,Uttar Pradesh,Crime Scene
L0379,Central Office Centre 379,9.8358,76.4072,"111, College Road, Kochi",Kochi,Kerala,Industrial Area
L0380,South Industrial Estate 380,18.6198,73.8621,"279, Ring Road, Pune",Pune,Maharashtra,Bank
L0381,Central Transit Hub 381,12.9184,77.6574,"173, Market Road, Bengaluru",Bengaluru,Karnataka,Commercial Area
L0382,Central Industrial Estate 382,23.1263,72.4966,"970, Ring Road, Ahmedabad",Ahmedabad,Gujarat,Hotel
L0383,North Business Park 383,28.5917,77.0433,"833, Station Road, Delhi",Delhi,Delhi,Transport Hub
L0384,Central Transit Hub 384,28.5778,77.4185,"957, Airport Road, Noida",Noida,Uttar Pradesh,Road
L0385,South Business Park 385,13.0192,77.6608,"230, MG Road, Bengaluru",Bengaluru,Karnataka,Road
L0386,West Industrial Estate 386,9.7936,76.3764,"285, Shivaji Nagar, Kochi",Kochi,Kerala,Office
L0387,West Industrial Estate 387,9.8606,76.1805,"449, Station Road, Kochi",Kochi,Kerala,Road
L0388,West Industrial Estate 388,11.0585,76.9552,"272, Ring Road, Coimbatore",Coimbatore,Tamil Nadu,Hotel
L0389,Central Business Park 389,23.0651,72.512,"253, Nehru Nagar, Ahmedabad",Ahmedabad,Gujarat,Warehouse
L0390,West Business Park 390,23.0086,72.628,"993, Market Road, Ahmedabad",Ahmedabad,Gujarat,Meeting Point
L0391,West Transit Hub 391,23.2552,77.3238,"199, Station Road, Bhopal",Bhopal,Madhya Pradesh,Road
L0392,South Industrial Estate 392,21.2786,72.7769,"848, Nehru Nagar, Surat",Surat,Gujarat,Storage Facility
L0393,North Business Park 393,22.6088,75.8189,"305, MG Road, Indore",Indore,Madhya Pradesh,Transport Hub
L0394,Central Transit Hub 394,21.0927,72.7179,"77, Park Street, Surat",Surat,Gujarat,Parking Area
L0395,Central Office Centre 395,19.0973,72.9152,"342, Shivaji Nagar, Thane",Thane,Maharashtra,Industrial Area
L0396,South Business Park 396,23.1844,77.5222,"727, MG Road, Bhopal",Bhopal,Madhya Pradesh,Meeting Point
L0397,North Business Park 397,9.9975,76.1743,"820, MG Road, Kochi",Kochi,Kerala,Meeting Point
L0398,North Office Centre 398,28.5255,77.5047,"484, Nehru Nagar, Noida",Noida,Uttar Pradesh,Parking Area
L0399,North Market Complex 399,20.1311,73.7914,"134, Shivaji Nagar, Nashik",Nashik,Maharashtra,Warehouse
L0400,North Industrial Estate 400,9.8871,76.1325,"492, Station Road, Kochi",Kochi,Kerala,Parking Area
L0401,North Market Complex 401,26.7824,80.7987,"328, College Road, Lucknow",Lucknow,Uttar Pradesh,Office
L0402,West Transit Hub 402,19.333,73.0464,"267, Market Road, Thane",Thane,Maharashtra,Crime Scene
L0403,East Market Complex 403,26.776,75.6526,"328, Nehru Nagar, Jaipur",Jaipur,Rajasthan,Transport Hub
L0404,North Office Centre 404,26.9284,75.6594,"422, College Road, Jaipur",Jaipur,Rajasthan,Transport Hub
L0405,North Transit Hub 405,28.3934,77.1733,"365, Ring Road, Gurugram",Gurugram,Haryana,Hotel
L0406,South Office Centre 406,21.0344,78.9672,"690, Station Road, Nagpur",Nagpur,Maharashtra,Commercial Area
L0407,South Transit Hub 407,28.5912,77.1031,"899, Airport Road, Gurugram",Gurugram,Haryana,Warehouse
L0408,West Transit Hub 408,28.5059,77.2531,"235, Lake View Road, Noida",Noida,Uttar Pradesh,Residence
L0409,East Office Centre 409,21.2614,72.8369,"918, College Road, Surat",Surat,Gujarat,Meeting Point
L0410,East Market Complex 410,28.4274,77.5204,"6, Lake View Road, Noida",Noida,Uttar Pradesh,Commercial Area
L0411,Central Office Centre 411,22.8668,75.9295,"742, College Road, Indore",Indore,Madhya Pradesh,Bank
L0412,West Transit Hub 412,21.1724,72.834,"63, Nehru Nagar, Surat",Surat,Gujarat,Parking Area
L0413,North Transit Hub 413,23.015,72.4264,"837, MG Road, Ahmedabad",Ahmedabad,Gujarat,Commercial Area
L0414,South Office Centre 414,23.285,77.5016,"561, Park Street, Bhopal",Bhopal,Madhya Pradesh,Restaurant
L0415,East Business Park 415,11.0092,77.0959,"987, Lake View Road, Coimbatore",Coimbatore,Tamil Nadu,Crime Scene
L0416,North Business Park 416,9.8495,76.1327,"693, Station Road, Kochi",Kochi,Kerala,Parking Area
L0417,North Market Complex 417,28.5742,77.4269,"95, College Road, Noida",Noida,Uttar Pradesh,Storage Facility
L0418,North Business Park 418,19.3148,72.9008,"218, Ring Road, Thane",Thane,Maharashtra,Road
L0419,East Market Complex 419,17.2407,78.4308,"322, Ring Road, Hyderabad",Hyderabad,Telangana,Meeting Point
L0420,North Office Centre 420,17.3581,78.5692,"752, MG Road, Hyderabad",Hyderabad,Telangana,Cyber Activity Location
L0421,North Transit Hub 421,18.5821,73.8623,"522, Shivaji Nagar, Pune",Pune,Maharashtra,Transport Hub
L0422,South Business Park 422,26.8543,80.8903,"329, Shivaji Nagar, Lucknow",Lucknow,Uttar Pradesh,Meeting Point
L0423,South Office Centre 423,28.4122,76.9829,"875, Airport Road, Gurugram",Gurugram,Haryana,Crime Scene
L0424,North Industrial Estate 424,11.0121,77.093,"319, Shivaji Nagar, Coimbatore",Coimbatore,Tamil Nadu,Bank
L0425,East Industrial Estate 425,22.94,72.7133,"93, MG Road, Ahmedabad",Ahmedabad,Gujarat,Bank
L0426,North Market Complex 426,17.4421,78.4834,"881, MG Road, Hyderabad",Hyderabad,Telangana,Parking Area
L0427,North Transit Hub 427,28.5896,77.1152,"283, MG Road, Gurugram",Gurugram,Haryana,Bank
L0428,West Industrial Estate 428,21.1678,79.1012,"963, Lake View Road, Nagpur",Nagpur,Maharashtra,Cyber Activity Location
L0429,Central Business Park 429,27.0488,75.8787,"53, Shivaji Nagar, Jaipur",Jaipur,Rajasthan,Bank
L0430,West Business Park 430,23.1591,72.4451,"232, Park Street, Ahmedabad",Ahmedabad,Gujarat,Cyber Activity Location
L0431,West Industrial Estate 431,28.7783,77.0167,"932, MG Road, Delhi",Delhi,Delhi,Storage Facility
L0432,Central Market Complex 432,28.834,77.1614,"981, Nehru Nagar, Delhi",Delhi,Delhi,Meeting Point
L0433,North Industrial Estate 433,11.0891,76.8776,"890, Park Street, Coimbatore",Coimbatore,Tamil Nadu,Residence
L0434,South Transit Hub 434,13.1241,80.1364,"73, College Road, Chennai",Chennai,Tamil Nadu,Industrial Area
L0435,North Industrial Estate 435,26.7269,81.0274,"671, Market Road, Lucknow",Lucknow,Uttar Pradesh,Residence
L0436,West Industrial Estate 436,12.9437,77.7251,"615, Park Street, Bengaluru",Bengaluru,Karnataka,Cyber Activity Location
L0437,West Industrial Estate 437,26.8919,81.023,"969, Lake View Road, Lucknow",Lucknow,Uttar Pradesh,Bank
L0438,East Market Complex 438,23.0663,72.6938,"283, Shivaji Nagar, Ahmedabad",Ahmedabad,Gujarat,Office
L0439,West Transit Hub 439,13.0932,80.3376,"452, Airport Road, Chennai",Chennai,Tamil Nadu,Cyber Activity Location
L0440,West Office Centre 440,12.947,77.6959,"494, Airport Road, Bengaluru",Bengaluru,Karnataka,Cyber Activity Location
L0441,South Market Complex 441,22.806,75.7636,"594, Airport Road, Indore",Indore,Madhya Pradesh,Restaurant
L0442,East Transit Hub 442,18.3732,73.8771,"817, Airport Road, Pune",Pune,Maharashtra,Office
L0443,Central Industrial Estate 443,23.0088,72.6138,"8, College Road, Ahmedabad",Ahmedabad,Gujarat,Transport Hub
L0444,Central Business Park 444,19.3236,72.9685,"231, Nehru Nagar, Thane",Thane,Maharashtra,Warehouse
L0445,North Office Centre 445,21.0689,72.8188,"626, Market Road, Surat",Surat,Gujarat,Bank
L0446,Central Market Complex 446,19.147,72.9649,"440, Station Road, Mumbai",Mumbai,Maharashtra,Road
L0447,South Transit Hub 447,13.0049,77.6362,"133, Ring Road, Bengaluru",Bengaluru,Karnataka,Industrial Area
L0448,West Business Park 448,28.4839,77.3612,"731, Shivaji Nagar, Noida",Noida,Uttar Pradesh,Office
L0449,Central Industrial Estate 449,19.2115,73.1088,"807, Park Street, Thane",Thane,Maharashtra,Residence
L0450,West Business Park 450,22.6403,75.9338,"251, Market Road, Indore",Indore,Madhya Pradesh,Commercial Area
L0451,Central Transit Hub 451,9.9981,76.1207,"226, Ring Road, Kochi",Kochi,Kerala,Hotel
L0452,South Office Centre 452,12.9513,80.1562,"474, Market Road, Chennai",Chennai,Tamil Nadu,Bank
L0453,Central Office Centre 453,22.7754,75.9846,"472, Lake View Road, Indore",Indore,Madhya Pradesh,Cyber Activity Location
L0454,East Industrial Estate 454,21.1874,79.2204,"911, Lake View Road, Nagpur",Nagpur,Maharashtra,Commercial Area
L0455,East Business Park 455,12.9984,80.1608,"603, Lake View Road, Chennai",Chennai,Tamil Nadu,Meeting Point
L0456,South Industrial Estate 456,10.9789,77.0164,"8, College Road, Coimbatore",Coimbatore,Tamil Nadu,Cyber Activity Location
L0457,South Business Park 457,28.5501,77.1243,"277, Airport Road, Gurugram",Gurugram,Haryana,Crime Scene
L0458,North Market Complex 458,11.1287,76.8304,"787, Ring Road, Coimbatore",Coimbatore,Tamil Nadu,Parking Area
L0459,North Market Complex 459,26.7858,75.8066,"348, Ring Road, Jaipur",Jaipur,Rajasthan,Residence
L0460,Central Market Complex 460,28.4461,77.402,"389, Park Street, Noida",Noida,Uttar Pradesh,Meeting Point
L0461,South Market Complex 461,28.5181,77.4451,"978, Airport Road, Noida",Noida,Uttar Pradesh,Restaurant
L0462,Central Industrial Estate 462,26.724,80.9493,"150, College Road, Lucknow",Lucknow,Uttar Pradesh,Crime Scene
L0463,East Market Complex 463,22.4622,88.3385,"763, Shivaji Nagar, Kolkata",Kolkata,West Bengal,Road
L0464,South Market Complex 464,28.4482,77.1187,"727, College Road, Gurugram",Gurugram,Haryana,Restaurant
L0465,West Market Complex 465,22.6459,75.7086,"880, Lake View Road, Indore",Indore,Madhya Pradesh,Warehouse
L0466,South Transit Hub 466,19.8611,73.7432,"281, Ring Road, Nashik",Nashik,Maharashtra,Office
L0467,Central Office Centre 467,18.6508,73.7274,"625, Market Road, Pune",Pune,Maharashtra,Cyber Activity Location
L0468,West Industrial Estate 468,18.4565,73.7607,"422, Park Street, Pune",Pune,Maharashtra,Meeting Point
L0469,East Business Park 469,27.0603,75.752,"417, Airport Road, Jaipur",Jaipur,Rajasthan,Storage Facility
L0470,North Office Centre 470,22.5937,75.9969,"110, Nehru Nagar, Indore",Indore,Madhya Pradesh,Storage Facility
L0471,Central Business Park 471,19.2644,72.9324,"596, Lake View Road, Thane",Thane,Maharashtra,Meeting Point
L0472,East Business Park 472,22.7283,75.9261,"287, Nehru Nagar, Indore",Indore,Madhya Pradesh,Warehouse
L0473,South Industrial Estate 473,19.2195,72.8666,"776, College Road, Mumbai",Mumbai,Maharashtra,Restaurant
L0474,East Transit Hub 474,23.2695,77.5096,"635, MG Road, Bhopal",Bhopal,Madhya Pradesh,Warehouse
L0475,West Market Complex 475,26.8089,75.6938,"425, Ring Road, Jaipur",Jaipur,Rajasthan,Cyber Activity Location
L0476,West Office Centre 476,18.6132,73.8325,"720, Ring Road, Pune",Pune,Maharashtra,Crime Scene
L0477,South Business Park 477,12.9945,80.151,"709, College Road, Chennai",Chennai,Tamil Nadu,Residence
L0478,East Transit Hub 478,11.0684,77.0675,"362, Nehru Nagar, Coimbatore",Coimbatore,Tamil Nadu,Warehouse
L0479,South Industrial Estate 479,22.7013,75.8696,"639, Ring Road, Indore",Indore,Madhya Pradesh,Crime Scene
L0480,North Business Park 480,19.2195,72.9149,"106, Lake View Road, Thane",Thane,Maharashtra,Storage Facility
L0481,South Market Complex 481,21.1934,72.9129,"293, Nehru Nagar, Surat",Surat,Gujarat,Storage Facility
L0482,South Transit Hub 482,13.0232,80.1637,"198, Station Road, Chennai",Chennai,Tamil Nadu,Hotel
L0483,East Transit Hub 483,13.0568,80.2032,"136, Ring Road, Chennai",Chennai,Tamil Nadu,Transport Hub
L0484,Central Transit Hub 484,13.0094,77.5728,"747, Lake View Road, Bengaluru",Bengaluru,Karnataka,Parking Area
L0485,South Industrial Estate 485,27.0449,75.8387,"566, MG Road, Jaipur",Jaipur,Rajasthan,Crime Scene
L0486,South Transit Hub 486,21.2291,72.8036,"224, College Road, Surat",Surat,Gujarat,Bank
L0487,South Industrial Estate 487,13.0479,77.5867,"246, Market Road, Bengaluru",Bengaluru,Karnataka,Storage Facility
L0488,West Office Centre 488,23.1298,72.4647,"190, Market Road, Ahmedabad",Ahmedabad,Gujarat,Parking Area
L0489,South Transit Hub 489,28.4333,77.0016,"56, MG Road, Gurugram",Gurugram,Haryana,Transport Hub
L0490,East Industrial Estate 490,22.6425,75.7687,"449, Nehru Nagar, Indore",Indore,Madhya Pradesh,Hotel
L0491,Central Office Centre 491,22.6767,88.2416,"846, Ring Road, Kolkata",Kolkata,West Bengal,Restaurant
L0492,South Office Centre 492,18.4509,73.9088,"814, Station Road, Pune",Pune,Maharashtra,Road
L0493,Central Office Centre 493,19.9039,73.8683,"198, Airport Road, Nashik",Nashik,Maharashtra,Restaurant
L0494,East Office Centre 494,17.3788,78.5975,"567, Lake View Road, Hyderabad",Hyderabad,Telangana,Commercial Area
L0495,South Business Park 495,18.9895,72.7847,"342, MG Road, Mumbai",Mumbai,Maharashtra,Restaurant
L0496,West Office Centre 496,26.971,81.0049,"30, Lake View Road, Lucknow",Lucknow,Uttar Pradesh,Restaurant
L0497,West Business Park 497,22.8441,75.8733,"172, Market Road, Indore",Indore,Madhya Pradesh,Crime Scene
L0498,East Market Complex 498,22.7095,75.9023,"187, Park Street, Indore",Indore,Madhya Pradesh,Bank
L0499,West Office Centre 499,26.9162,75.7865,"641, MG Road, Jaipur",Jaipur,Rajasthan,Office
L0500,South Transit Hub 500,21.2945,72.7923,"494, Station Road, Surat",Surat,Gujarat,Industrial Area
L0501,West Business Park 501,10.0404,76.3397,"575, Airport Road, Kochi",Kochi,Kerala,Residence
L0502,North Industrial Estate 502,28.5899,77.0503,"294, Ring Road, Gurugram",Gurugram,Haryana,Industrial Area
L0503,South Business Park 503,19.1272,72.8971,"365, Market Road, Thane",Thane,Maharashtra,Road
L0504,East Office Centre 504,26.8619,81.0792,"756, Shivaji Nagar, Lucknow",Lucknow,Uttar Pradesh,Commercial Area
L0505,West Transit Hub 505,26.9867,80.9887,"892, Ring Road, Lucknow",Lucknow,Uttar Pradesh,Parking Area
L0506,South Office Centre 506,13.0414,77.5503,"313, Nehru Nagar, Bengaluru",Bengaluru,Karnataka,Meeting Point
L0507,East Office Centre 507,26.7519,81.063,"708, Shivaji Nagar, Lucknow",Lucknow,Uttar Pradesh,Hotel
L0508,West Industrial Estate 508,28.3956,77.495,"83, Station Road, Noida",Noida,Uttar Pradesh,Storage Facility
L0509,West Office Centre 509,19.0497,72.9805,"227, Ring Road, Mumbai",Mumbai,Maharashtra,Warehouse
L0510,South Transit Hub 510,19.071,72.9798,"796, Lake View Road, Thane",Thane,Maharashtra,Commercial Area
L0511,Central Market Complex 511,11.0581,77.086,"67, Lake View Road, Coimbatore",Coimbatore,Tamil Nadu,Cyber Activity Location
L0512,North Business Park 512,26.7014,80.9559,"663, Market Road, Lucknow",Lucknow,Uttar Pradesh,Industrial Area
L0513,South Transit Hub 513,19.0848,72.8101,"709, Nehru Nagar, Mumbai",Mumbai,Maharashtra,Bank
L0514,West Business Park 514,28.6294,77.4432,"507, Market Road, Noida",Noida,Uttar Pradesh,Crime Scene
L0515,West Transit Hub 515,21.2712,79.0955,"469, Ring Road, Nagpur",Nagpur,Maharashtra,Warehouse
L0516,East Transit Hub 516,11.0247,77.0504,"446, Nehru Nagar, Coimbatore",Coimbatore,Tamil Nadu,Bank
L0517,Central Office Centre 517,19.9594,73.7616,"583, Station Road, Nashik",Nashik,Maharashtra,Road
L0518,North Business Park 518,13.0227,80.3691,"880, Ring Road, Chennai",Chennai,Tamil Nadu,Office
L0519,East Industrial Estate 519,19.9691,73.753,"359, Airport Road, Nashik",Nashik,Maharashtra,Parking Area
L0520,East Transit Hub 520,19.1369,72.7525,"892, Ring Road, Mumbai",Mumbai,Maharashtra,Storage Facility
L0521,North Industrial Estate 521,21.19,72.9385,"664, Lake View Road, Surat",Surat,Gujarat,Office
L0522,West Industrial Estate 522,18.4393,73.9771,"85, Lake View Road, Pune",Pune,Maharashtra,Restaurant
L0523,South Business Park 523,26.778,81.0734,"750, Park Street, Lucknow",Lucknow,Uttar Pradesh,Hotel
L0524,North Office Centre 524,28.4786,76.8865,"458, Park Street, Gurugram",Gurugram,Haryana,Cyber Activity Location
L0525,Central Office Centre 525,19.2144,72.9038,"607, Station Road, Mumbai",Mumbai,Maharashtra,Crime Scene
L0526,North Market Complex 526,19.9373,73.809,"147, Ring Road, Nashik",Nashik,Maharashtra,Road
L0527,Central Market Complex 527,28.409,77.1033,"350, Shivaji Nagar, Gurugram",Gurugram,Haryana,Meeting Point
L0528,Central Market Complex 528,28.6091,77.3448,"709, Nehru Nagar, Noida",Noida,Uttar Pradesh,Office
L0529,South Business Park 529,13.1843,80.2229,"586, Nehru Nagar, Chennai",Chennai,Tamil Nadu,Crime Scene
L0530,East Office Centre 530,10.9858,77.0379,"77, Station Road, Coimbatore",Coimbatore,Tamil Nadu,Residence
L0531,Central Industrial Estate 531,22.5698,88.3206,"134, Airport Road, Kolkata",Kolkata,West Bengal,Industrial Area
L0532,Central Market Complex 532,13.0255,77.6428,"492, Market Road, Bengaluru",Bengaluru,Karnataka,Office
L0533,Central Market Complex 533,23.1119,72.6353,"569, Nehru Nagar, Ahmedabad",Ahmedabad,Gujarat,Office
L0534,South Business Park 534,19.1823,73.0633,"842, MG Road, Thane",Thane,Maharashtra,Meeting Point
L0535,East Business Park 535,21.1284,72.7086,"183, Market Road, Surat",Surat,Gujarat,Bank
L0536,North Transit Hub 536,26.9908,75.668,"84, Park Street, Jaipur",Jaipur,Rajasthan,Office
L0537,East Market Complex 537,23.2446,77.429,"248, Ring Road, Bhopal",Bhopal,Madhya Pradesh,Industrial Area
L0538,Central Business Park 538,18.9529,72.894,"357, Lake View Road, Mumbai",Mumbai,Maharashtra,Road
L0539,Central Transit Hub 539,21.2793,72.6848,"504, Station Road, Surat",Surat,Gujarat,Industrial Area
L0540,South Office Centre 540,20.065,73.8077,"453, Ring Road, Nashik",Nashik,Maharashtra,Warehouse
L0541,South Business Park 541,28.4364,77.3552,"867, Ring Road, Noida",Noida,Uttar Pradesh,Meeting Point
L0542,North Industrial Estate 542,22.953,72.4652,"625, MG Road, Ahmedabad",Ahmedabad,Gujarat,Meeting Point
L0543,East Business Park 543,28.6804,77.0978,"147, MG Road, Delhi",Delhi,Delhi,Office
L0544,Central Market Complex 544,28.8374,77.1688,"672, Market Road, Delhi",Delhi,Delhi,Parking Area
L0545,North Transit Hub 545,10.9255,76.8379,"604, MG Road, Coimbatore",Coimbatore,Tamil Nadu,Bank
L0546,North Business Park 546,22.6693,75.8938,"861, MG Road, Indore",Indore,Madhya Pradesh,Crime Scene
L0547,South Market Complex 547,22.523,88.4585,"718, Park Street, Kolkata",Kolkata,West Bengal,Storage Facility
L0548,North Industrial Estate 548,19.1584,73.0091,"316, MG Road, Thane",Thane,Maharashtra,Restaurant
L0549,North Business Park 549,26.791,81.0856,"324, Ring Road, Lucknow",Lucknow,Uttar Pradesh,Commercial Area
L0550,South Market Complex 550,26.987,81.0308,"41, Market Road, Lucknow",Lucknow,Uttar Pradesh,Commercial Area
L0551,West Business Park 551,28.799,77.0704,"494, Nehru Nagar, Delhi",Delhi,Delhi,Office
L0552,North Transit Hub 552,17.4127,78.5004,"823, Park Street, Hyderabad",Hyderabad,Telangana,Hotel
L0553,North Industrial Estate 553,19.2119,72.8662,"787, Market Road, Mumbai",Mumbai,Maharashtra,Restaurant
L0554,West Market Complex 554,22.6619,88.4633,"323, MG Road, Kolkata",Kolkata,West Bengal,Office
L0555,North Business Park 555,26.7385,80.887,"840, Station Road, Lucknow",Lucknow,Uttar Pradesh,Bank
L0556,Central Business Park 556,23.3466,77.2848,"881, Shivaji Nagar, Bhopal",Bhopal,Madhya Pradesh,Road
L0557,North Business Park 557,9.9014,76.2693,"444, MG Road, Kochi",Kochi,Kerala,Cyber Activity Location
L0558,East Industrial Estate 558,28.3205,77.1671,"54, Station Road, Gurugram",Gurugram,Haryana,Restaurant
L0559,West Office Centre 559,11.0583,76.8313,"987, Nehru Nagar, Coimbatore",Coimbatore,Tamil Nadu,Crime Scene
L0560,East Transit Hub 560,26.8123,75.8211,"630, Lake View Road, Jaipur",Jaipur,Rajasthan,Road
L0561,North Business Park 561,21.3099,72.8102,"654, Shivaji Nagar, Surat",Surat,Gujarat,Residence
L0562,South Transit Hub 562,28.6207,77.1766,"461, Nehru Nagar, Delhi",Delhi,Delhi,Transport Hub
L0563,West Industrial Estate 563,9.8475,76.2295,"882, College Road, Kochi",Kochi,Kerala,Parking Area
L0564,North Transit Hub 564,28.4307,77.5403,"146, Station Road, Noida",Noida,Uttar Pradesh,Parking Area
L0565,North Industrial Estate 565,22.9973,72.7099,"455, MG Road, Ahmedabad",Ahmedabad,Gujarat,Office
L0566,North Business Park 566,26.856,75.7739,"975, Nehru Nagar, Jaipur",Jaipur,Rajasthan,Warehouse
L0567,West Market Complex 567,26.8012,80.8255,"511, Market Road, Lucknow",Lucknow,Uttar Pradesh,Restaurant
L0568,North Industrial Estate 568,21.0404,72.6945,"221, MG Road, Surat",Surat,Gujarat,Restaurant
L0569,West Market Complex 569,19.1808,72.9221,"256, Nehru Nagar, Mumbai",Mumbai,Maharashtra,Hotel
L0570,South Office Centre 570,13.0875,80.2863,"816, MG Road, Chennai",Chennai,Tamil Nadu,Commercial Area
L0571,Central Market Complex 571,23.3974,77.3322,"617, College Road, Bhopal",Bhopal,Madhya Pradesh,Industrial Area
L0572,Central Market Complex 572,13.0137,77.5742,"914, Station Road, Bengaluru",Bengaluru,Karnataka,Residence
L0573,South Office Centre 573,17.3699,78.4656,"717, Park Street, Hyderabad",Hyderabad,Telangana,Residence
L0574,North Transit Hub 574,17.3185,78.5478,"822, Market Road, Hyderabad",Hyderabad,Telangana,Crime Scene
L0575,South Business Park 575,9.8117,76.3789,"200, Station Road, Kochi",Kochi,Kerala,Meeting Point
L0576,Central Office Centre 576,21.0793,72.7153,"753, MG Road, Surat",Surat,Gujarat,Hotel
L0577,Central Transit Hub 577,28.6753,77.335,"628, Market Road, Noida",Noida,Uttar Pradesh,Industrial Area
L0578,South Industrial Estate 578,22.7457,75.8121,"367, Park Street, Indore",Indore,Madhya Pradesh,Storage Facility
L0579,North Office Centre 579,10.9186,77.0079,"560, Shivaji Nagar, Coimbatore",Coimbatore,Tamil Nadu,Crime Scene
L0580,Central Industrial Estate 580,11.0439,77.0074,"163, Market Road, Coimbatore",Coimbatore,Tamil Nadu,Commercial Area
L0581,Central Industrial Estate 581,13.0243,80.1756,"964, Market Road, Chennai",Chennai,Tamil Nadu,Restaurant
L0582,West Business Park 582,28.502,77.4199,"441, Shivaji Nagar, Noida",Noida,Uttar Pradesh,Road
L0583,West Market Complex 583,23.1656,77.4533,"148, Park Street, Bhopal",Bhopal,Madhya Pradesh,Restaurant
L0584,West Market Complex 584,28.3596,76.9633,"361, Station Road, Gurugram",Gurugram,Haryana,Meeting Point
L0585,North Industrial Estate 585,22.6084,88.4736,"472, College Road, Kolkata",Kolkata,West Bengal,Residence
L0586,East Market Complex 586,19.1268,72.9433,"498, College Road, Thane",Thane,Maharashtra,Transport Hub
L0587,North Business Park 587,26.8194,80.9437,"615, Market Road, Lucknow",Lucknow,Uttar Pradesh,Restaurant
L0588,North Industrial Estate 588,26.7469,80.9658,"909, Park Street, Lucknow",Lucknow,Uttar Pradesh,Crime Scene
L0589,South Industrial Estate 589,22.8823,72.4889,"211, MG Road, Ahmedabad",Ahmedabad,Gujarat,Bank
L0590,East Industrial Estate 590,22.5923,88.4457,"98, Market Road, Kolkata",Kolkata,West Bengal,Parking Area
L0591,Central Business Park 591,28.4195,77.2753,"958, Ring Road, Noida",Noida,Uttar Pradesh,Crime Scene
L0592,West Industrial Estate 592,26.925,75.8643,"481, Lake View Road, Jaipur",Jaipur,Rajasthan,Crime Scene
L0593,South Office Centre 593,28.3751,77.0041,"903, College Road, Gurugram",Gurugram,Haryana,Restaurant
L0594,East Office Centre 594,23.1349,72.4311,"80, MG Road, Ahmedabad",Ahmedabad,Gujarat,Bank
L0595,Central Transit Hub 595,19.9792,73.938,"224, Market Road, Nashik",Nashik,Maharashtra,Crime Scene
L0596,North Transit Hub 596,17.4782,78.5131,"87, College Road, Hyderabad",Hyderabad,Telangana,Commercial Area
L0597,West Business Park 597,23.1597,77.3044,"26, Market Road, Bhopal",Bhopal,Madhya Pradesh,Warehouse
L0598,West Office Centre 598,18.5414,73.8664,"534, College Road, Pune",Pune,Maharashtra,Road
L0599,West Office Centre 599,12.9187,77.6558,"453, College Road, Bengaluru",Bengaluru,Karnataka,Bank
L0600,North Business Park 600,28.8398,77.1068,"183, Airport Road, Delhi",Delhi,Delhi,Cyber Activity Location
