source_id,source_type,platform,url_or_reference,collection_time,collector,case_id
OS0001,Social Media,News Archive,REF-OSINT-OS0001,2024-07-19T10:18:41,System,C0001
OS0002,Business Listing,News Archive,REF-OSINT-OS0002,2024-08-19T21:17:49,Analyst User,C0002
OS0003,Public Record,Public Registry,REF-OSINT-OS0003,2024-08-15T03:59:00,Analyst User,C0002
OS0004,Business Listing,Business Directory,REF-OSINT-OS0004,2024-02-26T10:20:16,System,C0003
OS0005,Forum Reference,News Archive,REF-OSINT-OS0005,2024-07-04T07:48:19,System,C0003
OS0006,Business Listing,News Archive,REF-OSINT-OS0006,2024-11-20T10:32:57,Analyst User,C0004
OS0007,Public Record,News Archive,REF-OSINT-OS0007,2024-09-28T07:58:52,System,C0004
OS0008,Public Record,Business Directory,REF-OSINT-OS0008,2024-10-29T07:09:19,System,C0004
OS0009,Business Listing,Business Directory,REF-OSINT-OS0009,2024-08-20T20:55:58,Analyst User,C0005
OS0010,Business Listing,News Archive,REF-OSINT-OS0010,2024-02-24T03:44:33,System,C0006
OS0011,Business Listing,Social Platform,REF-OSINT-OS0011,2024-06-17T07:36:25,System,C0006
OS0012,News,Social Platform,REF-OSINT-OS0012,2024-07-01T01:34:12,Analyst User,C0007
OS0013,Public Record,Public Registry,REF-OSINT-OS0013,2024-04-30T13:26:48,Analyst User,C0007
OS0014,News,Business Directory,REF-OSINT-OS0014,2024-07-25T22:37:22,Analyst User,C0007
OS0015,News,Public Registry,REF-OSINT-OS0015,2024-05-17T00:23:29,Analyst User,C0007
OS0016,Forum Reference,News Archive,REF-OSINT-OS0016,2024-07-02T20:21:39,System,C0008
OS0017,Public Record,Business Directory,REF-OSINT-OS0017,2024-06-28T19:05:41,Analyst User,C0008
OS0018,Web Source,Social Platform,REF-OSINT-OS0018,2024-07-30T00:21:24,System,C0009
OS0019,Forum Reference,News Archive,REF-OSINT-OS0019,2024-07-03T16:05:41,System,C0009
OS0020,Public Record,Public Registry,REF-OSINT-OS0020,2024-03-03T06:55:14,Analyst User,C0010
OS0021,News,Public Registry,REF-OSINT-OS0021,2024-07-21T10:37:42,System,C0011
OS0022,News,Social Platform,REF-OSINT-OS0022,2024-07-12T08:39:24,Analyst User,C0011
OS0023,News,Business Directory,REF-OSINT-OS0023,2024-07-20T20:24:53,System,C0011
OS0024,Web Source,Social Platform,REF-OSINT-OS0024,2024-02-26T15:05:49,System,C0012
OS0025,Web Source,Business Directory,REF-OSINT-OS0025,2024-01-27T18:43:09,System,C0012
OS0026,Public Record,Business Directory,REF-OSINT-OS0026,2024-05-26T16:40:57,System,C0012
OS0027,Web Source,Public Registry,REF-OSINT-OS0027,2024-03-25T05:12:14,System,C0013
OS0028,News,Business Directory,REF-OSINT-OS0028,2024-03-12T21:37:08,Analyst User,C0014
OS0029,Social Media,Social Platform,REF-OSINT-OS0029,2024-07-25T20:52:53,System,C0014
OS0030,Public Record,Social Platform,REF-OSINT-OS0030,2024-07-29T15:21:43,Analyst User,C0015
OS0031,News,Business Directory,REF-OSINT-OS0031,2024-08-08T10:57:17,System,C0015
OS0032,News,Public Registry,REF-OSINT-OS0032,2024-08-17T19:48:18,System,C0015
OS0033,Social Media,News Archive,REF-OSINT-OS0033,2024-08-24T05:24:52,System,C0015
OS0034,Business Listing,News Archive,REF-OSINT-OS0034,2024-06-10T23:59:26,System,C0016
OS0035,Business Listing,Public Registry,REF-OSINT-OS0035,2024-07-30T16:25:12,System,C0017
OS0036,Business Listing,Public Registry,REF-OSINT-OS0036,2024-11-21T09:47:20,Analyst User,C0017
OS0037,Forum Reference,Public Registry,REF-OSINT-OS0037,2024-01-20T00:29:31,System,C0017
OS0038,Forum Reference,News Archive,REF-OSINT-OS0038,2024-07-23T20:56:23,System,C0017
OS0039,Public Record,Public Registry,REF-OSINT-OS0039,2024-06-18T01:03:29,System,C0018
OS0040,Business Listing,Public Registry,REF-OSINT-OS0040,2024-07-23T06:34:56,System,C0018
OS0041,Public Record,Business Directory,REF-OSINT-OS0041,2024-03-22T03:59:45,Analyst User,C0018
OS0042,News,News Archive,REF-OSINT-OS0042,2024-07-13T17:28:18,Analyst User,C0019
OS0043,Forum Reference,Business Directory,REF-OSINT-OS0043,2024-06-01T17:28:55,System,C0020
OS0044,Public Record,Social Platform,REF-OSINT-OS0044,2024-08-04T05:09:53,Analyst User,C0020
OS0045,News,News Archive,REF-OSINT-OS0045,2024-07-25T07:59:34,Analyst User,C0021
OS0046,Public Record,Public Registry,REF-OSINT-OS0046,2024-08-01T11:10:37,Analyst User,C0022
OS0047,Forum Reference,Public Registry,REF-OSINT-OS0047,2024-08-06T21:18:02,Analyst User,C0023
OS0048,News,News Archive,REF-OSINT-OS0048,2024-07-10T07:57:12,Analyst User,C0024
OS0049,News,Social Platform,REF-OSINT-OS0049,2024-10-21T13:26:51,System,C0025
OS0050,Forum Reference,Business Directory,REF-OSINT-OS0050,2024-09-09T22:03:44,Analyst User,C0026
OS0051,Social Media,Public Registry,REF-OSINT-OS0051,2024-02-28T06:08:30,System,C0027
OS0052,News,Business Directory,REF-OSINT-OS0052,2024-08-26T16:36:48,Analyst User,C0028
OS0053,Web Source,Social Platform,REF-OSINT-OS0053,2024-08-25T23:34:48,Analyst User,C0028
OS0054,News,News Archive,REF-OSINT-OS0054,2024-08-24T20:51:02,Analyst User,C0028
OS0055,Business Listing,Social Platform,REF-OSINT-OS0055,2024-11-24T00:09:52,Analyst User,C0029
OS0056,Web Source,Business Directory,REF-OSINT-OS0056,2024-05-16T19:42:53,System,C0029
OS0057,Social Media,Business Directory,REF-OSINT-OS0057,2024-02-20T05:39:23,Analyst User,C0030
OS0058,News,Social Platform,REF-OSINT-OS0058,2024-08-14T18:44:43,System,C0031
OS0059,Public Record,Public Registry,REF-OSINT-OS0059,2024-05-07T05:19:05,Analyst User,C0032
OS0060,Social Media,Business Directory,REF-OSINT-OS0060,2024-02-23T15:10:39,Analyst User,C0033
OS0061,Web Source,Business Directory,REF-OSINT-OS0061,2024-03-09T09:50:21,System,C0034
OS0062,Forum Reference,Public Registry,REF-OSINT-OS0062,2024-07-14T22:15:17,System,C0035
OS0063,Business Listing,Social Platform,REF-OSINT-OS0063,2024-08-24T17:52:49,System,C0035
OS0064,Business Listing,Social Platform,REF-OSINT-OS0064,2024-08-22T13:33:48,System,C0035
OS0065,Forum Reference,Business Directory,REF-OSINT-OS0065,2024-08-18T10:10:46,System,C0036
OS0066,Web Source,Social Platform,REF-OSINT-OS0066,2024-07-17T03:37:18,Analyst User,C0037
OS0067,Forum Reference,Public Registry,REF-OSINT-OS0067,2024-07-06T18:12:14,System,C0037
OS0068,Public Record,Social Platform,REF-OSINT-OS0068,2024-08-06T05:27:43,System,C0037
OS0069,Social Media,Business Directory,REF-OSINT-OS0069,2024-03-29T10:33:49,System,C0038
OS0070,Forum Reference,News Archive,REF-OSINT-OS0070,2024-08-02T08:18:17,Analyst User,C0038
OS0071,News,Social Platform,REF-OSINT-OS0071,2024-03-20T16:11:36,System,C0039
OS0072,Public Record,News Archive,REF-OSINT-OS0072,2024-08-03T15:23:22,System,C0039
OS0073,Business Listing,Public Registry,REF-OSINT-OS0073,2024-02-18T20:59:36,Analyst User,C0039
OS0074,News,Social Platform,REF-OSINT-OS0074,2024-12-03T22:47:58,System,C0040
OS0075,Web Source,News Archive,REF-OSINT-OS0075,2024-06-17T13:44:16,Analyst User,C0040
OS0076,Business Listing,News Archive,REF-OSINT-OS0076,2024-05-13T19:02:19,System,C0040
OS0077,News,News Archive,REF-OSINT-OS0077,2024-12-21T12:23:02,System,C0040
OS0078,Public Record,Social Platform,REF-OSINT-OS0078,2024-09-06T22:23:47,Analyst User,C0041
OS0079,Forum Reference,News Archive,REF-OSINT-OS0079,2024-06-15T07:20:24,Analyst User,C0042
OS0080,Forum Reference,Business Directory,REF-OSINT-OS0080,2024-06-26T15:24:03,Analyst User,C0043
OS0081,Public Record,Public Registry,REF-OSINT-OS0081,2024-08-22T02:00:19,System,C0043
OS0082,Forum Reference,Public Registry,REF-OSINT-OS0082,2024-07-10T11:36:25,System,C0043
OS0083,News,Public Registry,REF-OSINT-OS0083,2024-02-01T14:52:22,System,C0044
OS0084,Web Source,Business Directory,REF-OSINT-OS0084,2024-07-21T02:37:47,System,C0045
OS0085,Forum Reference,Business Directory,REF-OSINT-OS0085,2024-07-21T02:42:43,Analyst User,C0046
OS0086,News,Business Directory,REF-OSINT-OS0086,2024-05-26T18:23:29,Analyst User,C0046
OS0087,News,Business Directory,REF-OSINT-OS0087,2024-12-19T03:24:17,System,C0047
OS0088,News,Business Directory,REF-OSINT-OS0088,2024-08-05T06:19:36,System,C0048
OS0089,Public Record,Business Directory,REF-OSINT-OS0089,2024-08-13T11:32:12,System,C0049
OS0090,Web Source,Social Platform,REF-OSINT-OS0090,2024-05-25T15:50:19,System,C0050
OS0091,Forum Reference,Business Directory,REF-OSINT-OS0091,2024-04-27T22:52:22,Analyst User,C0050
OS0092,Public Record,Business Directory,REF-OSINT-OS0092,2024-08-05T18:48:47,System,C0050
OS0093,Business Listing,Social Platform,REF-OSINT-OS0093,2024-05-16T21:42:36,System,C0051
OS0094,Business Listing,News Archive,REF-OSINT-OS0094,2024-08-11T10:48:18,Analyst User,C0051
OS0095,News,Public Registry,REF-OSINT-OS0095,2024-03-17T22:56:42,System,C0051
OS0096,Business Listing,Business Directory,REF-OSINT-OS0096,2024-09-17T10:00:18,System,C0051
OS0097,Social Media,Public Registry,REF-OSINT-OS0097,2024-09-06T12:09:25,System,C0052
OS0098,News,News Archive,REF-OSINT-OS0098,2024-04-22T06:40:29,System,C0052
OS0099,Forum Reference,Social Platform,REF-OSINT-OS0099,2024-07-11T06:31:30,Analyst User,C0052
OS0100,Forum Reference,News Archive,REF-OSINT-OS0100,2024-08-18T14:33:33,System,C0053
OS0101,Social Media,Business Directory,REF-OSINT-OS0101,2024-12-14T16:05:34,Analyst User,C0054
OS0102,Public Record,News Archive,REF-OSINT-OS0102,2024-06-23T19:16:03,System,C0054
OS0103,Public Record,News Archive,REF-OSINT-OS0103,2024-08-26T11:42:57,System,C0054
OS0104,Web Source,Public Registry,REF-OSINT-OS0104,2024-06-09T11:24:23,Analyst User,C0055
OS0105,Social Media,Business Directory,REF-OSINT-OS0105,2024-08-01T16:55:10,Analyst User,C0056
OS0106,Public Record,Social Platform,REF-OSINT-OS0106,2024-07-16T14:56:35,Analyst User,C0056
OS0107,Business Listing,News Archive,REF-OSINT-OS0107,2024-08-18T11:19:47,Analyst User,C0057
OS0108,Business Listing,Social Platform,REF-OSINT-OS0108,2024-07-22T09:10:01,System,C0058
OS0109,Web Source,Public Registry,REF-OSINT-OS0109,2024-08-22T00:32:36,Analyst User,C0058
OS0110,News,News Archive,REF-OSINT-OS0110,2024-07-04T10:08:58,Analyst User,C0059
OS0111,News,News Archive,REF-OSINT-OS0111,2024-04-04T11:27:17,System,C0059
OS0112,Business Listing,Social Platform,REF-OSINT-OS0112,2024-03-03T11:27:29,System,C0059
OS0113,News,Social Platform,REF-OSINT-OS0113,2024-04-07T08:44:21,Analyst User,C0060
OS0114,News,Public Registry,REF-OSINT-OS0114,2024-08-02T13:30:17,System,C0060
OS0115,Forum Reference,Business Directory,REF-OSINT-OS0115,2024-12-01T23:46:13,System,C0060
OS0116,Public Record,News Archive,REF-OSINT-OS0116,2024-05-29T18:49:19,Analyst User,C0060
OS0117,Web Source,Public Registry,REF-OSINT-OS0117,2024-07-13T11:03:43,System,C0061
OS0118,Web Source,Business Directory,REF-OSINT-OS0118,2024-02-11T20:25:35,System,C0061
OS0119,Web Source,Public Registry,REF-OSINT-OS0119,2024-11-07T04:23:43,Analyst User,C0061
OS0120,Public Record,Business Directory,REF-OSINT-OS0120,2024-08-28T07:45:47,System,C0062
OS0121,Social Media,Business Directory,REF-OSINT-OS0121,2024-06-04T15:09:51,System,C0063
OS0122,Business Listing,News Archive,REF-OSINT-OS0122,2024-07-24T21:10:38,Analyst User,C0063
OS0123,Social Media,Public Registry,REF-OSINT-OS0123,2024-10-21T16:26:07,System,C0063
OS0124,Web Source,Public Registry,REF-OSINT-OS0124,2024-02-28T08:52:57,Analyst User,C0063
OS0125,Web Source,Business Directory,REF-OSINT-OS0125,2024-08-01T20:48:43,Analyst User,C0064
OS0126,Social Media,Social Platform,REF-OSINT-OS0126,2024-07-21T15:35:43,Analyst User,C0065
OS0127,Business Listing,News Archive,REF-OSINT-OS0127,2024-08-23T12:22:09,Analyst User,C0066
OS0128,Web Source,Business Directory,REF-OSINT-OS0128,2024-05-16T12:47:40,Analyst User,C0066
OS0129,Forum Reference,News Archive,REF-OSINT-OS0129,2024-03-12T20:46:25,Analyst User,C0067
OS0130,Web Source,Business Directory,REF-OSINT-OS0130,2024-08-02T06:01:21,System,C0068
OS0131,Business Listing,Business Directory,REF-OSINT-OS0131,2024-05-13T10:00:42,Analyst User,C0068
OS0132,Social Media,Business Directory,REF-OSINT-OS0132,2024-07-06T01:37:44,Analyst User,C0068
OS0133,Forum Reference,News Archive,REF-OSINT-OS0133,2024-03-03T22:12:45,System,C0069
OS0134,Business Listing,Public Registry,REF-OSINT-OS0134,2024-07-29T15:24:10,System,C0070
OS0135,Social Media,Public Registry,REF-OSINT-OS0135,2024-07-15T20:11:39,Analyst User,C0070
OS0136,News,Social Platform,REF-OSINT-OS0136,2024-08-15T13:45:44,Analyst User,C0070
OS0137,Business Listing,Business Directory,REF-OSINT-OS0137,2024-08-27T15:27:43,System,C0070
OS0138,Social Media,Business Directory,REF-OSINT-OS0138,2024-07-29T10:15:06,Analyst User,C0071
OS0139,Social Media,Public Registry,REF-OSINT-OS0139,2024-09-30T05:05:28,System,C0072
OS0140,Web Source,Social Platform,REF-OSINT-OS0140,2024-03-08T16:51:39,System,C0072
OS0141,Public Record,News Archive,REF-OSINT-OS0141,2024-12-24T05:51:25,System,C0072
OS0142,News,News Archive,REF-OSINT-OS0142,2024-11-29T18:11:35,System,C0072
OS0143,Web Source,Public Registry,REF-OSINT-OS0143,2024-05-24T03:38:22,Analyst User,C0073
OS0144,News,Social Platform,REF-OSINT-OS0144,2024-12-14T09:28:17,Analyst User,C0073
OS0145,Public Record,Social Platform,REF-OSINT-OS0145,2024-01-22T23:27:50,Analyst User,C0073
OS0146,Web Source,Social Platform,REF-OSINT-OS0146,2024-09-01T12:11:45,System,C0073
OS0147,News,Social Platform,REF-OSINT-OS0147,2024-08-06T08:45:32,Analyst User,C0074
OS0148,News,Social Platform,REF-OSINT-OS0148,2024-07-25T00:43:01,System,C0074
OS0149,Business Listing,Social Platform,REF-OSINT-OS0149,2024-06-11T18:22:18,System,C0075
OS0150,Business Listing,Social Platform,REF-OSINT-OS0150,2024-01-25T14:18:52,Analyst User,C0075
OS0151,Public Record,News Archive,REF-OSINT-OS0151,2024-02-24T19:59:12,Analyst User,C0075
OS0152,Social Media,Business Directory,REF-OSINT-OS0152,2024-05-14T05:12:40,Analyst User,C0076
OS0153,Public Record,News Archive,REF-OSINT-OS0153,2024-06-12T23:34:21,System,C0076
OS0154,Public Record,Business Directory,REF-OSINT-OS0154,2024-02-23T01:48:46,System,C0076
OS0155,News,News Archive,REF-OSINT-OS0155,2024-02-01T18:32:52,Analyst User,C0077
OS0156,Forum Reference,Social Platform,REF-OSINT-OS0156,2024-04-03T16:19:47,Analyst User,C0077
OS0157,Social Media,Social Platform,REF-OSINT-OS0157,2024-05-14T07:32:22,Analyst User,C0077
OS0158,Social Media,Public Registry,REF-OSINT-OS0158,2024-05-02T16:58:25,Analyst User,C0078
OS0159,Web Source,Business Directory,REF-OSINT-OS0159,2024-07-15T03:49:43,System,C0079
OS0160,Business Listing,Public Registry,REF-OSINT-OS0160,2024-05-05T15:53:53,System,C0079
OS0161,Forum Reference,Business Directory,REF-OSINT-OS0161,2024-07-20T01:09:49,System,C0079
OS0162,Social Media,Public Registry,REF-OSINT-OS0162,2024-01-28T00:55:11,System,C0079
OS0163,News,Social Platform,REF-OSINT-OS0163,2024-03-20T11:48:06,Analyst User,C0080
OS0164,Business Listing,News Archive,REF-OSINT-OS0164,2024-01-11T04:44:18,System,C0080
OS0165,Social Media,Business Directory,REF-OSINT-OS0165,2024-06-16T23:25:04,System,C0080
OS0166,Web Source,Business Directory,REF-OSINT-OS0166,2024-05-15T23:29:53,System,C0080
OS0167,Public Record,News Archive,REF-OSINT-OS0167,2024-07-14T16:10:58,Analyst User,C0081
OS0168,Business Listing,Social Platform,REF-OSINT-OS0168,2024-08-12T14:44:11,System,C0082
OS0169,Social Media,Business Directory,REF-OSINT-OS0169,2024-06-21T22:25:15,Analyst User,C0083
OS0170,News,Social Platform,REF-OSINT-OS0170,2024-08-22T16:18:00,System,C0084
OS0171,Web Source,Public Registry,REF-OSINT-OS0171,2024-08-12T23:00:28,Analyst User,C0084
OS0172,News,Business Directory,REF-OSINT-OS0172,2024-07-08T04:32:47,Analyst User,C0084
OS0173,Social Media,Public Registry,REF-OSINT-OS0173,2024-12-17T03:47:55,System,C0085
OS0174,Business Listing,News Archive,REF-OSINT-OS0174,2024-06-24T16:04:04,Analyst User,C0086
OS0175,Web Source,Public Registry,REF-OSINT-OS0175,2024-04-25T05:33:41,Analyst User,C0086
OS0176,News,Social Platform,REF-OSINT-OS0176,2024-06-21T21:45:09,Analyst User,C0086
OS0177,News,Business Directory,REF-OSINT-OS0177,2024-05-16T11:39:05,System,C0086
OS0178,Business Listing,Social Platform,REF-OSINT-OS0178,2024-02-09T22:28:31,Analyst User,C0087
OS0179,Forum Reference,Public Registry,REF-OSINT-OS0179,2024-06-20T00:56:41,Analyst User,C0088
OS0180,Business Listing,Public Registry,REF-OSINT-OS0180,2024-10-31T14:02:52,Analyst User,C0088
OS0181,Public Record,Social Platform,REF-OSINT-OS0181,2024-02-10T22:50:43,System,C0088
OS0182,News,Public Registry,REF-OSINT-OS0182,2024-11-13T06:32:46,System,C0088
OS0183,Forum Reference,Social Platform,REF-OSINT-OS0183,2024-09-05T00:59:15,System,C0089
OS0184,Web Source,News Archive,REF-OSINT-OS0184,2024-12-19T07:02:33,System,C0089
OS0185,Forum Reference,Public Registry,REF-OSINT-OS0185,2024-08-05T05:27:38,System,C0089
OS0186,Business Listing,Business Directory,REF-OSINT-OS0186,2024-04-06T15:31:01,System,C0090
OS0187,Business Listing,Social Platform,REF-OSINT-OS0187,2024-08-17T23:07:08,System,C0091
OS0188,News,Social Platform,REF-OSINT-OS0188,2024-08-18T01:58:37,System,C0091
OS0189,Public Record,Business Directory,REF-OSINT-OS0189,2024-08-04T02:17:46,Analyst User,C0091
OS0190,Public Record,News Archive,REF-OSINT-OS0190,2024-08-29T11:29:42,System,C0091
OS0191,News,News Archive,REF-OSINT-OS0191,2024-08-29T23:07:28,Analyst User,C0092
OS0192,Social Media,Public Registry,REF-OSINT-OS0192,2024-05-10T19:27:23,Analyst User,C0093
OS0193,Business Listing,Business Directory,REF-OSINT-OS0193,2024-11-29T13:46:52,Analyst User,C0093
OS0194,Business Listing,News Archive,REF-OSINT-OS0194,2024-10-12T06:57:33,Analyst User,C0094
OS0195,Public Record,Public Registry,REF-OSINT-OS0195,2024-07-07T17:35:37,Analyst User,C0094
OS0196,Public Record,Social Platform,REF-OSINT-OS0196,2024-04-14T07:18:23,System,C0095
OS0197,News,News Archive,REF-OSINT-OS0197,2024-02-24T06:11:49,System,C0096
OS0198,News,News Archive,REF-OSINT-OS0198,2024-05-28T07:40:01,System,C0096
OS0199,Public Record,Public Registry,REF-OSINT-OS0199,2024-06-15T00:36:27,System,C0096
OS0200,Business Listing,News Archive,REF-OSINT-OS0200,2024-04-17T23:33:20,Analyst User,C0096
OS0201,Public Record,News Archive,REF-OSINT-OS0201,2024-05-12T09:30:36,System,C0097
OS0202,Social Media,Social Platform,REF-OSINT-OS0202,2024-03-10T22:08:36,System,C0098
OS0203,Web Source,Business Directory,REF-OSINT-OS0203,2024-09-20T03:48:56,Analyst User,C0099
OS0204,Public Record,Public Registry,REF-OSINT-OS0204,2024-08-23T05:38:22,System,C0100
OS0205,Public Record,News Archive,REF-OSINT-OS0205,2024-08-17T21:21:09,System,C0101
OS0206,News,Business Directory,REF-OSINT-OS0206,2024-07-19T09:20:14,Analyst User,C0102
OS0207,News,Social Platform,REF-OSINT-OS0207,2024-07-30T02:54:01,System,C0103
OS0208,Web Source,Public Registry,REF-OSINT-OS0208,2024-10-11T14:56:04,System,C0103
OS0209,News,Public Registry,REF-OSINT-OS0209,2024-08-21T01:45:14,Analyst User,C0103
OS0210,Business Listing,News Archive,REF-OSINT-OS0210,2024-08-20T00:05:27,Analyst User,C0103
OS0211,Social Media,News Archive,REF-OSINT-OS0211,2024-03-30T21:19:02,Analyst User,C0104
OS0212,Forum Reference,News Archive,REF-OSINT-OS0212,2024-10-19T06:21:56,Analyst User,C0104
OS0213,Business Listing,Business Directory,REF-OSINT-OS0213,2024-10-19T08:27:52,System,C0104
OS0214,Forum Reference,Social Platform,REF-OSINT-OS0214,2024-08-03T16:29:04,System,C0105
OS0215,Social Media,News Archive,REF-OSINT-OS0215,2024-05-22T03:28:17,Analyst User,C0106
OS0216,Business Listing,Public Registry,REF-OSINT-OS0216,2024-04-23T07:29:21,System,C0106
OS0217,Web Source,Social Platform,REF-OSINT-OS0217,2024-07-06T18:43:53,System,C0106
OS0218,Public Record,Public Registry,REF-OSINT-OS0218,2024-08-20T07:06:11,System,C0107
OS0219,Public Record,Business Directory,REF-OSINT-OS0219,2024-04-26T03:46:14,System,C0108
OS0220,Forum Reference,Public Registry,REF-OSINT-OS0220,2024-03-24T01:52:51,System,C0108
OS0221,Web Source,Business Directory,REF-OSINT-OS0221,2024-02-26T12:01:04,Analyst User,C0109
OS0222,Business Listing,Public Registry,REF-OSINT-OS0222,2024-02-27T10:12:48,System,C0110
OS0223,Web Source,News Archive,REF-OSINT-OS0223,2024-07-06T15:44:38,Analyst User,C0111
OS0224,Public Record,Business Directory,REF-OSINT-OS0224,2024-08-24T13:24:39,Analyst User,C0112
OS0225,Social Media,News Archive,REF-OSINT-OS0225,2024-09-10T13:52:15,Analyst User,C0112
OS0226,Social Media,Social Platform,REF-OSINT-OS0226,2024-09-12T09:40:07,System,C0113
OS0227,Public Record,Social Platform,REF-OSINT-OS0227,2024-03-12T13:56:16,Analyst User,C0114
OS0228,Social Media,News Archive,REF-OSINT-OS0228,2024-08-26T23:14:32,System,C0115
OS0229,News,Business Directory,REF-OSINT-OS0229,2024-08-29T08:19:15,Analyst User,C0116
OS0230,Web Source,Public Registry,REF-OSINT-OS0230,2024-08-04T17:07:59,Analyst User,C0116
OS0231,Public Record,News Archive,REF-OSINT-OS0231,2024-07-28T02:51:43,Analyst User,C0116
OS0232,Web Source,News Archive,REF-OSINT-OS0232,2024-07-26T16:04:11,System,C0116
OS0233,Web Source,Social Platform,REF-OSINT-OS0233,2024-06-05T09:34:22,System,C0117
OS0234,News,Public Registry,REF-OSINT-OS0234,2024-04-28T17:38:34,Analyst User,C0117
OS0235,Forum Reference,Social Platform,REF-OSINT-OS0235,2024-06-01T02:18:38,System,C0117
OS0236,News,Public Registry,REF-OSINT-OS0236,2024-02-16T18:17:14,Analyst User,C0118
OS0237,Public Record,Business Directory,REF-OSINT-OS0237,2024-03-31T03:17:46,Analyst User,C0119
OS0238,Public Record,Social Platform,REF-OSINT-OS0238,2024-07-02T17:06:21,System,C0120
OS0239,Forum Reference,Social Platform,REF-OSINT-OS0239,2024-10-05T23:32:41,System,C0121
OS0240,Public Record,Public Registry,REF-OSINT-OS0240,2024-04-20T22:13:17,System,C0121
OS0241,Forum Reference,Business Directory,REF-OSINT-OS0241,2024-08-06T11:59:32,Analyst User,C0121
OS0242,News,News Archive,REF-OSINT-OS0242,2024-01-20T02:34:31,Analyst User,C0122
OS0243,News,News Archive,REF-OSINT-OS0243,2024-06-27T03:56:20,System,C0123
OS0244,Forum Reference,Business Directory,REF-OSINT-OS0244,2024-06-21T08:27:26,Analyst User,C0124
OS0245,News,Social Platform,REF-OSINT-OS0245,2024-07-30T00:06:26,Analyst User,C0125
OS0246,News,Public Registry,REF-OSINT-OS0246,2024-09-18T16:50:24,Analyst User,C0125
OS0247,Web Source,Business Directory,REF-OSINT-OS0247,2024-08-28T18:23:25,Analyst User,C0125
OS0248,Social Media,News Archive,REF-OSINT-OS0248,2024-08-24T05:39:26,System,C0126
OS0249,Public Record,Business Directory,REF-OSINT-OS0249,2024-08-22T19:37:58,Analyst User,C0127
OS0250,News,Business Directory,REF-OSINT-OS0250,2024-06-24T09:27:05,Analyst User,C0127
OS0251,Forum Reference,Business Directory,REF-OSINT-OS0251,2024-11-06T07:51:05,System,C0127
OS0252,Social Media,Public Registry,REF-OSINT-OS0252,2024-09-18T12:39:00,System,C0127
OS0253,Web Source,Public Registry,REF-OSINT-OS0253,2024-10-14T00:18:31,System,C0128
OS0254,News,Business Directory,REF-OSINT-OS0254,2024-08-17T18:35:38,System,C0129
OS0255,News,News Archive,REF-OSINT-OS0255,2024-03-10T06:52:02,System,C0130
OS0256,News,News Archive,REF-OSINT-OS0256,2024-06-23T14:07:56,Analyst User,C0130
OS0257,Web Source,Public Registry,REF-OSINT-OS0257,2024-07-05T04:54:52,Analyst User,C0130
OS0258,Public Record,Business Directory,REF-OSINT-OS0258,2024-08-21T17:21:07,System,C0130
OS0259,Web Source,Public Registry,REF-OSINT-OS0259,2024-07-19T21:17:14,System,C0131
OS0260,Web Source,Business Directory,REF-OSINT-OS0260,2024-02-20T21:24:33,Analyst User,C0132
OS0261,Web Source,Business Directory,REF-OSINT-OS0261,2024-08-20T16:23:59,Analyst User,C0132
OS0262,Web Source,Public Registry,REF-OSINT-OS0262,2024-05-20T12:59:46,System,C0132
OS0263,Social Media,Business Directory,REF-OSINT-OS0263,2024-04-04T06:49:07,Analyst User,C0132
OS0264,Public Record,Business Directory,REF-OSINT-OS0264,2024-10-21T08:26:19,Analyst User,C0133
OS0265,Business Listing,Business Directory,REF-OSINT-OS0265,2024-07-14T10:33:03,System,C0134
OS0266,News,Social Platform,REF-OSINT-OS0266,2024-06-22T01:28:51,System,C0135
OS0267,Public Record,Public Registry,REF-OSINT-OS0267,2024-01-06T18:34:53,Analyst User,C0136
OS0268,Business Listing,News Archive,REF-OSINT-OS0268,2024-05-06T07:38:42,System,C0136
OS0269,Business Listing,Public Registry,REF-OSINT-OS0269,2024-10-11T12:19:15,System,C0137
OS0270,Business Listing,News Archive,REF-OSINT-OS0270,2024-12-22T03:01:31,Analyst User,C0137
OS0271,Public Record,Public Registry,REF-OSINT-OS0271,2024-12-28T01:11:32,Analyst User,C0137
OS0272,Public Record,News Archive,REF-OSINT-OS0272,2024-04-04T18:10:26,System,C0137
OS0273,Social Media,News Archive,REF-OSINT-OS0273,2024-10-26T10:12:09,Analyst User,C0138
OS0274,Social Media,Public Registry,REF-OSINT-OS0274,2024-08-05T10:05:37,System,C0138
OS0275,Public Record,Social Platform,REF-OSINT-OS0275,2024-07-18T09:13:58,Analyst User,C0139
OS0276,Business Listing,Business Directory,REF-OSINT-OS0276,2024-11-10T17:54:28,Analyst User,C0139
OS0277,Public Record,News Archive,REF-OSINT-OS0277,2024-10-27T01:42:03,Analyst User,C0139
OS0278,Public Record,Business Directory,REF-OSINT-OS0278,2024-12-25T12:53:29,System,C0139
OS0279,Business Listing,Public Registry,REF-OSINT-OS0279,2024-05-12T05:56:50,Analyst User,C0140
OS0280,Social Media,News Archive,REF-OSINT-OS0280,2024-08-27T08:37:19,Analyst User,C0140
OS0281,Business Listing,Business Directory,REF-OSINT-OS0281,2024-07-20T16:18:01,Analyst User,C0140
OS0282,Forum Reference,Business Directory,REF-OSINT-OS0282,2024-08-29T21:56:29,System,C0141
OS0283,Business Listing,Business Directory,REF-OSINT-OS0283,2024-08-29T10:31:02,Analyst User,C0141
OS0284,Social Media,Business Directory,REF-OSINT-OS0284,2024-08-31T01:41:26,System,C0141
OS0285,Social Media,Public Registry,REF-OSINT-OS0285,2024-08-26T05:22:04,Analyst User,C0141
OS0286,Business Listing,Business Directory,REF-OSINT-OS0286,2024-11-22T14:09:14,System,C0142
OS0287,Public Record,Business Directory,REF-OSINT-OS0287,2024-07-24T19:50:03,System,C0143
OS0288,Business Listing,Social Platform,REF-OSINT-OS0288,2024-03-14T13:53:19,System,C0144
OS0289,Business Listing,Business Directory,REF-OSINT-OS0289,2024-05-18T13:54:56,Analyst User,C0144
OS0290,Web Source,Public Registry,REF-OSINT-OS0290,2024-07-27T15:38:08,Analyst User,C0144
OS0291,Social Media,Business Directory,REF-OSINT-OS0291,2024-08-30T20:38:43,Analyst User,C0144
OS0292,News,News Archive,REF-OSINT-OS0292,2024-01-11T09:02:49,Analyst User,C0145
OS0293,Public Record,Social Platform,REF-OSINT-OS0293,2024-01-29T20:41:01,System,C0145
OS0294,News,Public Registry,REF-OSINT-OS0294,2024-01-19T01:27:12,System,C0145
OS0295,Web Source,Business Directory,REF-OSINT-OS0295,2024-01-30T15:17:23,System,C0145
OS0296,Forum Reference,Business Directory,REF-OSINT-OS0296,2024-07-26T17:47:48,Analyst User,C0146
OS0297,Business Listing,Social Platform,REF-OSINT-OS0297,2024-07-05T18:21:52,Analyst User,C0147
OS0298,Business Listing,Business Directory,REF-OSINT-OS0298,2024-07-12T03:48:13,Analyst User,C0147
OS0299,Business Listing,Business Directory,REF-OSINT-OS0299,2024-07-11T23:36:39,System,C0147
OS0300,Business Listing,News Archive,REF-OSINT-OS0300,2024-07-08T05:49:19,System,C0147
OS0301,Social Media,Social Platform,REF-OSINT-OS0301,2024-09-05T07:03:20,Analyst User,C0148
OS0302,Social Media,News Archive,REF-OSINT-OS0302,2024-01-22T09:56:49,System,C0149
OS0303,Public Record,Public Registry,REF-OSINT-OS0303,2024-05-08T11:21:53,Analyst User,C0149
OS0304,Public Record,News Archive,REF-OSINT-OS0304,2024-06-28T10:30:05,System,C0149
OS0305,Social Media,Social Platform,REF-OSINT-OS0305,2024-05-17T21:09:10,Analyst User,C0149
OS0306,Social Media,Social Platform,REF-OSINT-OS0306,2024-06-16T22:45:52,System,C0150
OS0307,Business Listing,News Archive,REF-OSINT-OS0307,2024-05-05T08:43:10,Analyst User,C0150
OS0308,Social Media,Public Registry,REF-OSINT-OS0308,2024-01-31T17:47:25,System,C0150
OS0309,Forum Reference,Public Registry,REF-OSINT-OS0309,2024-04-13T23:29:12,System,C0150
OS0310,News,News Archive,REF-OSINT-OS0310,2024-03-28T09:52:07,System,C0151
OS0311,News,Business Directory,REF-OSINT-OS0311,2024-03-16T15:45:04,System,C0152
OS0312,Public Record,Social Platform,REF-OSINT-OS0312,2024-07-31T11:29:09,Analyst User,C0153
OS0313,News,Business Directory,REF-OSINT-OS0313,2024-07-30T15:01:43,System,C0153
OS0314,News,Social Platform,REF-OSINT-OS0314,2024-08-12T01:38:27,System,C0154
OS0315,Public Record,Social Platform,REF-OSINT-OS0315,2024-04-06T07:14:37,Analyst User,C0154
OS0316,Business Listing,Social Platform,REF-OSINT-OS0316,2024-07-09T09:01:30,System,C0155
OS0317,Forum Reference,Business Directory,REF-OSINT-OS0317,2024-06-29T10:04:51,Analyst User,C0155
OS0318,Public Record,Social Platform,REF-OSINT-OS0318,2024-07-30T19:57:08,Analyst User,C0156
OS0319,Public Record,Public Registry,REF-OSINT-OS0319,2024-08-16T08:24:34,System,C0156
OS0320,Forum Reference,Social Platform,REF-OSINT-OS0320,2024-08-30T11:12:42,System,C0156
OS0321,Social Media,Business Directory,REF-OSINT-OS0321,2024-08-12T16:18:32,System,C0156
OS0322,Social Media,Social Platform,REF-OSINT-OS0322,2024-05-30T02:11:04,Analyst User,C0157
OS0323,News,Social Platform,REF-OSINT-OS0323,2024-12-02T12:39:54,System,C0158
OS0324,Social Media,Public Registry,REF-OSINT-OS0324,2024-11-03T01:17:22,Analyst User,C0159
OS0325,Social Media,Social Platform,REF-OSINT-OS0325,2024-08-08T21:52:03,System,C0159
OS0326,Forum Reference,Public Registry,REF-OSINT-OS0326,2024-07-02T22:34:35,Analyst User,C0159
OS0327,Web Source,Public Registry,REF-OSINT-OS0327,2024-07-28T21:26:57,Analyst User,C0160
OS0328,News,News Archive,REF-OSINT-OS0328,2024-08-11T19:39:10,Analyst User,C0161
OS0329,News,News Archive,REF-OSINT-OS0329,2024-06-13T17:53:12,Analyst User,C0161
OS0330,News,Social Platform,REF-OSINT-OS0330,2024-04-03T05:38:21,Analyst User,C0161
OS0331,News,Social Platform,REF-OSINT-OS0331,2024-07-24T03:16:08,Analyst User,C0162
OS0332,Public Record,Business Directory,REF-OSINT-OS0332,2024-06-28T23:28:10,System,C0162
OS0333,Forum Reference,News Archive,REF-OSINT-OS0333,2024-07-19T14:49:21,System,C0162
OS0334,Web Source,Business Directory,REF-OSINT-OS0334,2024-05-07T12:37:50,Analyst User,C0163
OS0335,Forum Reference,Business Directory,REF-OSINT-OS0335,2024-05-13T16:47:14,Analyst User,C0164
OS0336,Web Source,Social Platform,REF-OSINT-OS0336,2024-01-03T16:52:04,Analyst User,C0165
OS0337,Forum Reference,Social Platform,REF-OSINT-OS0337,2024-05-03T01:54:20,System,C0165
OS0338,Social Media,Public Registry,REF-OSINT-OS0338,2024-12-30T04:58:56,System,C0166
OS0339,Social Media,Business Directory,REF-OSINT-OS0339,2024-12-02T01:13:12,Analyst User,C0166
OS0340,Social Media,Social Platform,REF-OSINT-OS0340,2024-05-16T03:05:54,Analyst User,C0166
OS0341,Business Listing,News Archive,REF-OSINT-OS0341,2024-04-21T12:38:19,Analyst User,C0166
OS0342,Web Source,Social Platform,REF-OSINT-OS0342,2024-12-28T19:12:02,System,C0167
OS0343,Web Source,Business Directory,REF-OSINT-OS0343,2024-11-19T03:51:08,Analyst User,C0168
OS0344,Web Source,Business Directory,REF-OSINT-OS0344,2024-03-30T21:45:05,Analyst User,C0169
OS0345,Public Record,News Archive,REF-OSINT-OS0345,2024-08-27T14:52:40,System,C0170
OS0346,Forum Reference,Public Registry,REF-OSINT-OS0346,2024-05-13T16:20:24,Analyst User,C0170
OS0347,Business Listing,Social Platform,REF-OSINT-OS0347,2024-04-03T17:34:43,System,C0170
OS0348,Public Record,Public Registry,REF-OSINT-OS0348,2024-06-05T16:16:50,System,C0170
OS0349,Social Media,Business Directory,REF-OSINT-OS0349,2024-05-17T04:50:04,System,C0171
OS0350,Forum Reference,Social Platform,REF-OSINT-OS0350,2024-08-30T13:50:30,System,C0171
OS0351,Business Listing,Public Registry,REF-OSINT-OS0351,2024-04-15T08:05:52,System,C0171
OS0352,News,Public Registry,REF-OSINT-OS0352,2024-07-18T04:05:08,System,C0172
OS0353,Web Source,Public Registry,REF-OSINT-OS0353,2024-06-01T00:51:36,System,C0173
OS0354,Public Record,Social Platform,REF-OSINT-OS0354,2024-08-19T03:44:35,System,C0174
OS0355,Business Listing,News Archive,REF-OSINT-OS0355,2024-05-02T17:34:13,System,C0174
OS0356,Web Source,Social Platform,REF-OSINT-OS0356,2024-08-28T07:27:05,Analyst User,C0175
OS0357,News,News Archive,REF-OSINT-OS0357,2024-04-28T18:33:41,System,C0176
OS0358,Forum Reference,News Archive,REF-OSINT-OS0358,2024-08-10T05:37:30,Analyst User,C0177
OS0359,Web Source,Public Registry,REF-OSINT-OS0359,2024-08-10T03:33:27,Analyst User,C0177
OS0360,Public Record,News Archive,REF-OSINT-OS0360,2024-08-09T14:45:13,System,C0178
OS0361,Public Record,Public Registry,REF-OSINT-OS0361,2024-08-31T18:25:33,Analyst User,C0178
OS0362,News,Public Registry,REF-OSINT-OS0362,2024-12-19T23:04:31,System,C0178
OS0363,News,News Archive,REF-OSINT-OS0363,2024-05-21T04:25:32,Analyst User,C0179
OS0364,Social Media,Business Directory,REF-OSINT-OS0364,2024-07-14T02:43:23,System,C0180
OS0365,Web Source,Social Platform,REF-OSINT-OS0365,2024-10-18T11:13:52,System,C0181
OS0366,Social Media,Public Registry,REF-OSINT-OS0366,2024-04-29T12:31:01,System,C0181
OS0367,Web Source,Social Platform,REF-OSINT-OS0367,2024-05-02T06:03:54,System,C0181
OS0368,Business Listing,News Archive,REF-OSINT-OS0368,2024-08-16T14:26:58,Analyst User,C0182
OS0369,Web Source,News Archive,REF-OSINT-OS0369,2024-05-11T19:49:31,System,C0183
OS0370,Public Record,Business Directory,REF-OSINT-OS0370,2024-07-17T10:34:38,Analyst User,C0183
OS0371,Social Media,Public Registry,REF-OSINT-OS0371,2024-08-14T00:23:55,System,C0184
OS0372,Web Source,News Archive,REF-OSINT-OS0372,2025-08-01T02:29:46,System,C0185
OS0373,Web Source,Social Platform,REF-OSINT-OS0373,2025-07-21T17:32:42,System,C0186
OS0374,Web Source,Public Registry,REF-OSINT-OS0374,2025-08-31T10:22:17,Analyst User,C0187
OS0375,Forum Reference,Social Platform,REF-OSINT-OS0375,2025-03-07T05:58:59,Analyst User,C0187
OS0376,Public Record,Social Platform,REF-OSINT-OS0376,2025-11-28T22:03:38,Analyst User,C0187
OS0377,Social Media,News Archive,REF-OSINT-OS0377,2025-11-19T20:02:55,System,C0187
OS0378,News,Business Directory,REF-OSINT-OS0378,2025-08-17T23:33:01,System,C0188
OS0379,Forum Reference,News Archive,REF-OSINT-OS0379,2025-05-12T17:22:58,System,C0188
OS0380,Forum Reference,Social Platform,REF-OSINT-OS0380,2025-12-05T03:42:55,Analyst User,C0188
OS0381,Social Media,Social Platform,REF-OSINT-OS0381,2025-08-27T14:42:05,System,C0189
OS0382,Social Media,News Archive,REF-OSINT-OS0382,2025-08-27T22:40:39,Analyst User,C0189
OS0383,Business Listing,News Archive,REF-OSINT-OS0383,2025-09-26T18:33:55,Analyst User,C0189
OS0384,Forum Reference,Public Registry,REF-OSINT-OS0384,2025-04-18T14:13:43,System,C0190
OS0385,Business Listing,Public Registry,REF-OSINT-OS0385,2025-01-22T07:00:29,System,C0191
OS0386,Business Listing,Public Registry,REF-OSINT-OS0386,2025-08-03T15:13:41,Analyst User,C0192
OS0387,Forum Reference,News Archive,REF-OSINT-OS0387,2025-07-13T02:27:30,Analyst User,C0192
OS0388,Social Media,News Archive,REF-OSINT-OS0388,2025-07-15T13:14:25,System,C0192
OS0389,Business Listing,News Archive,REF-OSINT-OS0389,2025-07-22T19:37:15,Analyst User,C0193
OS0390,Social Media,News Archive,REF-OSINT-OS0390,2025-07-29T04:25:50,System,C0193
OS0391,Business Listing,Social Platform,REF-OSINT-OS0391,2025-03-27T02:25:02,Analyst User,C0194
OS0392,Forum Reference,Public Registry,REF-OSINT-OS0392,2025-07-30T12:00:11,System,C0195
OS0393,News,News Archive,REF-OSINT-OS0393,2025-08-25T18:03:06,System,C0196
OS0394,Web Source,News Archive,REF-OSINT-OS0394,2025-06-30T11:29:42,Analyst User,C0196
OS0395,Public Record,Social Platform,REF-OSINT-OS0395,2025-07-08T12:05:00,Analyst User,C0197
OS0396,Social Media,Business Directory,REF-OSINT-OS0396,2025-08-19T11:06:34,Analyst User,C0198
OS0397,News,Social Platform,REF-OSINT-OS0397,2025-05-05T13:37:14,Analyst User,C0198
OS0398,News,Public Registry,REF-OSINT-OS0398,2025-07-27T00:18:42,System,C0198
OS0399,Web Source,Social Platform,REF-OSINT-OS0399,2025-05-29T21:04:40,Analyst User,C0198
OS0400,Public Record,Business Directory,REF-OSINT-OS0400,2025-06-21T17:53:53,System,C0199
OS0401,Business Listing,Public Registry,REF-OSINT-OS0401,2025-06-30T12:53:56,Analyst User,C0200
OS0402,Forum Reference,News Archive,REF-OSINT-OS0402,2025-12-24T18:49:01,System,C0201
OS0403,Business Listing,Business Directory,REF-OSINT-OS0403,2025-08-13T12:50:33,System,C0201
OS0404,Forum Reference,Social Platform,REF-OSINT-OS0404,2025-09-21T16:49:36,Analyst User,C0201
OS0405,Forum Reference,Public Registry,REF-OSINT-OS0405,2025-05-05T20:24:14,Analyst User,C0201
OS0406,News,News Archive,REF-OSINT-OS0406,2025-05-31T04:13:49,Analyst User,C0202
OS0407,Social Media,Public Registry,REF-OSINT-OS0407,2025-08-24T21:37:33,Analyst User,C0202
OS0408,Forum Reference,Social Platform,REF-OSINT-OS0408,2025-05-22T01:39:00,System,C0202
OS0409,Public Record,News Archive,REF-OSINT-OS0409,2025-07-03T12:55:02,Analyst User,C0202
OS0410,Public Record,Public Registry,REF-OSINT-OS0410,2025-02-25T07:13:01,Analyst User,C0203
OS0411,Public Record,Business Directory,REF-OSINT-OS0411,2025-08-20T21:46:08,Analyst User,C0204
OS0412,Social Media,News Archive,REF-OSINT-OS0412,2025-07-20T11:45:07,Analyst User,C0204
OS0413,Business Listing,Business Directory,REF-OSINT-OS0413,2025-07-07T12:58:17,Analyst User,C0204
OS0414,Social Media,Public Registry,REF-OSINT-OS0414,2025-05-17T07:42:46,System,C0205
OS0415,Forum Reference,Business Directory,REF-OSINT-OS0415,2025-05-01T14:54:08,Analyst User,C0205
OS0416,News,Public Registry,REF-OSINT-OS0416,2025-06-14T23:28:44,Analyst User,C0205
OS0417,News,Public Registry,REF-OSINT-OS0417,2025-12-01T19:54:17,System,C0206
OS0418,Web Source,Social Platform,REF-OSINT-OS0418,2025-12-28T21:59:11,System,C0207
OS0419,Web Source,News Archive,REF-OSINT-OS0419,2025-03-16T02:46:22,System,C0207
OS0420,Business Listing,Social Platform,REF-OSINT-OS0420,2025-08-31T15:10:52,System,C0208
OS0421,Forum Reference,News Archive,REF-OSINT-OS0421,2025-08-22T16:38:22,Analyst User,C0209
OS0422,Public Record,News Archive,REF-OSINT-OS0422,2025-07-06T22:31:04,System,C0209
OS0423,Public Record,News Archive,REF-OSINT-OS0423,2025-05-26T02:15:08,System,C0209
OS0424,Social Media,Business Directory,REF-OSINT-OS0424,2025-09-15T11:08:41,System,C0210
OS0425,Business Listing,Business Directory,REF-OSINT-OS0425,2025-07-07T16:23:24,System,C0211
OS0426,Business Listing,Social Platform,REF-OSINT-OS0426,2025-03-06T20:24:54,Analyst User,C0211
OS0427,Forum Reference,Public Registry,REF-OSINT-OS0427,2025-07-15T22:40:47,System,C0211
OS0428,News,Business Directory,REF-OSINT-OS0428,2025-04-29T17:09:17,Analyst User,C0212
OS0429,Social Media,Business Directory,REF-OSINT-OS0429,2025-02-01T09:20:42,Analyst User,C0213
OS0430,Forum Reference,Business Directory,REF-OSINT-OS0430,2025-09-22T21:32:18,System,C0213
OS0431,Business Listing,News Archive,REF-OSINT-OS0431,2025-11-07T07:01:39,Analyst User,C0213
OS0432,News,Business Directory,REF-OSINT-OS0432,2025-01-24T03:01:44,System,C0214
OS0433,Business Listing,Social Platform,REF-OSINT-OS0433,2025-07-29T20:41:49,System,C0215
OS0434,Social Media,Social Platform,REF-OSINT-OS0434,2025-06-05T13:48:20,System,C0216
OS0435,Business Listing,Public Registry,REF-OSINT-OS0435,2025-07-09T17:24:13,Analyst User,C0217
OS0436,Public Record,Public Registry,REF-OSINT-OS0436,2025-04-30T23:24:08,Analyst User,C0218
OS0437,Public Record,News Archive,REF-OSINT-OS0437,2025-03-25T04:06:55,Analyst User,C0218
OS0438,News,Social Platform,REF-OSINT-OS0438,2025-06-16T09:17:12,System,C0219
OS0439,Web Source,Social Platform,REF-OSINT-OS0439,2025-06-03T12:10:36,Analyst User,C0220
OS0440,Public Record,News Archive,REF-OSINT-OS0440,2025-04-26T02:15:26,System,C0221
OS0441,Business Listing,Business Directory,REF-OSINT-OS0441,2025-04-11T04:07:19,Analyst User,C0222
OS0442,Public Record,Business Directory,REF-OSINT-OS0442,2025-04-04T17:19:52,System,C0223
OS0443,Business Listing,Business Directory,REF-OSINT-OS0443,2025-05-30T02:49:06,Analyst User,C0223
OS0444,News,Public Registry,REF-OSINT-OS0444,2025-04-08T07:41:40,Analyst User,C0223
OS0445,Social Media,Public Registry,REF-OSINT-OS0445,2025-07-04T23:43:08,System,C0223
OS0446,Business Listing,Business Directory,REF-OSINT-OS0446,2025-05-09T03:50:28,Analyst User,C0224
OS0447,News,Social Platform,REF-OSINT-OS0447,2025-08-01T18:58:25,System,C0224
OS0448,Forum Reference,Public Registry,REF-OSINT-OS0448,2025-03-01T17:48:34,System,C0224
OS0449,Forum Reference,Social Platform,REF-OSINT-OS0449,2025-11-09T02:22:16,System,C0225
OS0450,News,Business Directory,REF-OSINT-OS0450,2025-05-13T17:02:48,Analyst User,C0226
OS0451,News,Social Platform,REF-OSINT-OS0451,2025-07-24T00:48:41,System,C0227
OS0452,Web Source,Public Registry,REF-OSINT-OS0452,2025-04-29T07:01:50,System,C0228
OS0453,Business Listing,Public Registry,REF-OSINT-OS0453,2025-06-06T13:10:34,System,C0229
OS0454,Forum Reference,Public Registry,REF-OSINT-OS0454,2025-08-01T07:43:32,Analyst User,C0229
OS0455,News,Social Platform,REF-OSINT-OS0455,2025-07-27T12:43:05,Analyst User,C0229
OS0456,Forum Reference,News Archive,REF-OSINT-OS0456,2025-01-27T06:38:56,System,C0230
OS0457,Business Listing,Social Platform,REF-OSINT-OS0457,2025-07-25T08:49:00,System,C0231
OS0458,Forum Reference,Social Platform,REF-OSINT-OS0458,2025-07-29T12:01:33,Analyst User,C0231
OS0459,Public Record,Public Registry,REF-OSINT-OS0459,2025-02-23T13:31:30,Analyst User,C0231
OS0460,News,News Archive,REF-OSINT-OS0460,2025-03-11T15:30:37,System,C0231
OS0461,Business Listing,Business Directory,REF-OSINT-OS0461,2025-08-26T07:39:39,System,C0232
OS0462,Forum Reference,Public Registry,REF-OSINT-OS0462,2025-08-03T23:14:12,Analyst User,C0232
OS0463,News,Business Directory,REF-OSINT-OS0463,2025-05-20T09:56:32,Analyst User,C0233
OS0464,News,Business Directory,REF-OSINT-OS0464,2025-05-08T02:20:18,System,C0233
OS0465,Web Source,Business Directory,REF-OSINT-OS0465,2025-07-24T22:52:22,Analyst User,C0234
OS0466,Business Listing,Social Platform,REF-OSINT-OS0466,2025-04-03T10:43:02,Analyst User,C0235
OS0467,Forum Reference,Business Directory,REF-OSINT-OS0467,2025-10-19T06:14:49,System,C0236
OS0468,Business Listing,Social Platform,REF-OSINT-OS0468,2025-07-17T10:56:34,Analyst User,C0237
OS0469,Web Source,Public Registry,REF-OSINT-OS0469,2025-08-27T08:14:55,Analyst User,C0237
OS0470,Forum Reference,Social Platform,REF-OSINT-OS0470,2025-12-12T09:51:25,Analyst User,C0238
OS0471,Forum Reference,News Archive,REF-OSINT-OS0471,2025-01-15T19:12:47,Analyst User,C0238
OS0472,Public Record,Social Platform,REF-OSINT-OS0472,2025-02-22T15:27:30,System,C0239
OS0473,Public Record,Social Platform,REF-OSINT-OS0473,2025-10-23T16:27:53,Analyst User,C0239
OS0474,Business Listing,Business Directory,REF-OSINT-OS0474,2025-04-06T06:16:35,Analyst User,C0239
OS0475,Business Listing,News Archive,REF-OSINT-OS0475,2025-05-08T20:24:55,Analyst User,C0239
OS0476,News,News Archive,REF-OSINT-OS0476,2025-02-22T12:50:21,Analyst User,C0240
OS0477,Business Listing,Social Platform,REF-OSINT-OS0477,2025-08-17T10:30:23,System,C0241
OS0478,Forum Reference,News Archive,REF-OSINT-OS0478,2025-07-26T06:22:37,Analyst User,C0241
OS0479,News,Public Registry,REF-OSINT-OS0479,2025-08-26T21:09:53,System,C0241
OS0480,Public Record,Social Platform,REF-OSINT-OS0480,2025-06-21T01:19:54,Analyst User,C0241
OS0481,Social Media,Public Registry,REF-OSINT-OS0481,2025-06-18T03:22:04,System,C0242
OS0482,Social Media,News Archive,REF-OSINT-OS0482,2025-03-13T05:20:50,Analyst User,C0242
OS0483,Business Listing,Public Registry,REF-OSINT-OS0483,2025-08-28T18:16:40,Analyst User,C0242
OS0484,Forum Reference,News Archive,REF-OSINT-OS0484,2025-01-29T09:35:49,Analyst User,C0243
OS0485,Business Listing,Business Directory,REF-OSINT-OS0485,2025-08-30T12:43:00,Analyst User,C0244
OS0486,Business Listing,News Archive,REF-OSINT-OS0486,2025-04-25T18:26:20,System,C0244
OS0487,News,Social Platform,REF-OSINT-OS0487,2025-07-04T09:10:27,Analyst User,C0244
OS0488,Public Record,News Archive,REF-OSINT-OS0488,2025-06-07T00:43:32,Analyst User,C0245
OS0489,Web Source,Social Platform,REF-OSINT-OS0489,2025-07-14T17:11:28,System,C0246
OS0490,News,Business Directory,REF-OSINT-OS0490,2025-05-02T03:18:42,System,C0246
OS0491,Public Record,Public Registry,REF-OSINT-OS0491,2025-08-24T14:01:47,System,C0247
OS0492,Business Listing,Business Directory,REF-OSINT-OS0492,2025-07-30T01:48:23,System,C0248
OS0493,Web Source,News Archive,REF-OSINT-OS0493,2025-08-24T02:47:05,System,C0249
OS0494,Web Source,Public Registry,REF-OSINT-OS0494,2025-08-23T23:02:55,System,C0249
OS0495,Social Media,Public Registry,REF-OSINT-OS0495,2025-08-23T21:46:13,System,C0249
OS0496,News,Social Platform,REF-OSINT-OS0496,2025-08-24T11:13:11,Analyst User,C0250
OS0497,Forum Reference,Business Directory,REF-OSINT-OS0497,2025-04-22T16:34:02,Analyst User,C0251
OS0498,Social Media,Social Platform,REF-OSINT-OS0498,2025-02-23T08:29:36,System,C0251
OS0499,Forum Reference,News Archive,REF-OSINT-OS0499,2025-02-08T12:00:35,Analyst User,C0251
OS0500,Forum Reference,Public Registry,REF-OSINT-OS0500,2025-07-30T05:06:37,System,C0251
OS0501,Forum Reference,Social Platform,REF-OSINT-OS0501,2025-08-04T05:00:17,Analyst User,C0252
OS0502,Social Media,News Archive,REF-OSINT-OS0502,2025-08-20T17:17:16,System,C0252
OS0503,Social Media,Social Platform,REF-OSINT-OS0503,2025-08-25T11:42:18,Analyst User,C0253
OS0504,Web Source,Business Directory,REF-OSINT-OS0504,2025-08-24T04:16:04,System,C0253
OS0505,News,Business Directory,REF-OSINT-OS0505,2025-04-07T14:46:01,Analyst User,C0254
OS0506,Forum Reference,News Archive,REF-OSINT-OS0506,2025-02-24T07:59:37,Analyst User,C0254
OS0507,Forum Reference,Public Registry,REF-OSINT-OS0507,2025-06-02T17:36:03,Analyst User,C0255
OS0508,Business Listing,News Archive,REF-OSINT-OS0508,2025-08-23T17:09:22,System,C0256
OS0509,Public Record,News Archive,REF-OSINT-OS0509,2025-02-22T21:23:53,System,C0257
OS0510,Social Media,Public Registry,REF-OSINT-OS0510,2025-01-19T07:57:22,System,C0258
OS0511,Forum Reference,Public Registry,REF-OSINT-OS0511,2025-01-27T00:16:49,Analyst User,C0259
OS0512,Social Media,News Archive,REF-OSINT-OS0512,2025-08-30T18:54:00,Analyst User,C0259
OS0513,Web Source,Public Registry,REF-OSINT-OS0513,2025-02-26T21:43:26,System,C0259
OS0514,News,Public Registry,REF-OSINT-OS0514,2025-06-10T22:27:59,System,C0260
OS0515,Social Media,Public Registry,REF-OSINT-OS0515,2025-04-17T18:39:56,System,C0260
OS0516,Web Source,Social Platform,REF-OSINT-OS0516,2025-07-21T22:35:08,System,C0261
OS0517,Social Media,Public Registry,REF-OSINT-OS0517,2025-08-10T00:29:08,Analyst User,C0262
OS0518,Web Source,News Archive,REF-OSINT-OS0518,2025-11-24T08:16:08,Analyst User,C0263
OS0519,Business Listing,Public Registry,REF-OSINT-OS0519,2025-03-20T11:12:14,System,C0264
OS0520,Business Listing,News Archive,REF-OSINT-OS0520,2025-06-03T07:40:34,System,C0264
OS0521,Web Source,Business Directory,REF-OSINT-OS0521,2025-08-12T05:09:54,System,C0264
OS0522,News,Business Directory,REF-OSINT-OS0522,2025-06-11T11:24:32,Analyst User,C0264
OS0523,Forum Reference,News Archive,REF-OSINT-OS0523,2025-07-15T11:45:17,Analyst User,C0265
OS0524,Business Listing,Business Directory,REF-OSINT-OS0524,2025-08-07T18:54:35,Analyst User,C0266
OS0525,Public Record,News Archive,REF-OSINT-OS0525,2025-05-30T04:16:39,Analyst User,C0267
OS0526,Social Media,Social Platform,REF-OSINT-OS0526,2025-08-01T02:25:03,System,C0268
OS0527,Business Listing,Public Registry,REF-OSINT-OS0527,2025-09-30T01:18:15,System,C0268
OS0528,Business Listing,Public Registry,REF-OSINT-OS0528,2025-01-13T07:37:00,System,C0269
OS0529,Public Record,Business Directory,REF-OSINT-OS0529,2025-08-29T10:24:52,Analyst User,C0270
OS0530,Public Record,Business Directory,REF-OSINT-OS0530,2025-06-15T18:13:06,Analyst User,C0271
OS0531,News,Public Registry,REF-OSINT-OS0531,2025-07-20T10:02:38,System,C0272
OS0532,News,Social Platform,REF-OSINT-OS0532,2025-08-24T14:42:26,Analyst User,C0272
OS0533,Forum Reference,Public Registry,REF-OSINT-OS0533,2025-08-21T04:15:27,Analyst User,C0272
OS0534,News,Business Directory,REF-OSINT-OS0534,2025-07-25T17:16:29,Analyst User,C0272
OS0535,Business Listing,Social Platform,REF-OSINT-OS0535,2025-07-31T20:08:53,Analyst User,C0273
OS0536,Public Record,Social Platform,REF-OSINT-OS0536,2025-07-22T21:19:33,Analyst User,C0273
OS0537,Public Record,Social Platform,REF-OSINT-OS0537,2025-06-15T02:12:02,System,C0273
OS0538,Business Listing,Social Platform,REF-OSINT-OS0538,2025-06-09T13:53:50,System,C0273
OS0539,Web Source,News Archive,REF-OSINT-OS0539,2025-05-26T20:56:47,Analyst User,C0274
OS0540,Public Record,Business Directory,REF-OSINT-OS0540,2025-11-08T19:33:28,Analyst User,C0275
OS0541,Business Listing,Social Platform,REF-OSINT-OS0541,2025-08-01T10:40:33,System,C0276
OS0542,Social Media,Social Platform,REF-OSINT-OS0542,2025-06-17T17:32:45,System,C0277
OS0543,News,Social Platform,REF-OSINT-OS0543,2025-08-20T12:48:49,Analyst User,C0278
OS0544,Public Record,Business Directory,REF-OSINT-OS0544,2025-07-19T04:40:43,Analyst User,C0278
OS0545,Web Source,News Archive,REF-OSINT-OS0545,2025-01-11T02:47:24,Analyst User,C0279
OS0546,Business Listing,News Archive,REF-OSINT-OS0546,2025-03-28T04:47:51,System,C0279
OS0547,News,News Archive,REF-OSINT-OS0547,2025-12-07T02:27:55,Analyst User,C0280
OS0548,News,News Archive,REF-OSINT-OS0548,2025-07-31T03:18:39,Analyst User,C0281
OS0549,Web Source,Business Directory,REF-OSINT-OS0549,2025-11-08T11:50:31,Analyst User,C0282
OS0550,Public Record,Business Directory,REF-OSINT-OS0550,2025-04-11T23:00:06,Analyst User,C0283
OS0551,Forum Reference,News Archive,REF-OSINT-OS0551,2025-08-18T22:56:00,System,C0284
OS0552,News,Public Registry,REF-OSINT-OS0552,2025-06-14T13:35:01,System,C0285
OS0553,Social Media,News Archive,REF-OSINT-OS0553,2025-06-03T16:49:54,Analyst User,C0285
OS0554,Web Source,Business Directory,REF-OSINT-OS0554,2025-05-19T12:32:42,System,C0285
OS0555,Forum Reference,News Archive,REF-OSINT-OS0555,2025-08-04T12:31:39,System,C0286
OS0556,Social Media,Social Platform,REF-OSINT-OS0556,2025-05-27T02:46:30,Analyst User,C0286
OS0557,Public Record,News Archive,REF-OSINT-OS0557,2025-07-03T12:36:07,System,C0286
OS0558,Forum Reference,News Archive,REF-OSINT-OS0558,2025-02-10T09:32:06,System,C0287
OS0559,Business Listing,Business Directory,REF-OSINT-OS0559,2025-08-31T16:59:17,Analyst User,C0288
OS0560,Forum Reference,Public Registry,REF-OSINT-OS0560,2025-01-13T06:42:53,Analyst User,C0289
OS0561,Business Listing,News Archive,REF-OSINT-OS0561,2025-01-23T00:53:00,Analyst User,C0289
OS0562,Web Source,Social Platform,REF-OSINT-OS0562,2025-08-12T17:22:08,Analyst User,C0290
OS0563,Social Media,News Archive,REF-OSINT-OS0563,2025-08-19T16:54:01,Analyst User,C0290
OS0564,Business Listing,News Archive,REF-OSINT-OS0564,2025-03-18T23:38:36,System,C0291
OS0565,Business Listing,Social Platform,REF-OSINT-OS0565,2025-08-21T21:31:54,System,C0291
OS0566,Social Media,Business Directory,REF-OSINT-OS0566,2025-03-07T17:47:56,System,C0291
OS0567,Social Media,Public Registry,REF-OSINT-OS0567,2025-08-29T11:26:47,Analyst User,C0292
OS0568,Public Record,News Archive,REF-OSINT-OS0568,2025-10-30T17:35:46,System,C0293
OS0569,Social Media,Business Directory,REF-OSINT-OS0569,2025-08-11T14:55:12,Analyst User,C0294
OS0570,Social Media,Business Directory,REF-OSINT-OS0570,2025-05-19T00:33:14,System,C0294
OS0571,Business Listing,Public Registry,REF-OSINT-OS0571,2025-08-10T17:08:07,Analyst User,C0294
OS0572,Web Source,Business Directory,REF-OSINT-OS0572,2025-07-14T04:59:20,System,C0294
OS0573,Public Record,News Archive,REF-OSINT-OS0573,2025-07-30T08:50:02,System,C0295
OS0574,Forum Reference,Public Registry,REF-OSINT-OS0574,2025-10-06T23:51:17,Analyst User,C0295
OS0575,Business Listing,News Archive,REF-OSINT-OS0575,2025-08-05T08:44:24,Analyst User,C0295
OS0576,Forum Reference,Business Directory,REF-OSINT-OS0576,2025-02-06T08:10:53,Analyst User,C0295
OS0577,Social Media,Social Platform,REF-OSINT-OS0577,2025-09-12T00:36:41,System,C0296
OS0578,Social Media,Public Registry,REF-OSINT-OS0578,2025-08-27T23:26:40,Analyst User,C0296
OS0579,Web Source,Social Platform,REF-OSINT-OS0579,2025-02-12T10:15:07,System,C0296
OS0580,News,Public Registry,REF-OSINT-OS0580,2025-11-20T03:19:39,Analyst User,C0296
OS0581,Public Record,News Archive,REF-OSINT-OS0581,2025-03-20T14:31:46,System,C0297
OS0582,Business Listing,News Archive,REF-OSINT-OS0582,2025-02-14T11:34:11,System,C0298
OS0583,Public Record,Public Registry,REF-OSINT-OS0583,2025-08-27T02:12:57,System,C0299
OS0584,Forum Reference,News Archive,REF-OSINT-OS0584,2025-08-28T08:46:09,System,C0300
OS0585,News,Public Registry,REF-OSINT-OS0585,2025-12-18T15:38:10,Analyst User,C0301
OS0586,News,News Archive,REF-OSINT-OS0586,2025-12-08T10:09:43,Analyst User,C0302
OS0587,Social Media,Social Platform,REF-OSINT-OS0587,2025-01-28T12:47:49,System,C0302
OS0588,Public Record,Public Registry,REF-OSINT-OS0588,2025-10-04T16:36:19,System,C0302
OS0589,Forum Reference,News Archive,REF-OSINT-OS0589,2025-02-18T22:44:03,Analyst User,C0302
OS0590,Business Listing,Business Directory,REF-OSINT-OS0590,2025-11-30T10:20:35,Analyst User,C0303
OS0591,Social Media,Business Directory,REF-OSINT-OS0591,2025-03-01T20:04:00,System,C0304
OS0592,News,Social Platform,REF-OSINT-OS0592,2025-09-10T01:14:13,Analyst User,C0304
OS0593,Public Record,News Archive,REF-OSINT-OS0593,2025-07-29T05:24:31,System,C0304
OS0594,Business Listing,Business Directory,REF-OSINT-OS0594,2025-02-12T17:28:34,Analyst User,C0304
OS0595,News,News Archive,REF-OSINT-OS0595,2025-06-25T12:55:05,Analyst User,C0305
OS0596,Business Listing,Social Platform,REF-OSINT-OS0596,2025-06-06T21:32:58,System,C0305
OS0597,News,Social Platform,REF-OSINT-OS0597,2025-01-11T14:27:49,System,C0305
OS0598,News,News Archive,REF-OSINT-OS0598,2025-06-25T00:22:36,System,C0305
OS0599,Public Record,Business Directory,REF-OSINT-OS0599,2025-10-26T14:14:46,System,C0306
OS0600,Business Listing,Social Platform,REF-OSINT-OS0600,2025-07-13T04:14:58,System,C0307
OS0601,News,Business Directory,REF-OSINT-OS0601,2025-03-22T22:12:24,Analyst User,C0307
OS0602,Business Listing,Public Registry,REF-OSINT-OS0602,2025-06-09T23:08:31,Analyst User,C0308
OS0603,Social Media,Public Registry,REF-OSINT-OS0603,2025-05-06T07:08:00,Analyst User,C0309
OS0604,Public Record,Business Directory,REF-OSINT-OS0604,2025-10-04T09:01:51,System,C0310
OS0605,News,Social Platform,REF-OSINT-OS0605,2025-03-20T06:13:14,Analyst User,C0310
OS0606,Social Media,Public Registry,REF-OSINT-OS0606,2025-10-29T03:48:42,Analyst User,C0311
OS0607,News,Business Directory,REF-OSINT-OS0607,2025-05-03T03:05:14,Analyst User,C0312
OS0608,News,Business Directory,REF-OSINT-OS0608,2025-07-13T13:44:59,Analyst User,C0312
OS0609,Web Source,Public Registry,REF-OSINT-OS0609,2025-08-28T08:41:48,System,C0313
OS0610,Public Record,News Archive,REF-OSINT-OS0610,2025-11-30T08:04:56,System,C0313
OS0611,Social Media,Business Directory,REF-OSINT-OS0611,2025-02-05T18:03:13,System,C0314
OS0612,Public Record,Social Platform,REF-OSINT-OS0612,2025-10-06T02:43:57,Analyst User,C0315
OS0613,Business Listing,Social Platform,REF-OSINT-OS0613,2025-08-04T15:20:57,Analyst User,C0316
OS0614,Forum Reference,Business Directory,REF-OSINT-OS0614,2025-05-12T01:12:05,System,C0317
OS0615,Web Source,Business Directory,REF-OSINT-OS0615,2025-08-24T11:24:20,Analyst User,C0317
OS0616,Social Media,Social Platform,REF-OSINT-OS0616,2025-05-29T16:43:56,Analyst User,C0318
OS0617,Public Record,Public Registry,REF-OSINT-OS0617,2025-08-02T03:08:30,Analyst User,C0319
OS0618,News,Business Directory,REF-OSINT-OS0618,2025-07-27T07:36:47,Analyst User,C0319
OS0619,Public Record,Business Directory,REF-OSINT-OS0619,2025-05-06T13:18:29,Analyst User,C0320
OS0620,Forum Reference,Public Registry,REF-OSINT-OS0620,2025-08-22T04:54:10,Analyst User,C0320
OS0621,Public Record,Public Registry,REF-OSINT-OS0621,2025-08-08T11:16:02,Analyst User,C0320
OS0622,Forum Reference,Public Registry,REF-OSINT-OS0622,2025-11-28T14:16:19,Analyst User,C0320
OS0623,Public Record,Public Registry,REF-OSINT-OS0623,2025-07-13T10:03:16,Analyst User,C0321
OS0624,Forum Reference,News Archive,REF-OSINT-OS0624,2025-06-25T10:12:51,System,C0321
OS0625,Forum Reference,Public Registry,REF-OSINT-OS0625,2025-03-13T02:31:43,System,C0321
OS0626,News,Social Platform,REF-OSINT-OS0626,2025-02-26T03:30:36,System,C0321
OS0627,Social Media,Social Platform,REF-OSINT-OS0627,2025-04-24T22:20:10,System,C0322
OS0628,Public Record,Public Registry,REF-OSINT-OS0628,2025-05-21T04:15:57,System,C0323
OS0629,Social Media,Public Registry,REF-OSINT-OS0629,2025-08-06T09:37:03,System,C0324
OS0630,Business Listing,Business Directory,REF-OSINT-OS0630,2025-07-18T10:32:19,Analyst User,C0324
OS0631,News,Business Directory,REF-OSINT-OS0631,2025-01-22T11:11:07,System,C0324
OS0632,News,News Archive,REF-OSINT-OS0632,2025-07-15T14:26:22,Analyst User,C0324
OS0633,Forum Reference,News Archive,REF-OSINT-OS0633,2025-05-21T09:00:00,System,C0325
OS0634,Social Media,Business Directory,REF-OSINT-OS0634,2025-06-09T03:57:14,Analyst User,C0325
OS0635,Business Listing,News Archive,REF-OSINT-OS0635,2025-05-06T15:42:07,Analyst User,C0325
OS0636,Business Listing,News Archive,REF-OSINT-OS0636,2025-04-30T23:58:07,Analyst User,C0325
OS0637,Business Listing,Social Platform,REF-OSINT-OS0637,2025-04-20T12:23:41,Analyst User,C0326
OS0638,Forum Reference,Public Registry,REF-OSINT-OS0638,2025-08-02T18:52:54,Analyst User,C0327
OS0639,News,Public Registry,REF-OSINT-OS0639,2025-07-12T14:55:37,Analyst User,C0328
OS0640,Public Record,Public Registry,REF-OSINT-OS0640,2025-07-24T16:12:53,Analyst User,C0328
OS0641,News,News Archive,REF-OSINT-OS0641,2025-07-08T07:01:53,System,C0328
OS0642,Social Media,Public Registry,REF-OSINT-OS0642,2025-08-23T15:39:59,Analyst User,C0328
OS0643,Public Record,Public Registry,REF-OSINT-OS0643,2025-07-03T18:46:02,System,C0329
OS0644,News,Business Directory,REF-OSINT-OS0644,2025-03-16T19:31:55,Analyst User,C0330
OS0645,News,Social Platform,REF-OSINT-OS0645,2025-07-10T00:51:40,System,C0331
OS0646,Forum Reference,Public Registry,REF-OSINT-OS0646,2025-08-16T23:22:31,Analyst User,C0332
OS0647,Forum Reference,Social Platform,REF-OSINT-OS0647,2025-07-26T09:40:33,System,C0332
OS0648,Web Source,Social Platform,REF-OSINT-OS0648,2025-05-18T11:38:50,Analyst User,C0332
OS0649,Web Source,News Archive,REF-OSINT-OS0649,2025-01-15T08:26:15,Analyst User,C0332
OS0650,Social Media,Social Platform,REF-OSINT-OS0650,2025-05-13T23:33:23,Analyst User,C0333
OS0651,Public Record,Social Platform,REF-OSINT-OS0651,2025-05-03T02:34:33,System,C0334
OS0652,Forum Reference,Business Directory,REF-OSINT-OS0652,2025-08-13T19:10:10,Analyst User,C0335
OS0653,Business Listing,Social Platform,REF-OSINT-OS0653,2025-08-12T16:20:31,System,C0335
OS0654,Social Media,Business Directory,REF-OSINT-OS0654,2025-07-24T14:51:24,System,C0336
OS0655,Public Record,Public Registry,REF-OSINT-OS0655,2025-01-18T07:38:49,Analyst User,C0336
OS0656,Social Media,Social Platform,REF-OSINT-OS0656,2025-08-05T11:51:11,Analyst User,C0336
OS0657,Web Source,Social Platform,REF-OSINT-OS0657,2025-02-24T01:18:52,Analyst User,C0336
OS0658,News,Business Directory,REF-OSINT-OS0658,2025-07-11T02:27:24,Analyst User,C0337
OS0659,Web Source,News Archive,REF-OSINT-OS0659,2025-07-02T12:16:20,Analyst User,C0337
OS0660,Forum Reference,Business Directory,REF-OSINT-OS0660,2025-07-21T12:00:46,Analyst User,C0338
OS0661,Public Record,Social Platform,REF-OSINT-OS0661,2025-07-18T00:47:54,System,C0338
OS0662,Forum Reference,Social Platform,REF-OSINT-OS0662,2025-04-06T01:58:49,System,C0339
OS0663,Social Media,Business Directory,REF-OSINT-OS0663,2025-01-10T17:02:11,Analyst User,C0340
OS0664,Forum Reference,Business Directory,REF-OSINT-OS0664,2025-05-06T07:39:56,System,C0341
OS0665,Public Record,News Archive,REF-OSINT-OS0665,2025-04-28T09:16:35,System,C0341
OS0666,News,Business Directory,REF-OSINT-OS0666,2025-04-25T08:05:07,Analyst User,C0342
OS0667,Web Source,Social Platform,REF-OSINT-OS0667,2025-03-13T03:44:58,System,C0342
OS0668,Public Record,Social Platform,REF-OSINT-OS0668,2025-06-11T17:34:51,Analyst User,C0342
OS0669,Social Media,Public Registry,REF-OSINT-OS0669,2025-06-18T01:26:30,System,C0343
OS0670,Public Record,News Archive,REF-OSINT-OS0670,2025-09-08T21:38:47,System,C0343
OS0671,Business Listing,Social Platform,REF-OSINT-OS0671,2025-11-05T20:02:10,System,C0344
OS0672,Forum Reference,News Archive,REF-OSINT-OS0672,2025-02-07T03:03:07,Analyst User,C0344
OS0673,Business Listing,Business Directory,REF-OSINT-OS0673,2025-11-15T18:36:24,System,C0344
OS0674,Forum Reference,Business Directory,REF-OSINT-OS0674,2025-01-25T09:09:05,System,C0345
OS0675,Forum Reference,Business Directory,REF-OSINT-OS0675,2025-02-17T18:58:09,Analyst User,C0345
OS0676,News,News Archive,REF-OSINT-OS0676,2025-02-25T08:57:15,System,C0345
OS0677,Business Listing,Public Registry,REF-OSINT-OS0677,2025-04-01T22:56:32,Analyst User,C0346
OS0678,Business Listing,Public Registry,REF-OSINT-OS0678,2025-12-08T23:52:01,System,C0346
OS0679,Forum Reference,Public Registry,REF-OSINT-OS0679,2025-04-20T20:15:03,System,C0346
OS0680,Forum Reference,News Archive,REF-OSINT-OS0680,2025-05-30T18:59:33,Analyst User,C0346
OS0681,News,Public Registry,REF-OSINT-OS0681,2025-05-15T10:58:40,System,C0347
OS0682,Forum Reference,News Archive,REF-OSINT-OS0682,2025-05-25T04:42:04,System,C0348
OS0683,Web Source,Business Directory,REF-OSINT-OS0683,2025-08-07T05:04:15,System,C0349
OS0684,Public Record,Public Registry,REF-OSINT-OS0684,2025-05-29T14:26:45,Analyst User,C0349
OS0685,Public Record,Business Directory,REF-OSINT-OS0685,2025-07-15T15:33:12,Analyst User,C0349
OS0686,Web Source,Business Directory,REF-OSINT-OS0686,2025-08-10T11:19:08,System,C0350
OS0687,Forum Reference,Business Directory,REF-OSINT-OS0687,2025-01-10T18:48:57,System,C0351
OS0688,Web Source,Business Directory,REF-OSINT-OS0688,2025-02-13T21:27:48,System,C0352
OS0689,News,Business Directory,REF-OSINT-OS0689,2025-08-26T17:53:36,System,C0352
OS0690,Web Source,Public Registry,REF-OSINT-OS0690,2025-03-03T01:54:25,System,C0352
OS0691,News,Social Platform,REF-OSINT-OS0691,2025-06-11T20:05:11,Analyst User,C0352
OS0692,Business Listing,Social Platform,REF-OSINT-OS0692,2025-03-17T07:32:14,Analyst User,C0353
OS0693,Web Source,News Archive,REF-OSINT-OS0693,2025-05-19T05:45:33,Analyst User,C0354
OS0694,Business Listing,News Archive,REF-OSINT-OS0694,2025-05-07T06:55:19,Analyst User,C0355
OS0695,Forum Reference,Public Registry,REF-OSINT-OS0695,2025-06-20T00:29:57,System,C0356
OS0696,Public Record,Business Directory,REF-OSINT-OS0696,2025-05-31T22:09:20,Analyst User,C0356
OS0697,Social Media,Business Directory,REF-OSINT-OS0697,2025-03-20T13:52:14,Analyst User,C0357
OS0698,Social Media,Social Platform,REF-OSINT-OS0698,2025-10-31T09:55:32,Analyst User,C0357
OS0699,Social Media,Social Platform,REF-OSINT-OS0699,2025-04-25T08:52:07,Analyst User,C0358
OS0700,Public Record,Social Platform,REF-OSINT-OS0700,2025-08-01T04:02:23,System,C0359
OS0701,Web Source,Business Directory,REF-OSINT-OS0701,2025-05-21T23:19:23,Analyst User,C0360
OS0702,Business Listing,Public Registry,REF-OSINT-OS0702,2025-08-29T21:08:16,Analyst User,C0361
OS0703,Social Media,Social Platform,REF-OSINT-OS0703,2025-08-10T00:19:59,Analyst User,C0361
OS0704,Forum Reference,Public Registry,REF-OSINT-OS0704,2025-07-12T10:22:39,System,C0362
OS0705,Social Media,News Archive,REF-OSINT-OS0705,2025-06-17T10:39:25,Analyst User,C0363
OS0706,Social Media,Business Directory,REF-OSINT-OS0706,2025-12-25T01:19:04,System,C0364
OS0707,Web Source,News Archive,REF-OSINT-OS0707,2025-03-15T20:20:15,System,C0365
OS0708,Forum Reference,Public Registry,REF-OSINT-OS0708,2025-01-07T23:15:00,Analyst User,C0365
OS0709,Business Listing,News Archive,REF-OSINT-OS0709,2025-07-25T11:51:58,System,C0366
OS0710,News,Business Directory,REF-OSINT-OS0710,2025-03-12T03:38:06,System,C0367
OS0711,Social Media,News Archive,REF-OSINT-OS0711,2025-11-26T18:07:34,System,C0368
OS0712,Social Media,Public Registry,REF-OSINT-OS0712,2026-05-24T01:44:17,Analyst User,C0369
OS0713,Forum Reference,News Archive,REF-OSINT-OS0713,2026-06-15T13:20:24,System,C0370
OS0714,Public Record,News Archive,REF-OSINT-OS0714,2026-07-20T15:02:33,System,C0370
OS0715,Business Listing,Business Directory,REF-OSINT-OS0715,2026-04-28T06:00:22,System,C0370
OS0716,Social Media,News Archive,REF-OSINT-OS0716,2026-07-04T12:10:28,Analyst User,C0371
OS0717,News,Social Platform,REF-OSINT-OS0717,2026-05-12T18:23:09,Analyst User,C0372
OS0718,News,News Archive,REF-OSINT-OS0718,2026-06-11T16:41:06,Analyst User,C0372
OS0719,Web Source,Social Platform,REF-OSINT-OS0719,2026-02-25T00:33:27,System,C0372
OS0720,Business Listing,Social Platform,REF-OSINT-OS0720,2026-06-26T04:09:36,System,C0373
OS0721,Public Record,Public Registry,REF-OSINT-OS0721,2026-06-12T08:37:16,System,C0374
OS0722,Business Listing,Social Platform,REF-OSINT-OS0722,2026-08-15T04:39:01,System,C0374
OS0723,Social Media,Public Registry,REF-OSINT-OS0723,2026-07-01T07:22:10,Analyst User,C0374
OS0724,Web Source,News Archive,REF-OSINT-OS0724,2026-11-18T01:39:42,System,C0375
OS0725,Forum Reference,News Archive,REF-OSINT-OS0725,2026-06-02T21:39:22,Analyst User,C0375
OS0726,Public Record,Public Registry,REF-OSINT-OS0726,2026-10-18T22:35:39,Analyst User,C0376
OS0727,Social Media,Business Directory,REF-OSINT-OS0727,2026-09-27T07:19:14,Analyst User,C0376
OS0728,Web Source,Social Platform,REF-OSINT-OS0728,2026-11-03T04:03:21,Analyst User,C0377
OS0729,Social Media,Social Platform,REF-OSINT-OS0729,2026-06-05T08:26:38,Analyst User,C0378
OS0730,News,Social Platform,REF-OSINT-OS0730,2026-07-10T07:05:57,System,C0378
OS0731,Web Source,Public Registry,REF-OSINT-OS0731,2026-09-10T16:44:33,System,C0378
OS0732,Forum Reference,Business Directory,REF-OSINT-OS0732,2026-04-06T15:19:48,Analyst User,C0378
OS0733,Business Listing,Business Directory,REF-OSINT-OS0733,2026-06-20T04:41:18,System,C0379
OS0734,Web Source,Social Platform,REF-OSINT-OS0734,2026-05-11T05:33:11,System,C0380
OS0735,Social Media,Public Registry,REF-OSINT-OS0735,2026-04-01T22:35:12,System,C0380
OS0736,Public Record,Public Registry,REF-OSINT-OS0736,2026-04-19T17:15:38,System,C0380
OS0737,News,Public Registry,REF-OSINT-OS0737,2026-04-19T11:38:24,Analyst User,C0381
OS0738,Public Record,News Archive,REF-OSINT-OS0738,2026-04-16T12:37:18,Analyst User,C0382
OS0739,News,Public Registry,REF-OSINT-OS0739,2026-03-29T04:33:23,System,C0383
OS0740,Public Record,Business Directory,REF-OSINT-OS0740,2026-01-03T16:35:24,Analyst User,C0383
OS0741,News,News Archive,REF-OSINT-OS0741,2026-05-06T03:59:26,System,C0383
OS0742,News,Business Directory,REF-OSINT-OS0742,2026-06-04T00:15:19,Analyst User,C0384
OS0743,Public Record,News Archive,REF-OSINT-OS0743,2026-06-27T14:45:39,System,C0385
OS0744,Web Source,Business Directory,REF-OSINT-OS0744,2026-02-01T02:49:38,Analyst User,C0385
OS0745,News,Business Directory,REF-OSINT-OS0745,2026-09-19T10:02:23,Analyst User,C0385
OS0746,News,Business Directory,REF-OSINT-OS0746,2026-08-27T02:54:46,Analyst User,C0385
OS0747,Business Listing,Public Registry,REF-OSINT-OS0747,2026-07-24T00:17:47,System,C0386
OS0748,Business Listing,Social Platform,REF-OSINT-OS0748,2026-08-15T19:04:10,Analyst User,C0387
OS0749,Forum Reference,Business Directory,REF-OSINT-OS0749,2026-06-28T01:44:31,System,C0388
OS0750,Web Source,Public Registry,REF-OSINT-OS0750,2026-08-08T14:27:25,Analyst User,C0389
OS0751,Forum Reference,Business Directory,REF-OSINT-OS0751,2026-06-26T07:13:02,System,C0389
OS0752,Social Media,News Archive,REF-OSINT-OS0752,2026-11-28T21:28:00,System,C0390
OS0753,News,Social Platform,REF-OSINT-OS0753,2026-08-09T16:47:05,Analyst User,C0390
OS0754,Business Listing,Social Platform,REF-OSINT-OS0754,2026-07-11T01:04:11,System,C0390
OS0755,Forum Reference,News Archive,REF-OSINT-OS0755,2026-10-11T20:10:14,System,C0390
OS0756,Web Source,Business Directory,REF-OSINT-OS0756,2026-05-21T16:22:50,System,C0391
OS0757,Forum Reference,Social Platform,REF-OSINT-OS0757,2026-07-10T12:13:40,Analyst User,C0392
OS0758,Forum Reference,Business Directory,REF-OSINT-OS0758,2026-02-18T07:33:26,System,C0392
OS0759,Social Media,News Archive,REF-OSINT-OS0759,2026-05-02T19:41:03,Analyst User,C0392
OS0760,Business Listing,Public Registry,REF-OSINT-OS0760,2026-03-06T22:26:41,System,C0392
OS0761,Social Media,Public Registry,REF-OSINT-OS0761,2026-08-08T15:22:40,Analyst User,C0393
OS0762,Social Media,Public Registry,REF-OSINT-OS0762,2026-04-12T13:58:42,Analyst User,C0393
OS0763,Web Source,Social Platform,REF-OSINT-OS0763,2026-12-23T12:27:23,Analyst User,C0393
OS0764,News,Public Registry,REF-OSINT-OS0764,2026-11-11T05:12:29,System,C0393
OS0765,News,Business Directory,REF-OSINT-OS0765,2026-08-06T16:55:41,Analyst User,C0394
OS0766,Public Record,Social Platform,REF-OSINT-OS0766,2026-06-07T02:00:26,System,C0394
OS0767,Web Source,Public Registry,REF-OSINT-OS0767,2026-06-05T23:18:07,System,C0395
OS0768,Business Listing,News Archive,REF-OSINT-OS0768,2026-07-31T20:09:16,Analyst User,C0396
OS0769,Public Record,Business Directory,REF-OSINT-OS0769,2026-05-08T02:25:43,System,C0396
OS0770,Business Listing,News Archive,REF-OSINT-OS0770,2026-06-15T10:54:13,System,C0396
OS0771,Social Media,Social Platform,REF-OSINT-OS0771,2026-02-09T09:27:37,System,C0397
OS0772,Public Record,Business Directory,REF-OSINT-OS0772,2026-10-15T12:15:19,System,C0397
OS0773,Public Record,Public Registry,REF-OSINT-OS0773,2026-02-20T22:27:31,Analyst User,C0398
OS0774,Business Listing,Business Directory,REF-OSINT-OS0774,2026-08-30T02:15:18,Analyst User,C0398
OS0775,Social Media,News Archive,REF-OSINT-OS0775,2026-08-25T18:39:09,Analyst User,C0399
OS0776,Social Media,News Archive,REF-OSINT-OS0776,2026-06-17T11:34:34,System,C0400
OS0777,Business Listing,Public Registry,REF-OSINT-OS0777,2026-05-29T02:33:03,Analyst User,C0400
OS0778,Public Record,Business Directory,REF-OSINT-OS0778,2026-04-30T03:13:12,System,C0401
OS0779,News,Social Platform,REF-OSINT-OS0779,2026-08-27T00:27:56,System,C0402
OS0780,Web Source,Business Directory,REF-OSINT-OS0780,2026-04-04T22:28:51,Analyst User,C0403
OS0781,Business Listing,News Archive,REF-OSINT-OS0781,2026-05-30T06:10:46,System,C0403
OS0782,Business Listing,Public Registry,REF-OSINT-OS0782,2026-06-05T04:26:28,Analyst User,C0403
OS0783,Social Media,News Archive,REF-OSINT-OS0783,2026-07-19T14:36:03,Analyst User,C0404
OS0784,Public Record,Public Registry,REF-OSINT-OS0784,2026-08-09T01:44:24,System,C0405
OS0785,News,Business Directory,REF-OSINT-OS0785,2026-03-15T10:44:31,Analyst User,C0406
OS0786,Web Source,News Archive,REF-OSINT-OS0786,2026-08-25T14:58:25,Analyst User,C0407
OS0787,Web Source,Business Directory,REF-OSINT-OS0787,2026-08-27T22:38:39,System,C0407
OS0788,News,Public Registry,REF-OSINT-OS0788,2026-08-15T23:05:01,Analyst User,C0407
OS0789,News,News Archive,REF-OSINT-OS0789,2026-08-22T14:31:07,Analyst User,C0407
OS0790,Forum Reference,Business Directory,REF-OSINT-OS0790,2026-06-10T07:25:09,System,C0408
OS0791,Social Media,News Archive,REF-OSINT-OS0791,2026-12-08T02:30:13,System,C0408
OS0792,Social Media,News Archive,REF-OSINT-OS0792,2026-07-02T00:49:23,System,C0408
OS0793,News,Public Registry,REF-OSINT-OS0793,2026-06-13T23:31:27,Analyst User,C0409
OS0794,News,Public Registry,REF-OSINT-OS0794,2026-12-31T01:49:42,System,C0409
OS0795,Public Record,News Archive,REF-OSINT-OS0795,2026-03-13T14:55:44,Analyst User,C0409
OS0796,News,Business Directory,REF-OSINT-OS0796,2026-02-04T18:56:18,Analyst User,C0409
OS0797,Web Source,Public Registry,REF-OSINT-OS0797,2026-04-23T18:47:57,System,C0410
OS0798,Forum Reference,Business Directory,REF-OSINT-OS0798,2026-09-18T10:51:48,Analyst User,C0411
OS0799,Public Record,Public Registry,REF-OSINT-OS0799,2026-06-28T12:06:12,Analyst User,C0411
OS0800,Web Source,Business Directory,REF-OSINT-OS0800,2026-10-17T14:03:45,Analyst User,C0411
OS0801,Business Listing,Social Platform,REF-OSINT-OS0801,2026-05-29T22:18:17,System,C0412
OS0802,Forum Reference,Social Platform,REF-OSINT-OS0802,2026-08-17T17:48:54,System,C0413
OS0803,Social Media,Business Directory,REF-OSINT-OS0803,2026-08-30T08:49:53,Analyst User,C0413
OS0804,Web Source,News Archive,REF-OSINT-OS0804,2026-07-18T06:18:18,System,C0414
OS0805,Social Media,Social Platform,REF-OSINT-OS0805,2026-07-10T16:04:57,System,C0414
OS0806,Social Media,News Archive,REF-OSINT-OS0806,2026-07-22T12:34:43,Analyst User,C0414
OS0807,Business Listing,Social Platform,REF-OSINT-OS0807,2026-08-14T18:23:03,Analyst User,C0414
OS0808,Social Media,Public Registry,REF-OSINT-OS0808,2026-06-26T00:59:22,System,C0415
OS0809,Forum Reference,Public Registry,REF-OSINT-OS0809,2026-08-06T09:25:03,System,C0416
OS0810,Web Source,News Archive,REF-OSINT-OS0810,2026-08-01T00:48:58,Analyst User,C0417
OS0811,Web Source,Business Directory,REF-OSINT-OS0811,2026-08-17T18:20:50,System,C0417
OS0812,Web Source,Social Platform,REF-OSINT-OS0812,2026-08-18T08:23:17,System,C0417
OS0813,Business Listing,Business Directory,REF-OSINT-OS0813,2026-07-21T08:02:06,System,C0418
OS0814,Business Listing,Business Directory,REF-OSINT-OS0814,2026-05-10T02:43:02,System,C0418
OS0815,Social Media,News Archive,REF-OSINT-OS0815,2026-05-28T02:26:00,System,C0418
OS0816,Web Source,News Archive,REF-OSINT-OS0816,2026-07-22T01:15:08,System,C0418
OS0817,News,News Archive,REF-OSINT-OS0817,2026-06-11T17:12:09,Analyst User,C0419
OS0818,News,Social Platform,REF-OSINT-OS0818,2026-07-27T10:58:35,System,C0420
OS0819,News,News Archive,REF-OSINT-OS0819,2026-06-03T02:36:58,System,C0421
OS0820,Social Media,News Archive,REF-OSINT-OS0820,2026-08-14T00:29:01,Analyst User,C0422
OS0821,Forum Reference,Public Registry,REF-OSINT-OS0821,2026-07-15T16:20:06,System,C0422
OS0822,News,Public Registry,REF-OSINT-OS0822,2026-07-02T12:26:48,Analyst User,C0423
OS0823,News,Business Directory,REF-OSINT-OS0823,2026-10-01T18:27:54,System,C0423
OS0824,Social Media,Public Registry,REF-OSINT-OS0824,2026-11-26T06:23:44,System,C0423
OS0825,Forum Reference,Public Registry,REF-OSINT-OS0825,2026-08-21T20:48:21,Analyst User,C0424
OS0826,News,Social Platform,REF-OSINT-OS0826,2026-08-27T08:51:01,Analyst User,C0424
OS0827,Web Source,Public Registry,REF-OSINT-OS0827,2026-08-21T11:55:24,System,C0424
OS0828,Social Media,Social Platform,REF-OSINT-OS0828,2026-03-02T13:40:41,System,C0425
OS0829,Web Source,Business Directory,REF-OSINT-OS0829,2026-09-23T20:05:08,Analyst User,C0425
OS0830,Public Record,Public Registry,REF-OSINT-OS0830,2026-08-10T01:42:16,System,C0426
OS0831,Business Listing,Social Platform,REF-OSINT-OS0831,2026-03-16T23:25:54,System,C0426
OS0832,Forum Reference,Business Directory,REF-OSINT-OS0832,2026-05-18T13:57:31,Analyst User,C0426
OS0833,Social Media,News Archive,REF-OSINT-OS0833,2026-03-27T10:07:53,System,C0427
OS0834,News,Public Registry,REF-OSINT-OS0834,2026-06-19T18:06:22,Analyst User,C0427
OS0835,Business Listing,Public Registry,REF-OSINT-OS0835,2026-06-22T14:32:29,System,C0427
OS0836,News,Public Registry,REF-OSINT-OS0836,2026-06-23T04:50:00,System,C0427
OS0837,Public Record,News Archive,REF-OSINT-OS0837,2026-08-23T05:05:21,System,C0428
OS0838,Social Media,Public Registry,REF-OSINT-OS0838,2026-08-15T18:57:25,System,C0428
OS0839,News,Business Directory,REF-OSINT-OS0839,2026-07-06T21:48:31,System,C0428
OS0840,News,Public Registry,REF-OSINT-OS0840,2026-05-29T09:02:09,System,C0429
OS0841,Social Media,Public Registry,REF-OSINT-OS0841,2026-08-21T09:43:26,System,C0429
OS0842,Web Source,Public Registry,REF-OSINT-OS0842,2026-01-12T14:57:11,System,C0429
OS0843,Social Media,Business Directory,REF-OSINT-OS0843,2026-08-22T22:11:28,System,C0430
OS0844,Forum Reference,Business Directory,REF-OSINT-OS0844,2026-11-11T05:18:22,Analyst User,C0430
OS0845,News,Social Platform,REF-OSINT-OS0845,2026-05-01T09:49:26,Analyst User,C0430
OS0846,Web Source,Business Directory,REF-OSINT-OS0846,2026-03-18T22:43:28,System,C0431
OS0847,Web Source,News Archive,REF-OSINT-OS0847,2026-04-16T17:58:54,Analyst User,C0432
OS0848,Public Record,Business Directory,REF-OSINT-OS0848,2026-03-03T14:13:35,System,C0432
OS0849,Business Listing,Business Directory,REF-OSINT-OS0849,2026-02-23T09:54:21,System,C0432
OS0850,Social Media,Social Platform,REF-OSINT-OS0850,2026-03-26T17:33:24,Analyst User,C0433
OS0851,Forum Reference,Social Platform,REF-OSINT-OS0851,2026-06-26T05:30:12,System,C0434
OS0852,Business Listing,Business Directory,REF-OSINT-OS0852,2026-08-03T04:41:53,Analyst User,C0435
OS0853,Forum Reference,Social Platform,REF-OSINT-OS0853,2026-07-27T17:37:10,Analyst User,C0436
OS0854,Public Record,Social Platform,REF-OSINT-OS0854,2026-06-10T08:34:27,Analyst User,C0437
OS0855,Forum Reference,Social Platform,REF-OSINT-OS0855,2026-03-28T13:19:51,Analyst User,C0437
OS0856,Social Media,Business Directory,REF-OSINT-OS0856,2026-02-28T14:06:38,System,C0437
OS0857,Public Record,News Archive,REF-OSINT-OS0857,2026-03-18T17:32:10,System,C0438
OS0858,News,News Archive,REF-OSINT-OS0858,2026-06-23T01:07:09,System,C0439
OS0859,Business Listing,Business Directory,REF-OSINT-OS0859,2026-05-07T12:01:25,Analyst User,C0439
OS0860,Public Record,Business Directory,REF-OSINT-OS0860,2026-12-27T14:29:24,System,C0439
OS0861,Business Listing,News Archive,REF-OSINT-OS0861,2026-04-26T20:50:17,Analyst User,C0440
OS0862,Web Source,News Archive,REF-OSINT-OS0862,2026-01-14T09:09:00,Analyst User,C0441
OS0863,Social Media,Business Directory,REF-OSINT-OS0863,2026-06-22T06:04:14,Analyst User,C0442
OS0864,Business Listing,Business Directory,REF-OSINT-OS0864,2026-04-07T22:37:07,System,C0443
OS0865,Business Listing,Business Directory,REF-OSINT-OS0865,2026-07-03T08:27:40,Analyst User,C0444
OS0866,Social Media,Social Platform,REF-OSINT-OS0866,2026-06-10T02:10:59,Analyst User,C0444
OS0867,Social Media,Social Platform,REF-OSINT-OS0867,2026-12-11T08:56:12,Analyst User,C0445
OS0868,Social Media,News Archive,REF-OSINT-OS0868,2026-08-10T20:40:09,Analyst User,C0445
OS0869,Public Record,News Archive,REF-OSINT-OS0869,2026-06-08T11:01:57,Analyst User,C0445
OS0870,Social Media,News Archive,REF-OSINT-OS0870,2026-12-30T16:33:43,Analyst User,C0446
OS0871,Social Media,Business Directory,REF-OSINT-OS0871,2026-08-21T11:05:27,Analyst User,C0447
OS0872,Social Media,Social Platform,REF-OSINT-OS0872,2026-06-26T03:26:56,System,C0447
OS0873,Social Media,News Archive,REF-OSINT-OS0873,2026-05-19T16:49:02,Analyst User,C0448
OS0874,Business Listing,News Archive,REF-OSINT-OS0874,2026-08-06T20:43:11,Analyst User,C0448
OS0875,Business Listing,News Archive,REF-OSINT-OS0875,2026-08-07T19:48:37,System,C0448
OS0876,Business Listing,Business Directory,REF-OSINT-OS0876,2026-08-13T03:39:01,System,C0448
OS0877,Web Source,Public Registry,REF-OSINT-OS0877,2026-11-10T10:52:30,Analyst User,C0449
OS0878,Public Record,Social Platform,REF-OSINT-OS0878,2026-06-04T02:18:59,Analyst User,C0449
OS0879,Public Record,Business Directory,REF-OSINT-OS0879,2026-07-24T20:43:16,Analyst User,C0450
OS0880,Social Media,Business Directory,REF-OSINT-OS0880,2026-08-23T09:54:55,System,C0450
OS0881,Forum Reference,Public Registry,REF-OSINT-OS0881,2026-08-17T21:53:49,Analyst User,C0450
OS0882,Forum Reference,Social Platform,REF-OSINT-OS0882,2026-05-13T15:36:55,Analyst User,C0451
OS0883,Business Listing,Business Directory,REF-OSINT-OS0883,2026-07-30T02:05:48,Analyst User,C0452
OS0884,Public Record,Public Registry,REF-OSINT-OS0884,2026-07-20T10:23:40,Analyst User,C0452
OS0885,Forum Reference,News Archive,REF-OSINT-OS0885,2026-07-22T21:43:23,System,C0452
OS0886,Social Media,Business Directory,REF-OSINT-OS0886,2026-03-25T06:34:55,Analyst User,C0453
OS0887,Social Media,Social Platform,REF-OSINT-OS0887,2026-05-19T01:16:10,System,C0454
OS0888,Forum Reference,Business Directory,REF-OSINT-OS0888,2026-05-13T02:42:51,Analyst User,C0454
OS0889,Public Record,Public Registry,REF-OSINT-OS0889,2026-07-31T09:24:36,Analyst User,C0454
OS0890,Web Source,Public Registry,REF-OSINT-OS0890,2026-08-16T23:43:43,Analyst User,C0454
OS0891,Business Listing,Social Platform,REF-OSINT-OS0891,2026-05-31T05:01:10,System,C0455
OS0892,Web Source,Business Directory,REF-OSINT-OS0892,2026-08-14T00:06:18,Analyst User,C0456
OS0893,Business Listing,Public Registry,REF-OSINT-OS0893,2026-02-10T00:51:58,Analyst User,C0457
OS0894,Forum Reference,Public Registry,REF-OSINT-OS0894,2026-07-14T22:30:36,Analyst User,C0457
OS0895,News,Public Registry,REF-OSINT-OS0895,2026-05-12T03:01:28,System,C0457
OS0896,News,Business Directory,REF-OSINT-OS0896,2026-05-30T08:44:19,System,C0457
OS0897,News,Public Registry,REF-OSINT-OS0897,2026-04-10T22:20:27,System,C0458
OS0898,Forum Reference,News Archive,REF-OSINT-OS0898,2026-06-03T11:17:56,Analyst User,C0459
OS0899,Business Listing,News Archive,REF-OSINT-OS0899,2026-07-19T21:51:57,System,C0460
OS0900,Web Source,Public Registry,REF-OSINT-OS0900,2026-04-25T06:27:50,System,C0461
OS0901,Forum Reference,Public Registry,REF-OSINT-OS0901,2026-08-29T05:50:36,Analyst User,C0461
OS0902,Social Media,Social Platform,REF-OSINT-OS0902,2026-04-15T20:46:05,Analyst User,C0462
OS0903,Web Source,Social Platform,REF-OSINT-OS0903,2026-07-22T08:00:42,System,C0462
OS0904,Forum Reference,News Archive,REF-OSINT-OS0904,2026-08-13T13:30:32,Analyst User,C0463
OS0905,News,Business Directory,REF-OSINT-OS0905,2026-01-06T12:19:33,Analyst User,C0464
OS0906,News,News Archive,REF-OSINT-OS0906,2026-04-15T03:40:29,Analyst User,C0464
OS0907,Web Source,News Archive,REF-OSINT-OS0907,2026-09-15T05:33:37,System,C0464
OS0908,Social Media,Public Registry,REF-OSINT-OS0908,2026-09-20T14:14:24,System,C0465
OS0909,News,News Archive,REF-OSINT-OS0909,2026-08-23T01:03:06,Analyst User,C0466
OS0910,Social Media,Public Registry,REF-OSINT-OS0910,2026-02-09T04:30:28,System,C0467
OS0911,Web Source,News Archive,REF-OSINT-OS0911,2026-08-05T06:15:08,Analyst User,C0467
OS0912,Web Source,Social Platform,REF-OSINT-OS0912,2026-02-08T18:40:22,System,C0467
OS0913,Forum Reference,News Archive,REF-OSINT-OS0913,2026-05-04T06:37:24,Analyst User,C0468
OS0914,Forum Reference,Public Registry,REF-OSINT-OS0914,2026-06-11T20:37:43,System,C0469
OS0915,Business Listing,Public Registry,REF-OSINT-OS0915,2026-12-12T08:14:25,Analyst User,C0469
OS0916,News,Business Directory,REF-OSINT-OS0916,2026-07-17T16:49:42,Analyst User,C0469
OS0917,Social Media,Social Platform,REF-OSINT-OS0917,2026-01-02T01:34:14,Analyst User,C0469
OS0918,Social Media,Public Registry,REF-OSINT-OS0918,2026-12-22T10:01:10,Analyst User,C0470
OS0919,Web Source,Public Registry,REF-OSINT-OS0919,2026-08-26T13:22:29,System,C0471
OS0920,Forum Reference,Business Directory,REF-OSINT-OS0920,2026-09-05T17:28:41,System,C0471
OS0921,Web Source,Social Platform,REF-OSINT-OS0921,2026-07-08T14:39:10,System,C0471
OS0922,Business Listing,Social Platform,REF-OSINT-OS0922,2026-09-09T02:19:47,System,C0471
OS0923,Web Source,News Archive,REF-OSINT-OS0923,2026-07-27T11:18:44,Analyst User,C0472
OS0924,Social Media,Business Directory,REF-OSINT-OS0924,2026-05-25T18:44:11,System,C0472
OS0925,Forum Reference,News Archive,REF-OSINT-OS0925,2026-05-05T17:05:16,Analyst User,C0473
OS0926,Forum Reference,Social Platform,REF-OSINT-OS0926,2026-06-22T00:52:28,Analyst User,C0474
OS0927,Web Source,Social Platform,REF-OSINT-OS0927,2026-08-05T09:35:51,Analyst User,C0474
OS0928,Forum Reference,Public Registry,REF-OSINT-OS0928,2026-06-10T07:09:35,Analyst User,C0475
OS0929,Forum Reference,News Archive,REF-OSINT-OS0929,2026-07-16T18:44:42,Analyst User,C0475
OS0930,Business Listing,Public Registry,REF-OSINT-OS0930,2026-08-29T17:16:15,Analyst User,C0476
OS0931,Forum Reference,News Archive,REF-OSINT-OS0931,2026-08-26T15:16:54,Analyst User,C0476
OS0932,Business Listing,Business Directory,REF-OSINT-OS0932,2026-08-28T09:16:08,Analyst User,C0476
OS0933,Forum Reference,Business Directory,REF-OSINT-OS0933,2026-08-30T14:12:22,Analyst User,C0476
OS0934,Social Media,Social Platform,REF-OSINT-OS0934,2026-07-08T03:57:22,System,C0477
OS0935,Forum Reference,News Archive,REF-OSINT-OS0935,2026-07-05T12:21:17,Analyst User,C0477
OS0936,Forum Reference,Public Registry,REF-OSINT-OS0936,2026-07-08T11:53:28,System,C0477
OS0937,Forum Reference,Social Platform,REF-OSINT-OS0937,2026-08-16T09:22:31,System,C0477
OS0938,Business Listing,Business Directory,REF-OSINT-OS0938,2026-06-26T20:03:19,System,C0478
OS0939,Business Listing,Social Platform,REF-OSINT-OS0939,2026-01-24T09:22:25,Analyst User,C0478
OS0940,Public Record,Public Registry,REF-OSINT-OS0940,2026-12-20T00:36:29,System,C0478
OS0941,Business Listing,Public Registry,REF-OSINT-OS0941,2026-08-29T14:11:59,Analyst User,C0479
OS0942,Web Source,News Archive,REF-OSINT-OS0942,2026-08-30T14:55:25,Analyst User,C0479
OS0943,Public Record,Business Directory,REF-OSINT-OS0943,2026-08-25T06:04:45,System,C0479
OS0944,Business Listing,Business Directory,REF-OSINT-OS0944,2026-08-03T22:36:05,System,C0480
OS0945,News,Public Registry,REF-OSINT-OS0945,2026-03-14T00:03:19,Analyst User,C0480
OS0946,Web Source,Public Registry,REF-OSINT-OS0946,2026-01-13T04:56:13,System,C0481
OS0947,Social Media,Public Registry,REF-OSINT-OS0947,2026-07-09T01:51:05,System,C0482
OS0948,Web Source,News Archive,REF-OSINT-OS0948,2026-04-29T00:31:28,Analyst User,C0482
OS0949,Web Source,News Archive,REF-OSINT-OS0949,2026-07-07T16:59:19,Analyst User,C0482
OS0950,Web Source,News Archive,REF-OSINT-OS0950,2026-07-07T20:18:07,Analyst User,C0483
OS0951,Social Media,Business Directory,REF-OSINT-OS0951,2026-07-11T21:08:36,Analyst User,C0484
OS0952,Public Record,Social Platform,REF-OSINT-OS0952,2026-05-09T01:43:18,System,C0484
OS0953,Forum Reference,Business Directory,REF-OSINT-OS0953,2026-08-02T10:05:17,Analyst User,C0485
OS0954,News,News Archive,REF-OSINT-OS0954,2026-12-29T19:53:05,System,C0486
OS0955,Public Record,Public Registry,REF-OSINT-OS0955,2026-03-22T16:08:21,Analyst User,C0487
OS0956,Public Record,Public Registry,REF-OSINT-OS0956,2026-12-03T11:41:10,System,C0488
OS0957,Social Media,News Archive,REF-OSINT-OS0957,2026-03-19T20:44:09,System,C0488
OS0958,News,Social Platform,REF-OSINT-OS0958,2026-11-23T04:45:35,Analyst User,C0488
OS0959,Web Source,Social Platform,REF-OSINT-OS0959,2026-10-30T09:10:12,Analyst User,C0488
OS0960,Business Listing,Public Registry,REF-OSINT-OS0960,2026-04-04T12:57:23,System,C0489
OS0961,News,Social Platform,REF-OSINT-OS0961,2026-02-19T18:39:02,Analyst User,C0489
OS0962,Social Media,Social Platform,REF-OSINT-OS0962,2026-07-20T13:34:20,System,C0490
OS0963,Forum Reference,News Archive,REF-OSINT-OS0963,2026-05-29T03:02:00,System,C0491
OS0964,Web Source,News Archive,REF-OSINT-OS0964,2026-08-04T08:03:10,Analyst User,C0492
OS0965,Public Record,Business Directory,REF-OSINT-OS0965,2026-07-24T17:36:54,System,C0493
OS0966,Forum Reference,Social Platform,REF-OSINT-OS0966,2026-07-27T18:17:13,Analyst User,C0493
OS0967,Public Record,Public Registry,REF-OSINT-OS0967,2026-07-23T21:02:10,System,C0493
OS0968,News,Business Directory,REF-OSINT-OS0968,2026-08-12T13:55:53,Analyst User,C0493
OS0969,Social Media,Business Directory,REF-OSINT-OS0969,2026-07-03T07:51:22,Analyst User,C0494
OS0970,Forum Reference,Public Registry,REF-OSINT-OS0970,2026-02-19T23:21:29,Analyst User,C0495
OS0971,Social Media,Business Directory,REF-OSINT-OS0971,2026-07-29T21:32:52,System,C0496
OS0972,Business Listing,Social Platform,REF-OSINT-OS0972,2026-08-01T11:26:45,System,C0496
OS0973,Forum Reference,Social Platform,REF-OSINT-OS0973,2026-08-16T10:43:10,System,C0496
OS0974,Web Source,News Archive,REF-OSINT-OS0974,2026-08-27T06:20:03,System,C0497
OS0975,Public Record,Public Registry,REF-OSINT-OS0975,2026-02-06T06:33:20,System,C0498
OS0976,Web Source,Business Directory,REF-OSINT-OS0976,2026-11-15T05:42:37,Analyst User,C0498
OS0977,Web Source,News Archive,REF-OSINT-OS0977,2026-08-28T12:14:58,System,C0498
OS0978,Forum Reference,Business Directory,REF-OSINT-OS0978,2026-09-04T12:01:17,System,C0499
OS0979,Business Listing,Social Platform,REF-OSINT-OS0979,2026-06-10T00:11:35,System,C0499
OS0980,Business Listing,Social Platform,REF-OSINT-OS0980,2026-10-23T14:56:12,System,C0499
OS0981,Business Listing,Business Directory,REF-OSINT-OS0981,2026-06-05T04:01:37,Analyst User,C0499
OS0982,Social Media,News Archive,REF-OSINT-OS0982,2026-03-27T05:02:39,Analyst User,C0500
OS0983,Public Record,News Archive,REF-OSINT-OS0983,2026-06-05T17:22:37,System,C0500
OS0984,Public Record,News Archive,REF-OSINT-OS0984,2026-08-05T08:59:45,System,C0500
OS0985,Business Listing,Business Directory,REF-OSINT-OS0985,2026-07-30T04:45:26,System,C0501
OS0986,Forum Reference,Public Registry,REF-OSINT-OS0986,2026-02-12T19:19:56,Analyst User,C0501
OS0987,Web Source,Business Directory,REF-OSINT-OS0987,2026-08-26T23:22:59,System,C0501
OS0988,News,Business Directory,REF-OSINT-OS0988,2026-08-09T19:14:22,System,C0501
OS0989,Forum Reference,Social Platform,REF-OSINT-OS0989,2026-06-14T23:15:49,Analyst User,C0502
OS0990,Public Record,News Archive,REF-OSINT-OS0990,2026-11-11T13:39:19,Analyst User,C0503
OS0991,Business Listing,News Archive,REF-OSINT-OS0991,2026-08-18T07:15:44,System,C0504
OS0992,Web Source,Social Platform,REF-OSINT-OS0992,2026-10-22T09:59:24,System,C0504
OS0993,Web Source,Social Platform,REF-OSINT-OS0993,2026-05-18T18:12:16,System,C0505
OS0994,Forum Reference,Business Directory,REF-OSINT-OS0994,2026-05-19T20:36:36,System,C0505
OS0995,Public Record,News Archive,REF-OSINT-OS0995,2026-01-31T06:15:54,System,C0505
OS0996,Social Media,Social Platform,REF-OSINT-OS0996,2026-10-31T06:10:58,Analyst User,C0506
OS0997,Social Media,Social Platform,REF-OSINT-OS0997,2026-08-30T01:38:28,System,C0507
OS0998,Web Source,Public Registry,REF-OSINT-OS0998,2026-03-28T23:45:04,System,C0508
OS0999,Public Record,Social Platform,REF-OSINT-OS0999,2026-08-26T22:27:53,System,C0509
OS1000,Web Source,News Archive,REF-OSINT-OS1000,2026-06-30T05:32:41,Analyst User,C0510
OS1001,Public Record,Social Platform,REF-OSINT-OS1001,2026-07-26T06:43:29,Analyst User,C0511
OS1002,Social Media,Public Registry,REF-OSINT-OS1002,2026-07-25T14:03:38,System,C0511
OS1003,Business Listing,Social Platform,REF-OSINT-OS1003,2026-08-13T15:01:15,System,C0512
OS1004,Public Record,Social Platform,REF-OSINT-OS1004,2026-08-31T07:06:27,System,C0512
OS1005,Forum Reference,Business Directory,REF-OSINT-OS1005,2026-08-21T13:45:30,System,C0512
OS1006,Forum Reference,Public Registry,REF-OSINT-OS1006,2026-08-15T09:34:35,System,C0512
OS1007,Web Source,Business Directory,REF-OSINT-OS1007,2026-07-20T21:11:58,System,C0513
OS1008,Business Listing,News Archive,REF-OSINT-OS1008,2026-06-24T04:52:15,System,C0513
OS1009,News,Social Platform,REF-OSINT-OS1009,2026-08-14T09:40:11,System,C0514
OS1010,Forum Reference,News Archive,REF-OSINT-OS1010,2026-08-28T13:43:42,Analyst User,C0515
OS1011,News,News Archive,REF-OSINT-OS1011,2026-11-16T19:44:28,Analyst User,C0515
OS1012,Forum Reference,Public Registry,REF-OSINT-OS1012,2026-10-29T11:02:26,Analyst User,C0515
OS1013,Public Record,Public Registry,REF-OSINT-OS1013,2026-05-24T05:54:45,Analyst User,C0516
OS1014,Web Source,Social Platform,REF-OSINT-OS1014,2026-07-22T00:15:40,Analyst User,C0517
OS1015,Social Media,Public Registry,REF-OSINT-OS1015,2026-08-16T09:29:29,Analyst User,C0517
OS1016,Public Record,News Archive,REF-OSINT-OS1016,2026-11-27T12:33:31,System,C0517
OS1017,Social Media,Business Directory,REF-OSINT-OS1017,2026-03-18T19:50:15,Analyst User,C0518
OS1018,News,News Archive,REF-OSINT-OS1018,2026-05-18T18:04:23,Analyst User,C0519
OS1019,Social Media,Public Registry,REF-OSINT-OS1019,2026-08-15T13:14:13,System,C0519
OS1020,Forum Reference,Business Directory,REF-OSINT-OS1020,2026-06-28T22:31:50,System,C0519
OS1021,News,Public Registry,REF-OSINT-OS1021,2026-10-04T08:04:38,System,C0520
OS1022,Business Listing,Public Registry,REF-OSINT-OS1022,2026-05-16T00:56:50,Analyst User,C0521
OS1023,Social Media,Business Directory,REF-OSINT-OS1023,2026-03-25T08:51:18,Analyst User,C0522
OS1024,Web Source,Social Platform,REF-OSINT-OS1024,2026-08-07T07:43:02,Analyst User,C0523
OS1025,Public Record,Business Directory,REF-OSINT-OS1025,2026-08-13T06:04:52,System,C0523
OS1026,Social Media,Business Directory,REF-OSINT-OS1026,2026-08-14T11:27:47,System,C0523
OS1027,Business Listing,Social Platform,REF-OSINT-OS1027,2026-08-26T16:14:57,Analyst User,C0523
OS1028,News,Social Platform,REF-OSINT-OS1028,2026-07-02T17:50:54,System,C0524
OS1029,Forum Reference,Public Registry,REF-OSINT-OS1029,2026-04-18T02:27:52,Analyst User,C0525
OS1030,News,Business Directory,REF-OSINT-OS1030,2026-07-12T14:43:11,System,C0525
OS1031,Web Source,Public Registry,REF-OSINT-OS1031,2026-05-16T10:23:29,Analyst User,C0526
OS1032,Web Source,Business Directory,REF-OSINT-OS1032,2026-08-01T09:22:39,System,C0527
OS1033,News,News Archive,REF-OSINT-OS1033,2026-03-27T11:19:16,Analyst User,C0527
OS1034,Public Record,Public Registry,REF-OSINT-OS1034,2026-11-21T11:04:57,System,C0527
OS1035,Public Record,News Archive,REF-OSINT-OS1035,2026-12-18T10:37:34,Analyst User,C0527
OS1036,Forum Reference,Social Platform,REF-OSINT-OS1036,2026-08-20T08:27:13,Analyst User,C0528
OS1037,News,News Archive,REF-OSINT-OS1037,2026-05-25T06:47:06,Analyst User,C0529
OS1038,News,Public Registry,REF-OSINT-OS1038,2026-07-09T22:16:09,System,C0529
OS1039,Forum Reference,Social Platform,REF-OSINT-OS1039,2026-04-15T01:39:56,System,C0530
OS1040,Public Record,Business Directory,REF-OSINT-OS1040,2026-04-29T07:09:16,Analyst User,C0531
OS1041,Business Listing,Public Registry,REF-OSINT-OS1041,2026-07-26T11:29:57,Analyst User,C0532
OS1042,Forum Reference,Public Registry,REF-OSINT-OS1042,2026-11-13T13:10:58,Analyst User,C0533
OS1043,Forum Reference,Social Platform,REF-OSINT-OS1043,2026-12-08T18:39:13,System,C0533
OS1044,Public Record,News Archive,REF-OSINT-OS1044,2026-07-20T19:13:07,Analyst User,C0533
OS1045,Forum Reference,News Archive,REF-OSINT-OS1045,2026-10-06T03:52:18,Analyst User,C0533
OS1046,Forum Reference,Public Registry,REF-OSINT-OS1046,2026-06-14T15:05:13,System,C0534
OS1047,Web Source,Business Directory,REF-OSINT-OS1047,2026-04-08T05:36:19,Analyst User,C0534
OS1048,Public Record,Social Platform,REF-OSINT-OS1048,2026-06-11T08:59:03,Analyst User,C0534
OS1049,News,Business Directory,REF-OSINT-OS1049,2026-05-19T04:39:52,System,C0534
OS1050,Social Media,Public Registry,REF-OSINT-OS1050,2026-04-01T20:04:14,Analyst User,C0535
OS1051,Social Media,Public Registry,REF-OSINT-OS1051,2026-04-18T13:47:33,System,C0535
OS1052,Public Record,Business Directory,REF-OSINT-OS1052,2026-05-19T02:13:35,Analyst User,C0535
OS1053,Social Media,Business Directory,REF-OSINT-OS1053,2026-06-30T14:30:52,System,C0535
OS1054,Business Listing,Social Platform,REF-OSINT-OS1054,2026-11-11T00:02:38,System,C0536
OS1055,Web Source,News Archive,REF-OSINT-OS1055,2026-07-01T16:30:57,System,C0537
OS1056,Web Source,Social Platform,REF-OSINT-OS1056,2026-12-06T08:38:05,Analyst User,C0537
OS1057,Business Listing,Social Platform,REF-OSINT-OS1057,2026-08-18T18:59:49,Analyst User,C0538
OS1058,Public Record,Social Platform,REF-OSINT-OS1058,2026-11-11T21:26:09,Analyst User,C0539
OS1059,Forum Reference,Business Directory,REF-OSINT-OS1059,2026-07-22T11:18:14,Analyst User,C0539
OS1060,Public Record,Public Registry,REF-OSINT-OS1060,2026-10-31T12:42:26,System,C0540
OS1061,Social Media,News Archive,REF-OSINT-OS1061,2026-07-06T09:38:50,Analyst User,C0540
OS1062,Social Media,Business Directory,REF-OSINT-OS1062,2026-07-11T21:26:52,System,C0540
OS1063,Business Listing,News Archive,REF-OSINT-OS1063,2026-10-08T13:38:55,System,C0540
OS1064,Social Media,News Archive,REF-OSINT-OS1064,2026-05-10T19:50:20,Analyst User,C0541
OS1065,News,Social Platform,REF-OSINT-OS1065,2026-08-30T07:26:59,Analyst User,C0542
OS1066,Business Listing,Public Registry,REF-OSINT-OS1066,2026-08-25T22:56:51,Analyst User,C0543
OS1067,Web Source,News Archive,REF-OSINT-OS1067,2026-08-02T04:05:05,System,C0543
OS1068,Web Source,Business Directory,REF-OSINT-OS1068,2026-10-15T09:08:19,Analyst User,C0543
OS1069,Web Source,Business Directory,REF-OSINT-OS1069,2026-01-13T09:38:22,Analyst User,C0543
OS1070,Public Record,News Archive,REF-OSINT-OS1070,2026-07-25T20:31:41,System,C0544
OS1071,News,Business Directory,REF-OSINT-OS1071,2026-08-29T17:38:52,Analyst User,C0545
OS1072,Forum Reference,Business Directory,REF-OSINT-OS1072,2026-07-17T18:10:55,System,C0546
OS1073,Public Record,Public Registry,REF-OSINT-OS1073,2026-08-30T21:44:57,System,C0546
OS1074,News,Social Platform,REF-OSINT-OS1074,2026-08-01T06:25:59,Analyst User,C0546
OS1075,Social Media,Public Registry,REF-OSINT-OS1075,2026-08-21T01:34:52,Analyst User,C0546
OS1076,Web Source,Social Platform,REF-OSINT-OS1076,2026-07-24T05:52:49,Analyst User,C0547
OS1077,Social Media,Public Registry,REF-OSINT-OS1077,2026-08-21T08:37:21,System,C0547
OS1078,Public Record,News Archive,REF-OSINT-OS1078,2026-04-17T15:35:20,Analyst User,C0548
OS1079,Forum Reference,News Archive,REF-OSINT-OS1079,2026-08-18T17:17:06,System,C0549
OS1080,Web Source,Social Platform,REF-OSINT-OS1080,2026-06-05T03:13:24,Analyst User,C0550
OS1081,Public Record,Public Registry,REF-OSINT-OS1081,2026-08-03T09:57:37,System,C0550
OS1082,News,Business Directory,REF-OSINT-OS1082,2026-03-28T15:54:52,Analyst User,C0551
OS1083,Business Listing,Public Registry,REF-OSINT-OS1083,2026-08-07T06:21:27,Analyst User,C0552
OS1084,Public Record,Public Registry,REF-OSINT-OS1084,2026-05-16T13:17:36,Analyst User,C0552
OS1085,Web Source,Business Directory,REF-OSINT-OS1085,2026-06-06T19:03:54,Analyst User,C0552
